id,name,category,standard,coverage,scope,base_product,machining,n_tabs,tabs,current_tabs,n_live_links,vendors,text_only_sources,aliases,notes,qty:voron-2.4,qty:voron-trident,qty:voron-0.2,qty:voron-switchwire,qty:voron-cascade,qty:stealthburner,qty:optional-parts,qty:tools,qty:afterburner,qty:voron-m4,qty:mobius-3.1,qty:jetpack,qty:voron-0,qty:voron-0.1,qty:voron-1.8,qty:voron-1.6.2,qty:voron-2.2,link_1,link_2,link_3,link_4,link_5,link_6,link_7,link_8,link_9,link_10,link_11,link_1_url,link_2_url,link_3_url,link_4_url,link_5_url,link_6_url,link_7_url,link_8_url,link_9_url,link_10_url,link_11_url
bowden.bowden-clip,Bowden Clip,Bowden,,all_live,,,,2,voron-m4 mobius-3.1,,1,AliExpress,,Bowden Clips,Worth getting spares,,,,,,,,,,1,2,,,,,,,TriangleLab,,,,,,,,,,,https://www.aliexpress.com/item/32892392365.html,,,,,,,,,,
bowden.bowden-fitting,Bowden Fitting,Bowden,,all_live,,,,6,voron-0.2 voron-m4 mobius-3.1 jetpack voron-0 voron-0.1,voron-0.2,2,AliExpress,,,"bowden only, one for the hotend one for the Pocketwatch / This is the only known source of these, buy some spares / on for the hotend one for the Pocketwatch",,,2,,,,,,,1,2,1,2,2,,,,TriangleLab,TriangleLab,,,,,,,,,,https://s.click.aliexpress.com/e/_dZNWAU4,https://www.aliexpress.com/item/32934148155.html,,,,,,,,,
bowden.bowden-tube-4mm-od-3mm-id,Bowden Tube 4mm OD/3mm ID,Bowden,,none_live,,,,1,jetpack,,0,,,,,,,,,,,,,,,,3m,,,,,,,,,,,,,,,,,,,,,,,,,,,
bowden.bowden-tubing-4mmod-2mmid-1-meter,Bowden Tubing 4mmOD 2mmID (1 meter),Bowden,,partial,,,,3,voron-0.2 voron-0 voron-0.1,voron-0.2,2,AliExpress,,,"if you are going direct drive using 4mmODx3mmID ptfe tubing can reduce drag on the filament, if you are going bowden use 2mm ID tubing",,,1,,,,,,,,,,1,1,,,,Aliexpress,Aliexpress (4mmx3mm),,,,,,,,,,https://s.click.aliexpress.com/e/_dY9tW7w,https://s.click.aliexpress.com/e/_DlmJrQ7,,,,,,,,,
buildplate.aluminum-build-plate-mic6-atp-5-jig-plate-etc-5-16in-or-8mm-depending-on-whats-available-in-your-country.v2,Aluminum Build Plate (MIC6/ATP-5/Jig Plate/etc) (5/16in or 8mm depending on whats available in your country),Buildplate,,all_live,v2,,,2,voron-2.4 voron-2.2,voron-2.4,1,clever3d.de,,,"Thicker material is fine too, just keep in mind your heat up times will greatly increase",1@250; 1@300; 1@350,,,,,,,,,,,,,,,,1@250; 1@300; 1@350,Clever3D.de,,,,,,,,,,,https://clever3d.de/epages/7a4290fc-7c7f-46cc-9b99-eadef22228e2.sf/en_US?ObjectPath=%2FShops%2F7a4290fc-7c7f-46cc-9b99-eadef22228e2%2FProducts%2FAluGuss8mm,,,,,,,,,,
buildplate.aluminum-build-plate-mic6-atp-5-jig-plate-etc-5-16in-or-8mm-depending-on-whats-available-in-your-country.voron-trident,Aluminum Build Plate (MIC6/ATP-5/Jig Plate/etc) (5/16in or 8mm depending on whats available in your country),Buildplate,,all_live,voron-trident,,,1,voron-trident,voron-trident,2,mandalaroseworks.com | clever3d.de,,,"Thicker material is fine too, just keep in mind your heat up times will greatly increase",,"10x10""@250; 12x12""@300; 14x14""@350",,,,,,,,,,,,,,,,Mandala Rose Works,Clever3D.de,,,,,,,,,,https://www.mandalaroseworks.com/shop/voron,https://clever3d.de/epages/7a4290fc-7c7f-46cc-9b99-eadef22228e2.sf/en_US?ObjectPath=%2FShops%2F7a4290fc-7c7f-46cc-9b99-eadef22228e2%2FProducts%2FAluGuss8mm,,,,,,,,,
buildplate.aluminum-build-plate-mic6-atp-5-jig-plate-etc-5-16in-or-8mm-depending-on-whats-available-in-your-country.v1,Aluminum Build Plate (MIC6/ATP-5/Jig Plate/etc) (5/16in or 8mm depending on whats available in your country),Buildplate,,all_live,v1,,,2,voron-1.8 voron-1.6.2,,1,clever3d.de,,,"Thicker material is fine too, just keep in mind your heat up times will greatly increase",,,,,,,,,,,,,,,"10x10""@250; 12x12""@300",1,,Clever3D.de,,,,,,,,,,,https://clever3d.de/epages/7a4290fc-7c7f-46cc-9b99-eadef22228e2.sf/en_US?ObjectPath=%2FShops%2F7a4290fc-7c7f-46cc-9b99-eadef22228e2%2FProducts%2FAluGuss8mm,,,,,,,,,,
buildplate.aluminum-build-plate-mic6-atp-5-jig-plate-etc-120x120mm-4-75inx4-75in-1-4in-or-6mm-depending-on-whats-available-in-your-country.v0,Aluminum Build Plate (MIC6/ATP-5/Jig Plate/etc) 120x120mm (4.75inx4.75in) (1/4in or 6mm depending on whats available in your country),Buildplate,,all_live,v0,,,3,voron-0.2 voron-0 voron-0.1,voron-0.2,1,clever3d.de,Local material supplier,,"Thicker material is fine too, just keep in mind your heat up times will greatly increase and youll lose z heght for however much thicker you go",,,1,,,,,,,,,,1,1,,,,Clever3D.de,,,,,,,,,,,https://clever3d.de/epages/7a4290fc-7c7f-46cc-9b99-eadef22228e2.sf/en_US?ObjectPath=%2FShops%2F7a4290fc-7c7f-46cc-9b99-eadef22228e2%2FProducts%2FAluGuss8mm,,,,,,,,,,
buildplate.high-temperature-magnet,High Temperature Magnet,Buildplate,,partial,,,,1,optional-parts,optional-parts,1,McMaster-Carr,,,,,,,,,,optional,,,,,,,,,,,McMaster-Carr,,,,,,,,,,,https://www.mcmaster.com/7301T25/,,,,,,,,,,
buildplate.magnetic-sheet-pei-optional,Magnetic Sheet + PEI (optional),Buildplate,,all_live,,,,1,voron-2.4,voron-2.4,1,AliExpress,,,,1,,,,,,,,,,,,,,,,,Aliexpress,,,,,,,,,,,https://www.aliexpress.com/item/2251832800625551.html,,,,,,,,,,
buildplate.magnetic-sheet-for-spring-steel-plate-120x120-optional,Magnetic sheet for spring steel plate 120x120 (OPTIONAL),Buildplate,,all_live,,,,2,voron-0.2 voron-0.1,voron-0.2,1,McMaster-Carr,,,,,,1,,,,,,,,,,,1,,,,Mcmaster Carr,,,,,,,,,,,https://www.mcmaster.com/7301T21/,,,,,,,,,,
buildplate.pei-3m-468p-200mp,PEI + 3M 468P (200MP),Buildplate,,partial,,,,8,voron-2.4 voron-trident voron-0.2 voron-0 voron-0.1 voron-1.8 voron-1.6.2 voron-2.2,voron-2.4 voron-trident voron-0.2,4,catalog.cshyde.com,,,if you go with the flex plate you dont need extra PEI,1@250; 1@300; 1@350,,1,,,,,,,,,,1,1,,1,1@250; 1@300; 1@350,CSHyde (Trim),CSHyde,CS Hyde,CSHyde,,,,,,,,https://catalog.cshyde.com/item/pei-ultem/int-surface-10-mil-ultem-pei-w-3m-acrylic-adhesive/36-10a-3d-9-84-12-40,https://catalog.cshyde.com/item/pei-ultem/int-surface-10-mil-ultem-pei-w-3m-acrylic-adhesive/36-10a-3d-12x12,https://catalog.cshyde.com/item/pei-sheet-3d-printing-build-surface/10-mil-ultem-pei-w-3m-acrylic-adhesive/36-10a-3d-4-7x4-7,https://catalog.cshyde.com/item/pei-ultem/int-surface-10-mil-ultem-pei-w-3m-acrylic-adhesive/36-10a-3d-14x14,,,,,,,
buildplate.prusa-mk3-y-carrier,Prusa MK3 Y Carrier,Buildplate,,all_live,,,,1,voron-switchwire,voron-switchwire,2,AliExpress | Printed Solid,X,,,,,,1,,,,,,,,,,,,,,AliExpress,Printed Solid,,,,,,,,,,https://s.click.aliexpress.com/e/_d7QoTpE,https://www.printedsolid.com/products/ldo-y-carriage-for-mk3?variant=32431285043285,,,,,,,,,
buildplate.prusa-mk52-heated-bed-24v,Prusa MK52 Heated Bed - 24V,Buildplate,,all_live,,,,1,voron-switchwire,voron-switchwire,1,AliExpress,X,,Option 1: Heated bed only; Option 2: heated bed + Double sided Textured PEI Spring,,,,1,,,,,,,,,,,,,,AliExpress,,,,,,,,,,,https://s.click.aliexpress.com/e/_dVSICze,,,,,,,,,,
buildplate.silicone-ac-120v-240v-heater-100x100mm-100w,Silicone AC 120V/240V Heater 100x100mm 100W,Buildplate,,partial,,,,1,voron-0,,1,keenovo.store,,,,,,,,,,,,,,,,1,,,,,Keenovo,,,,,,,,,,,https://keenovo.store/collections/standard-keenovo-silicone-heaters/products/keenovo-square-silicone-heater-3d-printer-build-plate-heatbed-heating-pad?variant=8324020666423,,,,,,,,,,
buildplate.silicone-ac-heater-200x200mm,Silicone AC Heater 200x200mm,Buildplate,,all_live,,,,5,voron-2.4 voron-trident voron-1.8 voron-1.6.2 voron-2.2,voron-2.4 voron-trident,2,keenovo.store,,,"The heater size and power rating are not critical to have exactly at spec. The mat needs to be smaller than the bed so you have room for mounting hardware and an external thermal fuse. If the mat is underpowered, it will take longer to heat your bed. If it is overpowered, you can use firmware control to have it use less power. Using an overpowered heater at max power will heat your bed faster but make it more prone to warping. Choose an AC voltage suitable for your region. you do not need a thermoSTAT / The heater size and power rating are not critical to have exactly at spec. The mat needs to be smaller than the bed so you have room for mounting hardware and an external thermal fuse. If the mat is underpowered, it will take longer to heat your bed. If it is overpowered, you can use firmware control to have it use less power. Using an overpowered heater at max power will heat your bed faster but make it more prone to warping. Choose an AC voltage suitable for your region. / use the heater specd in the link for your specific build",1@250,,,,,,,,,,,,,,,1,1@250,Keenovo (120v),Keenovo (220v),,,,,,,,,,https://keenovo.store/collections/standard-keenovo-silicone-heaters/products/keenovo-square-silicone-heater-3d-printer-build-plate-heatbed-heating-pad?variant=8324020731959,https://keenovo.store/collections/standard-keenovo-silicone-heaters/products/keenovo-square-silicone-heater-3d-printer-build-plate-heatbed-heating-pad?variant=8324020764727,,,,,,,,,
buildplate.silicone-ac-heater-240x240mm,Silicone AC Heater 240x240mm,Buildplate,,all_live,,,,3,voron-trident voron-1.8 voron-2.2,voron-trident,2,keenovo.store,,,,,,,,,,,,,,,,,,,,1@300,Keenovo (120v),Keenovo (220v),,,,,,,,,,https://keenovo.store/collections/standard-keenovo-silicone-heaters/products/keenovo-square-silicone-heater-3d-printer-build-plate-heatbed-heating-pad?variant=8324020928567,https://keenovo.store/collections/standard-keenovo-silicone-heaters/products/keenovo-square-silicone-heater-3d-printer-build-plate-heatbed-heating-pad?variant=8324020961335,,,,,,,,,
buildplate.silicone-ac-heater-250x250mm,Silicone AC Heater 250x250mm,Buildplate,,all_live,,,,1,voron-2.4,voron-2.4,2,keenovo.store,,,,1@300,,,,,,,,,,,,,,,,,Keenovo (120v),Keenovo (220v),,,,,,,,,,https://keenovo.store/collections/standard-keenovo-silicone-heaters/products/keenovo-square-silicone-heater-3d-printer-build-plate-heatbed-heating-pad?variant=8324020928567,https://keenovo.store/collections/standard-keenovo-silicone-heaters/products/keenovo-square-silicone-heater-3d-printer-build-plate-heatbed-heating-pad?variant=8324020961335,,,,,,,,,
buildplate.silicone-ac-heater-300x300mm,Silicone AC Heater 300x300mm,Buildplate,,all_live,,,,3,voron-2.4 voron-trident voron-2.2,voron-2.4 voron-trident,2,keenovo.store,,,,1@350,,,,,,,,,,,,,,,,1@350,Keenovo (120v),Keenovo (220v),,,,,,,,,,https://keenovo.store/collections/standard-keenovo-silicone-heaters/products/keenovo-square-silicone-heater-3d-printer-build-plate-heatbed-heating-pad?variant=8324021092407,https://keenovo.store/collections/standard-keenovo-silicone-heaters/products/keenovo-square-silicone-heater-3d-printer-build-plate-heatbed-heating-pad?variant=8324021125175,,,,,,,,,
buildplate.silicone-dc-24v-heater-100x100mm-60w,Silicone DC 24V Heater 100x100mm 60W,Buildplate,,all_live,,,,2,voron-0.2 voron-0.1,voron-0.2,1,keenovo.store,,,,,,1,,,,,,,,,,,1,,,,Keenovo,,,,,,,,,,,https://keenovo.store/collections/standard-keenovo-silicone-heaters/products/keenovo-square-silicone-heater-3d-printer-build-plate-heatbed-heating-pad?variant=33194097803404,,,,,,,,,,
buildplate.spring-steel-bed-kit-with-pei-and-magnet,Spring Steel Bed Kit with PEI and Magnet,Buildplate,,partial,,,,1,optional-parts,optional-parts,1,AliExpress,,,,,,,,,,optional@230; optional@250; optional@300; optional@350,,,,,,,,,,,Powdercoated PEI,,,,,,,,,,,https://www.aliexpress.com/item/4000138916012.html,,,,,,,,,,
buildplate.spring-steel-flex-buildplate-120x120mm-optional,Spring Steel Flex Buildplate 120x120mm (OPTIONAL),Buildplate,,all_live,,,,3,voron-0.2 voron-0 voron-0.1,voron-0.2,1,AliExpress,,,"pick texture option for texture plate with smooth on opposite side, smooth option is smooth on both sides, ""base"" refers to the magnet which is not very good, better to buy a stronger 3rd party one",,,1,,,,,,,,,,1,1,,,,Aliexpress,,,,,,,,,,,https://s.click.aliexpress.com/e/_dXbCEmC,,,,,,,,,,
buildplate.spring-steel-sheet-for-prusa-mk52-bed-included-with-tl-heated-bed,Spring Steel Sheet for Prusa MK52 Bed (included with TL Heated Bed),Buildplate,,no_links,,,,1,voron-switchwire,voron-switchwire,0,,X,,,,,,1,,,,,,,,,,,,,,,,,,,,,,,,,,,,,,,,,,,
buildplate.yellow-die-springs-8x4x20mm,yellow die springs 8x4x20mm,Buildplate,,partial,,,,4,voron-0.2 voron-0 voron-0.1 voron-1.8,voron-0.2,2,AliExpress | Amazon,,,,,,3,,,,,,,,,,3,3,1,,,Aliexpress,Amazon [Affilaite Link],,,,,,,,,,https://s.click.aliexpress.com/e/_dUTJIFD,https://amzn.to/2KGsHzJ,,,,,,,,,
cables.10x11-cable-chain-openable-1m,10x11 Cable Chain - Openable (1m),Cables,,partial,,,,1,voron-switchwire,voron-switchwire,1,Amazon,,,"X Chain - 18 Links, Y Chain - 15 Links, Z Chain - 26 Links",,,,2,,,,,,,,,,,,,,Amazon,,,,,,,,,,,https://www.amazon.com/dp/B07QLGWQ1L,,,,,,,,,,
cables.10x11mm-1-meter-with-2-end-sets-2-fixed-end-2-free-end-r18-18mm-radius,"10x11mm - 1 meter with 2 end sets (2 fixed end, 2 free end), R18 (18mm radius)",Cables,,partial,,,,1,voron-1.8,,1,Amazon,,,,,,,,,,,,,,,,,,1,,,Amazon,,,,,,,,,,,https://www.amazon.com/dp/B07QLGWQ1L,,,,,,,,,,
cables.10x11mm-1-meter-with-3-end-sets-3-fixed-end-3-free-end-r18-18mm-radius,"10x11mm - 1 meter with 3 end sets (3 fixed end, 3 free end), R18 (18mm radius)",Cables,,partial,,,,1,voron-trident,voron-trident,1,Amazon,,,"Requires a total of 3 end sets, X,Y,Z all need a piece of chain with end links, total length of all the chain is 1 meter",,1,,,,,,,,,,,,,,,,Amazon,,,,,,,,,,,https://www.amazon.com/dp/B07QLGWQ1L,,,,,,,,,,
cables.16awg-silicone-cable-10ft-total,16AWG Silicone Cable (10ft total),Cables,,none_live,,,,1,voron-switchwire,voron-switchwire,0,,,,,,,,1,,,,,,,,,,,,,,,,,,,,,,,,,,,,,,,,,,,
cables.18awg-ptfe-wire-wire-10ft-total,18AWG PTFE wire wire (10ft total),Cables,,none_live,,,,1,voron-trident,voron-trident,0,,,,,,1,,,,,,,,,,,,,,,,,,,,,,,,,,,,,,,,,,,,,
cables.18awg-silicone-cable-10ft-total,18AWG Silicone Cable (10ft total),Cables,,all_live,,,,1,voron-2.4,voron-2.4,2,Amazon | AliExpress,,,"Since Lian has 4-6 conductor ribbon cable in a few difference sizes, makes wiring a bit easier through the cable chains",1,,,,,,,,,,,,,,,,,Striveday,Striveday,,,,,,,,,,https://www.amazon.com/dp/B01LH1G2IE,https://www.aliexpress.com/item/32872395185.html,,,,,,,,,
cables.20awg-ptfe-wire-10ft-total,20AWG PTFE wire (10ft total),Cables,,none_live,,,,1,voron-trident,voron-trident,0,,,,,,1,,,,,,,,,,,,,,,,,,,,,,,,,,,,,,,,,,,,,
cables.20awg-silicone-cable-10ft-total,20AWG Silicone Cable (10ft total),Cables,,all_live,,,,1,voron-switchwire,voron-switchwire,2,AliExpress | Amazon,,,,,,,1,,,,,,,,,,,,,,Striveday,Striveday,,,,,,,,,,https://www.aliexpress.com/item/32872395185.html,https://www.amazon.com/dp/B01LH1G2IE,,,,,,,,,
cables.20awg-silicone-cable-25ft-total,20AWG Silicone Cable (25ft total),Cables,,none_live,,,,1,voron-1.8,,0,,,,,,,,,,,,,,,,,,,1,,,,,,,,,,,,,,,,,,,,,,,,
cables.20awg-silicone-cable-50ft-total,20AWG Silicone Cable (50ft total),Cables,,none_live,,,,1,voron-2.2,,0,,,,,,,,,,,,,,,,,,,,,1,,,,,,,,,,,,,,,,,,,,,,
cables.22awg-ptfe-wire-100ft-total,22AWG PTFE wire (100ft total),Cables,,none_live,,,,1,voron-trident,voron-trident,0,,,,"24AWG is sufficent, however make sure it is high strand count: 7 strand wire will break in the cable chains",,1,,,,,,,,,,,,,,,,,,,,,,,,,,,,,,,,,,,,,
cables.22awg-ptfe-wire-250ft-total,22AWG PTFE wire (250ft total),Cables,,none_live,,,,1,voron-2.4,voron-2.4,0,,,,,1,,,,,,,,,,,,,,,,,,,,,,,,,,,,,,,,,,,,,,
cables.24awg-ptfe-cable-30ft-total,24AWG PTFE Cable (30ft total),Cables,,no_links,,,,1,stealthburner,stealthburner,0,,,,,,,,,,1,,,,,,,,,,,,,,,,,,,,,,,,,,,,,,,,,
cables.24awg-silicone-cable-100ft-total,24AWG Silicone Cable (100ft total),Cables,,all_live,,,,1,voron-switchwire,voron-switchwire,2,AliExpress | Amazon,,,"Since Lian has 4-6 conductor ribbon cable in a few difference sizes, makes wiring a bit easier through the cable chains",,,,1,,,,,,,,,,,,,,Striveday,Striveday,,,,,,,,,,https://www.aliexpress.com/item/32872395185.html,https://www.amazon.com/dp/B01LH1G2IE,,,,,,,,,
cables.24awg-silicone-cable-120ft-total,24AWG Silicone Cable (120ft total),Cables,,partial,,,,1,voron-2.2,,2,AliExpress | Amazon,,,"Since Lian has 4-6 conductor ribbon cable in a few difference sizes, makes wiring a bit easier through the cable chains",,,,,,,,,,,,,,,,,1,Striveday,Striveday,,,,,,,,,,https://www.aliexpress.com/item/32872395185.html,https://www.amazon.com/dp/B01LH1G2IE,,,,,,,,,
cables.24awg-silicone-cable-50ft-total,24AWG Silicone Cable (50ft total),Cables,,partial,,,,1,voron-1.8,,2,AliExpress | Amazon,,,"Since Lian has 4-6 conductor ribbon cable in a few difference sizes, makes wiring a bit easier through the cable chains. Always buy extras, lengths are approximate",,,,,,,,,,,,,,,1,,,Striveday,Striveday,,,,,,,,,,https://www.aliexpress.com/item/32872395185.html,https://www.amazon.com/dp/B01LH1G2IE,,,,,,,,,
cables.2mmx100mm-zip-ties,2mmx100mm zip ties,Cables,,all_live,,,,2,voron-0.2 voron-0.1,voron-0.2,1,AliExpress,,,,,,1,,,,,,,,,,,1,,,,Aliexpress,,,,,,,,,,,https://s.click.aliexpress.com/e/_99um6r,,,,,,,,,,
cables.30awg-ptfe-cable-3ft-total,30AWG PTFE Cable (3ft total),Cables,,no_links,,,,1,stealthburner,stealthburner,0,,,,,,,,,,1,,,,,,,,,,,,,,,,,,,,,,,,,,,,,,,,,
cables.7mm-x-7mm-cable-chain-less-than-1-2-meter-needed,7mm x 7mm cable chain (less than 1/2 meter needed),Cables,,all_live,,,,3,voron-0.2 voron-0 voron-0.1,voron-0.2,1,Amazon,printed belt chain,,,,,1,,,,,,,,,,1,1,,,,Amazon [Affiliate Link],,,,,,,,,,,https://amzn.to/2VIUE08,,,,,,,,,,
cables.dupont-2-pin-connector,Dupont 2 Pin Connector,Cables,,no_links,,,,2,voron-trident voron-1.8,voron-trident,0,,,,For feeding power into the Pi,,1,,,,,,,,,,,,,1,,,,,,,,,,,,,,,,,,,,,,,,
cables.dupont-connector-plug-2-position,DuPont Connector Plug 2 Position,Cables,,all_live,,,,1,voron-2.2,,1,Digi-Key,,,,,,,,,,,,,,,,,,,,4,Digikey,,,,,,,,,,,https://www.digikey.com/product-detail/en/amphenol-icc-fci/65039-035ELF/609-5483-ND/4272534,,,,,,,,,,
cables.dupont-connector-plug-3-position,DuPont Connector Plug 3 Position,Cables,,all_live,,,,1,voron-2.2,,1,Digi-Key,,,,,,,,,,,,,,,,,,,,4,Digikey,,,,,,,,,,,https://www.digikey.com/product-detail/en/amphenol-icc-fci/65039-034ELF/609-5482-ND/4272533,,,,,,,,,,
cables.dupont-connector-plug-4-position,DuPont Connector Plug 4 Position,Cables,,all_live,,,,1,voron-2.2,,1,Digi-Key,,,,,,,,,,,,,,,,,,,,4,Digikey,,,,,,,,,,,https://www.digikey.com/product-detail/en/amphenol-icc-fci/65039-033ELF/609-5481-ND/4272532,,,,,,,,,,
cables.dupont-female-pin,Dupont Female Pin,Cables,,all_live,,,,3,voron-trident voron-1.8 voron-2.2,voron-trident,2,Digi-Key | Amazon,,DuPont Female Pin,"for RAMPs boards only, see optional parts for other controllers",,2,,,,,,,,,,,,,2,,40,Digikey,Amazon,,,,,,,,,,https://www.digikey.com/product-detail/en/amphenol-icc-fci/47649-000LF/609-3614-1-ND/2044035,https://www.amazon.com/dp/B01G0I0ZZK,,,,,,,,,
cables.fork-spade-terminal,Fork Spade Terminal,Cables,,all_live,,,,5,voron-2.4 voron-trident voron-switchwire voron-1.8 voron-2.2,voron-2.4 voron-trident voron-switchwire,1,Digi-Key,,,for power supply and SSR / for power supply,15,,,15,,,,,,,,,,,,,15,Digikey,,,,,,,,,,,https://www.digikey.com/products/en,,,,,,,,,,
cables.igus-e2-100-10-12pz-chain-ends,IGUS E2-100-10-12PZ Chain Ends,Cables,,no_links,,,,1,voron-2.4,voron-2.4,0,,,,X/Y Chain End link sets,2,,,,,,,,,,,,,,,,,,,,,,,,,,,,,,,,,,,,,,
cables.igus-e2-15-10-028-0-chain,IGUS E2-15-10-028-0 Chain,Cables,,no_links,,,,1,voron-2.4,voron-2.4,0,,,,"Z Chain, (250 - 22 links) (300 - 25 links) (350 - 28 links) *adjust travel distance untill desired number of links is shown*",1,,,,,,,,,,,,,,,,,,,,,,,,,,,,,,,,,,,,,,
cables.igus-e2-150-10-12pz-chain-ends,IGUS E2-150-10-12PZ Chain Ends,Cables,,no_links,,,,1,voron-2.4,voron-2.4,0,,,,Z Chain End link sets,1,,,,,,,,,,,,,,,,,,,,,,,,,,,,,,,,,,,,,,
cables.igus-e2i-10-10-018-0-chain,IGUS E2i-10-10-018-0 Chain,Cables,,no_links,,,,1,voron-2.4,voron-2.4,0,,,,X/Y Chain (250 - 16 links) (300 - 19 links) (350 - 21 links) *adjust travel distance untill desired number of links is shown*,2,,,,,,,,,,,,,,,,,,,,,,,,,,,,,,,,,,,,,,
cables.insulated-crimp-receptical,Insulated Crimp Receptical,Cables,,all_live,,,,8,voron-2.4 voron-trident voron-0.2 voron-switchwire voron-0 voron-0.1 voron-1.8 voron-2.2,voron-2.4 voron-trident voron-0.2 voron-switchwire,2,Digi-Key,direct solder,,for Power Inlet (6.35mm) / for connecting to AC power inlet / for connecting to crydom ssr,10,,4,10,,,,,,,,,4,4,,,10,Digikey,Digikey,,,,,,,,,,https://www.digikey.com/products/en,https://www.digikey.com/product-detail/en/te-connectivity-amp-connectors/2-520181-2/A27804TR-ND/289246,,,,,,,,,
cables.jst-connectors-2pin-3pin-4pin,"JST connectors (2pin,3pin,4pin)",Cables,,partial,,,,1,voron-0,,1,Amazon,,,,,,,,,,,,,,,,1,,,,,Amazon [Affiliate Link],,,,,,,,,,,https://amzn.to/2W3RSl6,,,,,,,,,,
cables.jst-connectors-2pin-3pin-4pin-5pin,"JST connectors (2pin,3pin,4pin,5pin)",Cables,,all_live,,,,2,voron-0.2 voron-0.1,voron-0.2,1,Amazon,,,,,,1,,,,,,,,,,,1,,,,Amazon [Affiliate Link],,,,,,,,,,,https://amzn.to/2W3RSl6,,,,,,,,,,
cables.jst-xh-connector-plug-2-position,JST-XH Connector Plug 2 Position,Cables,,all_live,,,,4,voron-2.4 voron-trident voron-switchwire voron-1.8,voron-2.4 voron-trident voron-switchwire,1,Digi-Key,Molex for Einsy,,,4,4,,4,,,,,,,,,,,4,,,Digikey,,,,,,,,,,,https://www.digikey.com/product-detail/en/amphenol-icc-fci/65039-035ELF/609-5483-ND/4272534,,,,,,,,,,
cables.jst-xh-connector-plug-3-position,JST-XH Connector Plug 3 Position,Cables,,all_live,,,,4,voron-2.4 voron-trident voron-switchwire voron-1.8,voron-2.4 voron-trident voron-switchwire,1,Digi-Key,Molex for Einsy,,,4,4,,4,,,,,,,,,,,4,,,Digikey,,,,,,,,,,,https://www.digikey.com/product-detail/en/amphenol-icc-fci/65039-034ELF/609-5482-ND/4272533,,,,,,,,,,
cables.jst-xh-connector-plug-4-position,JST-XH Connector Plug 4 Position,Cables,,all_live,,,,4,voron-2.4 voron-trident voron-switchwire voron-1.8,voron-2.4 voron-trident voron-switchwire,1,Digi-Key,Molex for Einsy,,,4,5,,4,,,,,,,,,,,5,,,Digikey,,,,,,,,,,,https://www.digikey.com/product-detail/en/amphenol-icc-fci/65039-033ELF/609-5481-ND/4272532,,,,,,,,,,
cables.jst-xh-female-pin,JST-XH Female Pin,Cables,,partial,,,,4,voron-2.4 voron-trident voron-switchwire voron-1.8,voron-2.4 voron-trident voron-switchwire,3,Digi-Key | Amazon,Molex for Einsy,,"Most modern boards use JST XH connectors for fan, stepper, thermistor, and endstop connections, but be sure to check the documentation for your board. / for SKR boards only, see optional parts for other controllers / for RAMPs boards only, see optional parts for other controllers",40,40,,40,,,,,,,,,,,40,,,Digikey,Amazon,Amazon,,,,,,,,,https://www.digikey.com/product-detail/en/amphenol-icc-fci/47649-000LF/609-3614-1-ND/2044035,https://www.amazon.com/dp/B015Y6JOUG,https://www.amazon.com/dp/B01G0I0ZZK,,,,,,,,
cables.microfit-connector-plug-2-position-43640-0201,MicroFit Connector Plug 2 Position (43640-0201),Cables,,all_live,,,,5,voron-2.4 voron-trident voron-switchwire voron-1.8 voron-2.2,voron-2.4 voron-trident voron-switchwire,1,Digi-Key,,,,6,,,6,,,,,,,,,,,,,6,Digikey,,,,,,,,,,,https://www.digikey.com/products/en,,,,,,,,,,
cables.microfit-connector-plug-3-position-43640-0301,MicroFit Connector Plug 3 Position (43640-0301),Cables,,all_live,,,,6,voron-2.4 voron-trident voron-switchwire stealthburner voron-1.8 voron-2.2,voron-2.4 voron-trident voron-switchwire stealthburner,1,Digi-Key,,MicroFit3 Connector Plug 3 Position,,1,,,1,,1,,,,,,,,,,,1,Digikey,,,,,,,,,,,https://www.digikey.com/products/en,,,,,,,,,,
cables.microfit-connector-plug-4-position-43640-0401,MicroFit Connector Plug 4 Position (43640-0401),Cables,,all_live,,,,5,voron-2.4 voron-trident voron-switchwire voron-1.8 voron-2.2,voron-2.4 voron-trident voron-switchwire,1,Digi-Key,,,,4,,,4,,,,,,,,,,,,,4,Digikey,,,,,,,,,,,https://www.digikey.com/products/en,,,,,,,,,,
cables.microfit-connector-plug-8-position-43025-0800,MicroFit Connector Plug 8 Position (43025-0800),Cables,,none_live,,,,1,optional-parts,optional-parts,0,,,,Use on Toolhead if you want one connector,,,,,,,optional,,,,,,,,,,,,,,,,,,,,,,,,,,,,,,,,
cables.microfit-connector-receptacle-2-position-43645-0200,MicroFit Connector Receptacle 2 Position (43645-0200),Cables,,all_live,,,,5,voron-2.4 voron-trident voron-switchwire voron-1.8 voron-2.2,voron-2.4 voron-trident voron-switchwire,1,Digi-Key,,,,6,,,6,,,,,,,,,,,,,6,Digikey,,,,,,,,,,,https://www.digikey.com/products/en,,,,,,,,,,
cables.microfit-connector-receptacle-3-position-43645-0300,MicroFit Connector Receptacle 3 Position (43645-0300),Cables,,all_live,,,,6,voron-2.4 voron-trident voron-switchwire stealthburner voron-1.8 voron-2.2,voron-2.4 voron-trident voron-switchwire stealthburner,1,Digi-Key,,MicroFit3 Connector Receptical 3 Position,,1,,,1,,1,,,,,,,,,,,1,Digikey,,,,,,,,,,,https://www.digikey.com/products/en,,,,,,,,,,
cables.microfit-connector-receptacle-4-position-43645-0400,MicroFit Connector Receptacle 4 Position (43645-0400),Cables,,all_live,,,,5,voron-2.4 voron-trident voron-switchwire voron-1.8 voron-2.2,voron-2.4 voron-trident voron-switchwire,1,Digi-Key,,,,4,,,4,,,,,,,,,,,,,4,Digikey,,,,,,,,,,,https://www.digikey.com/products/en,,,,,,,,,,
cables.microfit-connector-receptacle-8-position-43020-0801,MicroFit Connector Receptacle 8 Position (43020-0801),Cables,,all_live,,,,1,optional-parts,optional-parts,1,arrow.com,,,Use on Toolhead if you want one connector,,,,,,,optional,,,,,,,,,,,Arrow,,,,,,,,,,,https://www.arrow.com/en/products/43020-0801/molex,,,,,,,,,,
cables.microfit3-dual-row-10circuits-male-female-plug,Microfit3 Dual Row (10circuits) Male & Female Plug,Cables,,all_live,,,,1,voron-0,,1,arrow.com,direct solder,,"full kit, you dont HAVE to use a single connector use as many or as few as you want",,,,,,,,,,,,,1,,,,,Arrow,,,,,,,,,,,https://www.arrow.com/en/products/76650-0159/molex,,,,,,,,,,
cables.microfit3-female-pin-43030-0007,MicroFit3 Female Pin (43030-0007),Cables,,all_live,,,,6,voron-2.4 voron-trident voron-switchwire stealthburner voron-1.8 voron-2.2,voron-2.4 voron-trident voron-switchwire stealthburner,1,Digi-Key,,MicroFit3 Female Pin,,40,,,40,,3,,,,,,,,,,,40,Digikey,,,,,,,,,,,https://www.digikey.com/products/en,,,,,,,,,,
cables.microfit3-male-female-plugs,Microfit3 Male & Female Plugs,Cables,,all_live,,,,2,voron-0.2 voron-0.1,voron-0.2,2,Digi-Key | arrow.com,,,"full kit, you dont HAVE to use a single connector use as many or as few as you want",,,1,,,,,,,,,,,1,,,,Digikey,Arrow,,,,,,,,,,https://www.digikey.com/en/products/detail/molex/0766500159/2116044,https://www.arrow.com/en/products/76650-0159/molex,,,,,,,,,
cables.microfit3-male-pin-43031-0007,MicroFit3 Male Pin (43031-0007),Cables,,all_live,,,,6,voron-2.4 voron-trident voron-switchwire stealthburner voron-1.8 voron-2.2,voron-2.4 voron-trident voron-switchwire stealthburner,1,Digi-Key,,MicroFit3 Male Pin,This is a good starter kit that has plenty of pins and all of the required connectors. The kit comes with individual part numbers to source individual pieces later if required.,40,,,40,,3,,,,,,,,,,,40,Digikey,,,,,,,,,,,https://www.digikey.com/products/en,,,,,,,,,,
cables.mlx-female-pin-02-08-1002,MLX Female Pin (02-08-1002),Cables,,all_live,,,,4,voron-2.4 voron-trident voron-1.8 voron-2.2,voron-2.4 voron-trident,1,Digi-Key,,,,6,3,,,,,,,,,,,,,3,,6,Digikey,,,,,,,,,,,https://www.digikey.com/products/en,,,,,,,,,,
cables.mlx-male-pin-02-08-2004,MLX Male Pin (02-08-2004),Cables,,all_live,,,,4,voron-2.4 voron-trident voron-1.8 voron-2.2,voron-2.4 voron-trident,1,Digi-Key,,,,6,3,,,,,,,,,,,,,3,,6,Digikey,,,,,,,,,,,https://www.digikey.com/products/en,,,,,,,,,,
cables.mlx-power-plug-3-position-50-84-1030,MLX Power Plug 3 Position (50-84-1030),Cables,,all_live,,,,4,voron-2.4 voron-trident voron-1.8 voron-2.2,voron-2.4 voron-trident,1,Digi-Key,,,,1,1,,,,,,,,,,,,,1,,1,Digikey,,,,,,,,,,,https://www.digikey.com/products/en,,,,,,,,,,
cables.mlx-power-receptacle-3-position-50-84-2030,MLX Power Receptacle 3 Position (50-84-2030),Cables,,all_live,,,,4,voron-2.4 voron-trident voron-1.8 voron-2.2,voron-2.4 voron-trident,1,Digi-Key,,,"For Bed (Line, Neutral and Ground)",1,1,,,,,,,,,,,,,1,,1,Digikey,,,,,,,,,,,https://www.digikey.com/products/en,,,,,,,,,,
cables.nylon-cable-ties-4,"Nylon Cable Ties 4""",Cables,,partial,,,,5,voron-2.4 voron-trident voron-switchwire voron-1.8 voron-2.2,voron-2.4 voron-trident voron-switchwire,1,Amazon,,,,100,,,100,,,,,,,,,,,,,100,Amazon,,,,,,,,,,,https://amzn.to/2mzoRjl,,,,,,,,,,
cables.ptfe-wire-20gauge-10ft,PTFE Wire 20gauge 10ft,Cables,,none_live,,,,2,voron-0.2 voron-0.1,voron-0.2,0,,,,,,,1,,,,,,,,,,,1,,,,,,,,,,,,,,,,,,,,,,,,,
cables.ptfe-wire-22gauge-100ft-get-5m-of-6-colors-for-30m-total-tin-plated,"PTFE Wire 22gauge 100ft (get 5m of 6 colors for 30m total, tin plated)",Cables,,none_live,,,,2,voron-0.2 voron-0.1,voron-0.2,0,,,,,,,1,,,,,,,,,,,1,,,,,,,,,,,,,,,,,,,,,,,,,
cables.silicon-wire-24gauge-100ft-individual-strand-length-total-example-25ft-of-4p-wire-100ft,Silicon Wire 24gauge 100ft (individual strand length total [example: 25ft of 4p wire=100ft]),Cables,,partial,,,,1,voron-0,,1,AliExpress,,,,,,,,,,,,,,,,1,,,,,Aliexpress,,,,,,,,,,,https://s.click.aliexpress.com/e/_dTGC7SE,,,,,,,,,,
cables.thermal-fuse-125c,Thermal Fuse 125C,Cables,,none_live,,,,2,voron-0 voron-0.1,,0,,,,,,,,,,,,,,,,,1,1,,,,,,,,,,,,,,,,,,,,,,,,,
cables.thermal-fuse-150c,Thermal Fuse 150C,Cables,,none_live,,,,1,voron-0.2,voron-0.2,0,,,,,,,1,,,,,,,,,,,,,,,,,,,,,,,,,,,,,,,,,,,,
cables.wire-18gauge-10ft-individual-strand-length-total-example-25ft-of-4p-wire-100ft,Wire 18gauge 10ft (individual strand length total [example: 25ft of 4p wire=100ft]),Cables,,all_live,,,,2,voron-0.2 voron-0.1,voron-0.2,1,AliExpress,,Silicone Wire 18gauge 10ft (individual strand length total [example: 25ft of 4p wire=100ft]),this wire is for mains and can be of any type as longh as it is minimum 18 gauge,,,1,,,,,,,,,,,1,,,,Aliexpress,,,,,,,,,,,https://s.click.aliexpress.com/e/_ANOyiL,,,,,,,,,,
controller.2-pin-kk-connector-housing,2 Pin KK Connector Housing,Controller,,partial,,,,1,optional-parts,optional-parts,1,Digi-Key,,,,,,,,,,Spare,,,,,,,,,,,Digikey,,,,,,,,,,,https://www.digikey.com/products/en,,,,,,,,,,
controller.3-pin-kk-connector-housing,3 Pin KK Connector Housing,Controller,,all_live,,,,1,optional-parts,optional-parts,1,Digi-Key,,,,,,,,,,Spare,,,,,,,,,,,Digikey,,,,,,,,,,,https://www.digikey.com/products/en,,,,,,,,,,
controller.4-pin-kk-connector-housing,4 Pin KK Connector Housing,Controller,,all_live,,,,1,optional-parts,optional-parts,1,Digi-Key,,,,,,,,,,Spare,,,,,,,,,,,Digikey,,,,,,,,,,,https://www.digikey.com/products/en,,,,,,,,,,
controller.5-pin-kk-connector-housing,5 Pin KK Connector Housing,Controller,,all_live,,,,1,optional-parts,optional-parts,1,Digi-Key,,,,,,,,,,Spare,,,,,,,,,,,Digikey,,,,,,,,,,,https://www.digikey.com/products/en,,,,,,,,,,
controller.6-stepper-controller-or-multiple-to-equal-6-steppers,6 Stepper Controller (or multiple to equal 6+ steppers),Controller,,all_live,,,,1,voron-trident,voron-trident,2,AliExpress,,,At the moment there is no official preference on controller choice. Mount options are provided for all the common combinations.,,1,,,,,,,,,,,,,,,,Aliexpress (FYSETC),Aliexpress (BTT),,,,,,,,,,https://www.aliexpress.com/item/1005002324070189.html,https://www.aliexpress.com/item/1005002611654405.html,,,,,,,,,
controller.a4988-stepper-motor-driver,A4988 Stepper Motor Driver,Controller,,none_live,,,,2,voron-1.6.2 voron-2.2,,0,,,,"Get the kit from Zyltec with all 3 items (arduino, ramps, drivers)",,,,,,,,,,,,,,,,5,7,,,,,,,,,,,,,,,,,,,,,,
controller.arduino-mega-2560,Arduino Mega 2560,Controller,,none_live,,,,2,voron-1.6.2 voron-2.2,,0,,,,"Get the kit from Zyltec with all 3 items (arduino, ramps, drivers)",,,,,,,,,,,,,,,,1,2,,,,,,,,,,,,,,,,,,,,,,
controller.bigtree-skr-1-4,Bigtree SKR 1.4,Controller,,all_live,,,,1,optional-parts,optional-parts,1,AliExpress,,,Quickly on its way to becoming the recommended controller for VORON machines,,,,,,,2,,,,,,,,,,,Aliexpress,,,,,,,,,,,https://www.aliexpress.com/item/4000470048293.html,,,,,,,,,,
controller.duet-2-duex5,Duet 2 - Duex5,Controller,,partial,,,,1,optional-parts,optional-parts,1,Filastruder,,,"Duet is largely just more expense. We officially recommend the use of Klipper and not RRF, but you can run your Voron on RRF/Duet.",,,,,,,1,,,,,,,,,,,Filastruder,,,,,,,,,,,https://www.filastruder.com/collections/electronics/products/duex2-and-duex-5-expansion-board,,,,,,,,,,
controller.duet-2-pt100-daughter-board,Duet 2 - PT100 Daughter Board,Controller,,partial,,,,1,optional-parts,optional-parts,1,Filastruder,,,"Duet is largely just more expense. We officially recommend the use of Klipper and not RRF, but you can run your Voron on RRF/Duet.",,,,,,,1,,,,,,,,,,,Filastruder,,,,,,,,,,,https://www.filastruder.com/collections/electronics/products/temperature-sensor-boards-for-duet,,,,,,,,,,
controller.duet-2-wifi,Duet 2 Wifi,Controller,,partial,,,,1,optional-parts,optional-parts,1,Filastruder,,,"Duet is largely just more expense. We officially recommend the use of Klipper and not RRF, but you can run your Voron on RRF/Duet.",,,,,,,1,,,,,,,,,,,Filastruder,,,,,,,,,,,https://www.filastruder.com/collections/electronics/products/duet-wifi,,,,,,,,,,
controller.duet-maestro,Duet Maestro,Controller,,none_live,,,,1,optional-parts,optional-parts,0,,,,"Duet is largely just more expense. We officially recommend the use of Klipper and not RRF, but you can run your Voron on RRF/Duet.",,,,,,,1,,,,,,,,,,,,,,,,,,,,,,,,,,,,,,,,
controller.duet-maestro-expansion-board,Duet Maestro Expansion Board,Controller,,partial,,,,1,optional-parts,optional-parts,1,AliExpress,,,"Duet is largely just more expense. We officially recommend the use of Klipper and not RRF, but you can run your Voron on RRF/Duet.",,,,,,,1,,,,,,,,,,,Aliexpress,,,,,,,,,,,https://www.aliexpress.com/item/4000084426106.html,,,,,,,,,,
controller.fysetc-mini12864-display-type-b,FYSETC mini12864 Display (Type B),Controller,,all_live,,,,2,voron-trident voron-1.8,voron-trident,1,AliExpress,,,mini12864 display is more compact and updates the display look a bit! Type B is what I have,,1,,,,,,,,,,,,,1,,,Aliexpress (FYSETC),,,,,,,,,,,https://www.aliexpress.com/item/32980210325.html,,,,,,,,,,
controller.jst-crimp-pin-22-28awg,JST Crimp Pin (22-28AWG),Controller,,all_live,,,,1,optional-parts,optional-parts,1,Digi-Key,,,,,,,,,,Spare,,,,,,,,,,,Digikey,,,,,,,,,,,https://www.digikey.com/product-detail/en/jst-sales-america-inc/SXH-001T-P0.6/455-1135-1-ND/527370,,,,,,,,,,
controller.jst-xhp-2-housing,JST XHP-2 Housing,Controller,,partial,,,,1,optional-parts,optional-parts,1,Digi-Key,,,,,,,,,,Spare,,,,,,,,,,,Digikey,,,,,,,,,,,https://www.digikey.com/product-detail/en/jst-sales-america-inc/XHP-2/455-2266-ND/555485,,,,,,,,,,
controller.jst-xhp-3-housing,JST XHP-3 Housing,Controller,,all_live,,,,1,optional-parts,optional-parts,1,Digi-Key,,,,,,,,,,Spare,,,,,,,,,,,Digikey,,,,,,,,,,,https://www.digikey.com/product-detail/en/jst-sales-america-inc/XHP-3/455-2219-ND/1651017,,,,,,,,,,
controller.jst-xhp-4-housing,JST XHP-4 Housing,Controller,,all_live,,,,1,optional-parts,optional-parts,1,Digi-Key,,,,,,,,,,Spare,,,,,,,,,,,Digikey,,,,,,,,,,,https://www.digikey.com/product-detail/en/jst-sales-america-inc/XHP-4/455-2267-ND/683353,,,,,,,,,,
controller.kk-crimp-pin,KK Crimp Pin,Controller,,all_live,,,,1,optional-parts,optional-parts,1,Digi-Key,,,,,,,,,,Spare,,,,,,,,,,,Digikey,,,,,,,,,,,https://www.digikey.com/product-detail/en/molex/0008500113/WM1114CT-ND/467980,,,,,,,,,,
controller.longer-display-cables-60cm,Longer Display Cables (60cm),Controller,,none_live,,,,1,voron-1.8,,0,,,,"Since MCU is on the back and display is on the front, these need to be a bit longer than normal",,,,,,,,,,,,,,,2,,,,,,,,,,,,,,,,,,,,,,,,
controller.micro-usb-power-cable,Micro USB Power Cable,Controller,,none_live,,,,2,voron-1.6.2 voron-2.2,,0,,use a spare from around the house,,"to get power from the RS-25-5 to the Pi / to get power from the RS-25-5 to the Pi, you can use a spare from around the house",,,,,,,,,,,,,,,,1,1,,,,,,,,,,,,,,,,,,,,,,
controller.microsd-card,MicroSD Card,Controller,,all_live,,,,9,voron-2.4 voron-trident voron-0.2 voron-switchwire voron-0 voron-0.1 voron-1.8 voron-1.6.2 voron-2.2,voron-2.4 voron-trident voron-0.2 voron-switchwire,3,Amazon,,,"This SD card is a bit faster than the previously sourced one, but the difference should be minimal",1,1,1,1,,,,,,,,,1,1,1,1,1,Amazon (64gb),Amazon (32gb),Amazon,,,,,,,,,https://www.amazon.com/dp/B073JYVKNX,https://www.amazon.com/dp/B0749KG1JK,https://amzn.to/2PDYXWX,,,,,,,,
controller.mini-12864-display-type-b,Mini 12864 Display (Type B),Controller,,all_live,,,,2,voron-2.4 voron-switchwire,voron-2.4 voron-switchwire,2,AliExpress,X (2004 Reprap Display),,,1,,,1,,,,,,,,,,,,,,Fysetc,AliExpress,,,,,,,,,,https://www.aliexpress.com/item/32980210325.html,https://s.click.aliexpress.com/e/_d7ByDeP,,,,,,,,,
controller.ramps-1-4,RAMPs 1.4,Controller,,none_live,,,,2,voron-1.6.2 voron-2.2,,0,,,,"Get the kit from Zyltec with all 3 items (arduino, ramps, drivers)",,,,,,,,,,,,,,,,1,2,,,,,,,,,,,,,,,,,,,,,,
controller.raspberrypi3-b,RaspberryPi3 B+,Controller,,all_live,,,,2,voron-1.6.2 voron-2.2,,1,arrow.com,,"RaspberryPi3 B+ (dont get a 4, they have issues)",Also Buy a GOOD SD Card,,,,,,,,,,,,,,,,1,1,Arrow,,,,,,,,,,,https://www.arrow.com/en/products/raspberrypi3b/raspberry-pi-foundation,,,,,,,,,,
controller.raspberrypi4,RaspberryPi4,Controller,,partial,,,,4,voron-2.4 voron-trident voron-switchwire voron-1.8,voron-2.4 voron-trident voron-switchwire,1,Amazon,,Raspberry Pi 4 2GB,"Quirks with the Raspberry Pi 4 have largely been figured out, and the Pi 3 B+ is no longer readily available. 2GB RAM version is plenty!",1,1,,1,,,,,,,,,,,1,,,Amazon,,,,,,,,,,,https://www.amazon.com/dp/B07TD42S27,,,,,,,,,,
controller.reprap-full-graphics-display,RepRap Full Graphics Display,Controller,,partial,,,,2,voron-1.6.2 voron-2.2,,1,Zyltech,,,,,,,,,,,,,,,,,,,1,1,Zyltech,,,,,,,,,,,https://www.zyltech.com/genuine-zyltech-ramps-1-4-3d-printer-12864-lcd-smart-controller,,,,,,,,,,
controller.skr-1-4,SKR 1.4,Controller,,partial,,,,2,voron-2.4 voron-1.8,voron-2.4,1,AliExpress,,,"Unfortunately SKR 1.3 is becoming difficult to find. SKR 1.4 is a fine replacement, the V1.8 SKR guide will have SKR 1.4 instructions",2,,,,,,,,,,,,,,1,,,BIGTREETECH,,,,,,,,,,,https://www.aliexpress.com/item/4000470048293.html,,,,,,,,,,
controller.tmc-2209-drivers,TMC 2209 Drivers,Controller,,partial,,,,4,voron-2.4 voron-trident optional-parts voron-1.8,voron-2.4 voron-trident optional-parts,3,AliExpress,,TMC2209 Stepper Motor Driver | TMC2209 Stepsticks for SKR 1.3,Generally purchasing BTT 2209s is the safest option / Use 2209 drivers w\ SKR 1.4 boards,7,6,,,,,7,,,,,,,,5,,,BIGTREETECH,Aliexpress,Just the Drivers (TMC 2209),,,,,,,,,https://www.aliexpress.com/item/33029587820.html,https://www.aliexpress.com/item/4000206288948.html,https://www.aliexpress.com/item/33047241001.html,,,,,,,,
controller.usb-c-power-cable,USB C Power Cable,Controller,,all_live,,,,2,voron-2.4 voron-switchwire,voron-2.4 voron-switchwire,1,Amazon,,,"to get power from the RS-25-5 to the Pi, you can use a spare from around the house",1,,,1,,,,,,,,,,,,,,Amazon,,,,,,,,,,,https://www.amazon.com/dp/B01GGKYKQM,,,,,,,,,,
controller.usb-cable-a-male-b-male,USB Cable A-male B-male,Controller,,no_links,,,,3,voron-2.4 voron-1.6.2 voron-2.2,voron-2.4,0,,,USB Cable A-male B-male (Included with SKR),Most SKR kits come with a cable so this part is likely unnecessary as a separate purchase. Double check your purchase history. / Most RAMPs/MEGA kits come with a cable so this part is likely unnecessary as a separate purchase. Double check your purchase history.,2,,,,,,,,,,,,,,,2,2,,,,,,,,,,,,,,,,,,,,,,
electronics.120x120x15-fan-12v-rear-can-use-120x120x25-fan,120x120x15 Fan (12V) (Rear can use 120x120x25 Fan),Electronics,,none_live,,,,2,voron-1.6.2 voron-2.2,,0,,,,,,,,,,,,,,,,,,,,1,2,,,,,,,,,,,,,,,,,,,,,,
electronics.24v-heater-cartridge-slim-wires,24V Heater Cartridge (slim wires),Electronics,,all_live,,,,3,voron-0.2 voron-0 voron-0.1,voron-0.2,1,Amazon,,,this heater cart has thin wires that can be easier to route / this heater cart is known to have wires that work with the tight toolhead wire routing,,,1,,,,,,,,,,1,1,,,,Amazon [Affiliate Link],,,,,,,,,,,https://amzn.to/2VJlFAu,,,,,,,,,,
electronics.3007-axial-fan-5v-min-3-5cfm,3007 axial fan 5V (min 3.5CFM),Electronics,,all_live,,,,1,voron-0.1,,2,Digi-Key,,,not required if using a mosquito hotend,,,,,,,,,,,,,,1,,,,Digikey,Digikey,,,,,,,,,,https://www.digikey.com/en/products/detail/sunon-fans/4127-MF30060V1-1000U-A99/9838567,https://www.digikey.com/en/products/detail/delta-electronics/ASB0305HP-00CP4/7403227,,,,,,,,,
electronics.3010-axial-fan-24v,3010 axial fan 24v,Electronics,,all_live,,,,2,voron-0.2 voron-0,voron-0.2,3,AliExpress | Digi-Key,,3010 axial fan 24V,"5v version requires a 5v power source to use, stock wiring diagrams assume 24v / not required if using a mosquito hotend",,,2,,,,,,,,,,1,,,,,Aliexpress,gdstime ali,Digikey,,,,,,,,,https://s.click.aliexpress.com/e/_DkCBTgT,https://s.click.aliexpress.com/e/_d7Kb0ms,https://www.digikey.com/en/products/detail/mechatronics-fan-group/MR3010H05B1-RSR/7605851,,,,,,,,
electronics.3010-blower-fans-24v,3010 blower fans 24V,Electronics,,partial,,,,3,voron-0.2 voron-0 voron-0.1,voron-0.2,3,AliExpress | Digi-Key,,,,,,2,,,,,,,,,,2,2,,,,gdstime ali,Aliexpress,Digikey (5v),,,,,,,,,https://s.click.aliexpress.com/e/_d8S7D6y,https://s.click.aliexpress.com/e/_DlbccTf,https://www.digikey.com/en/products/detail/delta-electronics/BFB0305HHA-C/11563392,,,,,,,,
electronics.3m-5952-vhb-tape-20mm-or-so-is-good,3M 5952 VHB tape (20mm or so is good),Electronics,,none_live,,,,1,voron-0.2,voron-0.2,0,,,,,,,1,,,,,,,,,,,,,,,,,,,,,,,,,,,,,,,,,,,,
electronics.4010-axial-fan,4010 Axial Fan,Electronics,,partial,,,,1,stealthburner,stealthburner,2,AliExpress,,,,,,,,,1,,,,,,,,,,,,Aliexpress,Aliexpress,,,,,,,,,,https://www.aliexpress.com/item/32727867521.html,https://s.click.aliexpress.com/e/_d8MBoAW,,,,,,,,,
electronics.40w-heater-cartridge,40w Heater Cartridge,Electronics,,all_live,,,,1,optional-parts,optional-parts,1,AliExpress,,,,,,,,,,Spare,,,,,,,,,,,Aliexpress,,,,,,,,,,,https://www.aliexpress.com/item/32815934251.html,,,,,,,,,,
electronics.40x40x10-axial-fan-ball-bearing-24v,40x40x10 Axial Fan - Ball Bearing (24V),Electronics,,partial,,,,5,voron-2.4 voron-trident voron-switchwire afterburner voron-1.8,voron-2.4 voron-trident voron-switchwire,5,AliExpress | Amazon,X (it's 5V),40x40x10 Axial Fan- Ball Bearing (24V) | 40x40x10 Axial Fan (24V) | 40x40x10 Axial Fan,Delta or Sunon are preferred brands / Pretty much any fan here will work--airflow is less restricted through toolhead,1,1,,1,,,,,1,,,,,,1,,,Aliexpress,GDSTIME,GDSTIME (Aliexpress),Amazon,AliExpress,,,,,,,https://www.aliexpress.com/item/32868163248.html,https://www.aliexpress.com/item/32726640438.html,https://www.aliexpress.com/item/32727867521.html,https://www.amazon.com/dp/B07DB5H6K1,https://s.click.aliexpress.com/e/_d8MBoAW,,,,,,
electronics.40x40x10-centrifugal-blower-fan-12v,40x40x10 Centrifugal Blower Fan (12V),Electronics,,all_live,,,,2,voron-1.6.2 voron-2.2,,2,Digi-Key | AliExpress,,,"Delta is the preferred brand / Delta is the preferred brand, cut the tach wire off on the 12v fan (its the only easily sourcable one)",,,,,,,,,,,,,,,,2,2,Digikey,AliExpress,,,,,,,,,,https://www.digikey.com/product-detail/en/delta-electronics/BFB0412HHA-A117/603-1840-ND/5022816,https://www.aliexpress.com/item/32798634077.html,,,,,,,,,
electronics.40x40x20-axial-fan-12v,40x40x20 Axial Fan (12V),Electronics,,all_live,,,,2,voron-1.6.2 voron-2.2,,3,Digi-Key,,,Delta or Sunon are preferred brands,,,,,,,,,,,,,,,,1,1,Digikey (12v),Digikey (12v),Digikey (24v),,,,,,,,,https://www.digikey.com/product-detail/en/delta-electronics/EFB0412HD/603-1009-ND/1014340,https://www.digikey.com/product-detail/en/delta-electronics/EFB0412HD-F00/603-1396-ND/2560520,https://www.digikey.com/products/en,,,,,,,,
electronics.40x40x20-centrifugal-blower-fan-ball-bearing-24v,40x40x20 Centrifugal Blower Fan - Ball Bearing (24V),Electronics,,all_live,,,,4,voron-2.4 voron-switchwire afterburner voron-1.8,voron-2.4 voron-switchwire,5,AliExpress | Amazon,Need 5v if using Einsy,40x40x20 Radial Fan (Blower) | 40x40x20 Centrifugal Blower Fan (24V),"4020 blower fans are pretty much all ""clones"" and should work fine",1,,,1,,,,,1,,,,,,1,,,GDSTIME,Aliexpress,Amazon,Amazon,AliExpress,,,,,,,https://www.aliexpress.com/item/1005001464730686.html,https://www.aliexpress.com/item/32867138904.html,https://www.amazon.com/dp/B07L2YH79Y,https://www.amazon.com/dp/B07L2XZKS7,https://s.click.aliexpress.com/e/_dZ3Fq0i,,,,,,
electronics.50w-heater-cartridge,50w Heater Cartridge,Electronics,,all_live,,,,1,optional-parts,optional-parts,2,sliceengineering.com | AliExpress,,,,,,,,,,Spare,,,,,,,,,,,Slice Engineering,Aliexpress,,,,,,,,,,https://www.sliceengineering.com/shop/50w-heater-cartridge,https://www.aliexpress.com/item/32960167491.html,,,,,,,,,
electronics.50x50x15-centrifugal-fan-24v,50x50x15 Centrifugal Fan (24V),Electronics,,no_links,,,,2,voron-trident stealthburner,voron-trident stealthburner,0,,,50x50x15 Centrifugal Fan,,,1,,,,1,,,,,,,,,,,,,,,,,,,,,,,,,,,,,,,,,
electronics.60x60x20-axial-fan-24v,60x60x20 Axial Fan (24V),Electronics,,partial,,,,4,voron-2.4 voron-trident voron-switchwire voron-1.8,voron-2.4 voron-trident voron-switchwire,2,Digi-Key | AliExpress,Need a mosfet to drive,,,3,2,,1,,,,,,,,,,,3,,,DigiKey,GDSTIME,,,,,,,,,,https://www.digikey.com/product-detail/en/orion-fans/OD6020-24HB/1053-1234-ND/2621139,https://www.aliexpress.com/item/32899594270.html,,,,,,,,,
electronics.bat85-diode,BAT85 Diode,Electronics,,all_live,,,,6,voron-2.4 voron-trident voron-switchwire voron-1.8 voron-1.6.2 voron-2.2,voron-2.4 voron-trident voron-switchwire,1,Digi-Key,not needed,,"You do not want to get this part from an Ali vendor as quality can be suspect. If these sources are not available in your area, please ask in a regional channel on Discord or search a local electronics store.",1,1,,1,,,,,,,,,,,1,1,1,DigiKey,,,,,,,,,,,https://www.digikey.com/product-detail/en/BAT85S-TR/BAT85SCT-ND/3104371,,,,,,,,,,
electronics.battery-backup-110v-us-only-1500va-900w,Battery Backup (110V US Only) (1500VA/900w),Electronics,,partial,,,,1,optional-parts,optional-parts,1,Amazon,,,"Highly recommended for any printer, this will safely support only 1 voron at a time. Alternative is identical but without a display.",,,,,,,1,,,,,,,,,,,Amazon,,,,,,,,,,,https://www.amazon.com/dp/B000FBK3QK,,,,,,,,,,
electronics.bigtreetech-skr-mini-e3-v1-2-or-v2,Bigtreetech SKR mini E3 (v1.2 or v2),Electronics,,none_live,,,,1,voron-0,,0,,,,Space is a Premium,,,,,,,,,,,,,1,,,,,,,,,,,,,,,,,,,,,,,,,,
electronics.bigtreetech-skr-mini-e3-v2,Bigtreetech SKR mini E3 (v2),Electronics,,partial,,,,1,voron-0.1,,1,AliExpress,,,Space is a Premium,,,,,,,,,,,,,,1,,,,Aliexpress,,,,,,,,,,,https://s.click.aliexpress.com/e/_9yHMVF,,,,,,,,,,
electronics.bigtreetech-skr-pico,Bigtreetech SKR Pico,Electronics,,partial,,,,1,voron-0.2,voron-0.2,1,AliExpress,,,Space is a Premium,,,1,,,,,,,,,,,,,,,Aliexpress,,,,,,,,,,,https://s.click.aliexpress.com/e/_DcyyjH5,,,,,,,,,,
electronics.c13-power-cord,C13 Power Cord,Electronics,,all_live,,,,6,voron-trident voron-0.2 voron-0.1 voron-1.8 voron-1.6.2 voron-2.2,voron-trident voron-0.2,1,Amazon,use a spare from around the house,,common cord found at any store that sells electronics,,1,1,,,,,,,,,,,1,1,1,1,Amazon,,,,,,,,,,,https://www.amazon.com/dp/B072LNKHBB,,,,,,,,,,
electronics.c13-power-cord-with-inline-switch,C13 Power Cord with Inline Switch,Electronics,,all_live,,,,1,voron-0,,2,AliExpress,,,,,,,,,,,,,,,,1,,,,,Aliexpress,Aliexpress,,,,,,,,,,https://s.click.aliexpress.com/e/_dTDjOmA,https://www.aliexpress.com/item/4000353269786.html,,,,,,,,,
electronics.camera-for-octoprint,Camera (for Octoprint),Electronics,,all_live,,,,1,optional-parts,optional-parts,2,Amazon,,,"No Official Mount for these, but there are plenty on thingiverse and the like",,,,,,,1,,,,,,,,,,,Logitech C930e,Logitech C270,,,,,,,,,,https://www.amazon.com/dp/B00CRJWW2G,https://www.amazon.com/dp/B004FHO5Y6,,,,,,,,,
electronics.crydom-ed24d3-ssr,Crydom ED24D3 SSR,Electronics,,all_live,,,,1,voron-0,,2,Digi-Key | Mouser,,,SSR must be able to be switched by 3.3v power if using skr mini 1.1 instead of mini E3,,,,,,,,,,,,,1,,,,,Digikey,Mouser,,,,,,,,,,https://www.digikey.com/product-detail/en/sensata-crydom/ED24D3/CC1825-ND/2665173,https://www.mouser.com/ProductDetail/Crydom/ED24D3?qs=C7H2C2ytqFX%2Fs1r7lyp2Iw%3D%3D,,,,,,,,,
electronics.dc-dc-psu-buck-converter-24v-to-5v,DC/DC PSU/buck converter - 24V to 5V,Electronics,,partial,,,,3,voron-0.2 voron-0 voron-0.1,voron-0.2,2,Amazon | AliExpress,,,"Optional, you only need this if you do not have adiquate 5v source on your MCU",,,1,,,,,,,,,,1,1,,,,Amazon [Affiliate Link],Aliexpress,,,,,,,,,,https://amzn.to/2KIBNMw,https://s.click.aliexpress.com/e/_Bfg1Siru,,,,,,,,,
electronics.din-rail,DIN Rail,Electronics,,all_live,,,,1,voron-2.4,voron-2.4,1,Digi-Key,,,This is best sourced locally,1,,,,,,,,,,,,,,,,,Digikey,,,,,,,,,,,https://www.digikey.com/en/products/detail/idec/BAA1000/8344276,,,,,,,,,,
electronics.dragon-fly-bmo-hotend,Dragon Fly BMO Hotend,Electronics,,all_live,,,,2,voron-0.2 voron-0.1,voron-0.2,1,AliExpress,,,,,,1,,,,,,,,,,,1,,,,Aliexpress,,,,,,,,,,,https://s.click.aliexpress.com/e/_9ht8Ir,,,,,,,,,,
electronics.e3d-revo-voron,E3D Revo VORON,Electronics,,all_live,,,,1,voron-0.2,voron-0.2,1,E3D,,,"Refer to page 171 of the manual to find alternative, supported hotends",,,1,,,,,,,,,,,,,,,E3D,,,,,,,,,,,https://e3d-online.com/products/revo-voron,,,,,,,,,,
electronics.e3d-v6-bowden-hotend-kit-24v,E3D V6 Bowden Hotend Kit (24V),Electronics,,all_live,,,,2,voron-trident voron-1.8,voron-trident,3,AliExpress | Filastruder | Printed Solid,,,"Trianglelab sells inexpensive clones of the E3D v6 assembly that is as good, if not better, than the original part. There is no reason to buy the ""legit"" part here unless you don't like money. Purchase the all metal option. PTFE lined will break down at ABS temps.",,1,,,,,,,,,,,,,1,,,Trianglelab,Filastruder,Printed Solid,,,,,,,,,https://www.aliexpress.com/item/32844028127.html,https://www.filastruder.com/products/all-metal-e3d-v6-hotend,https://www.printedsolid.com/products/e3d-hot-end-kit-v6?variant=22124184600661,,,,,,,,
electronics.fuse-2-5a-250v-holder-cartridge-5-x-20mm-glass,Fuse 2.5A 250V Holder Cartridge 5 X 20mm Glass,Electronics,,all_live,,,,2,voron-0.2 voron-0.1,voron-0.2,1,Digi-Key,,,,,,1,,,,,,,,,,,1,,,,Digikey,,,,,,,,,,,https://www.digikey.com/en/products/detail/littelfuse-inc/061702-5MXP/5233765,,,,,,,,,,
electronics.fuse-medium-time-delay-acting-4a-250v-holder-cartridge-5-x-20mm-glass,Fuse Medium Time Delay Acting 4A 250V Holder Cartridge 5 X 20mm Glass,Electronics,,all_live,,,,3,voron-2.4 voron-trident voron-switchwire,voron-2.4 voron-trident voron-switchwire,1,Digi-Key,,,"For areas with 220V mains systems. Digikey can be expensive for EU customers, and this part can often be found cheaper at a local hardware or automotive store.",2,2,,2,,,,,,,,,,,,,,Digikey,,,,,,,,,,,https://www.digikey.com/en/products/detail/littelfuse-inc/0232004-MXP/778023,,,,,,,,,,
electronics.fuse-medium-time-delay-acting-8a-250v-holder-cartridge-5-x-20mm-glass,Fuse Medium Time Delay Acting 8A 250V Holder Cartridge 5 X 20mm Glass,Electronics,,all_live,,,,6,voron-2.4 voron-trident voron-switchwire voron-1.8 voron-1.6.2 voron-2.2,voron-2.4 voron-trident voron-switchwire,1,Digi-Key,,,For areas with 120V mains systems.,2,2,,2,,,,,,,,,,,2,2,2,Digikey,,,,,,,,,,,https://www.digikey.com/products/en,,,,,,,,,,
electronics.harness-for-adxl-sensor-module,Harness for ADXL Sensor Module,Electronics,,no_links,,,,1,stealthburner,stealthburner,0,,,,,,,,,,1,,,,,,,,,,,,,,,,,,,,,,,,,,,,,,,,,
electronics.iec320-c14-inlet-push-fit-w-rocker-switch-fuse,IEC320 C14 Inlet - Push-fit - w/ Rocker Switch & Fuse,Electronics,,all_live,,,,4,voron-2.4 voron-0.2 voron-switchwire voron-0.1,voron-2.4 voron-0.2 voron-switchwire,1,Digi-Key,,IEC320 C14 inlet | AC Inlet,If you are getting PiF parts you will need the filtered inlet and switch,1,,1,1,,,,,,,,,,1,,,,See note for PiF Digikey,,,,,,,,,,,https://www.digikey.com/en/products/detail/adam-tech/IEC-GS-1-100/9831135,,,,,,,,,,
electronics.inductive-probe,Inductive Probe,Electronics,,all_live,,,,1,voron-2.4,voron-2.4,3,AliExpress | Digi-Key,,,"Note: As of the 2.4R2 release, the PL08N/PL05N family probes are no longer supported",1,,,,,,,,,,,,,,,,,Aliexpress - TL-Q5MC2-Z,Digkey - GX-HL15B,Digikey - TL-Q5MC2,,,,,,,,,https://www.aliexpress.com/item/2251832663198775.html,https://www.digikey.com/en/products/detail/panasonic-industrial-automation-sales/GX-HL15B/3896951,https://www.digikey.com/en/products/detail/omron-automation-and-safety/tl-q5mc2/2669828,,,,,,,,
electronics.led-light-bar-12v-24v,LED Light Bar (12v/24v),Electronics,,all_live,,,,1,optional-parts,optional-parts,1,Amazon,,,Mounts for these on github,,,,,,,2,,,,,,,,,,,Amazon,,,,,,,,,,,https://www.amazon.com/dp/B00LAAZ2UW,,,,,,,,,,
electronics.mean-well-lrs-200-12-psu,Mean Well LRS-200-12 PSU,Electronics,,all_live,,,,2,voron-1.6.2 voron-2.2,,1,Digi-Key,,,Do not cheap out on this. Get a legitmate MeanWell PSU. Higher wattage is not necessary since the bed is mains powered. Higher wattage also comes with a fan which adds to the noise.,,,,,,,,,,,,,,,,1,1,Digikey,,,,,,,,,,,https://www.digikey.com/products/en,,,,,,,,,,
electronics.mean-well-lrs-200-24-psu,Mean Well LRS-200-24 PSU,Electronics,,all_live,,,,3,voron-2.4 voron-trident voron-1.8,voron-2.4 voron-trident,1,Digi-Key,,,Do not cheap out on this. Get a legitimate MeanWell PSU. Higher wattage is not necessary since the bed is mains powered. Higher wattage also comes with a fan which adds to the noise. For regions that mandate PFC use the MeanWell RSP-200-24 instead of the LRS-200-24. / Do not cheap out on this. Get a legitmate MeanWell PSU. Higher wattage is not necessary since the bed is mains powered. Higher wattage also comes with a fan which adds to the noise.,1,1,,,,,,,,,,,,,1,,,Digikey,,,,,,,,,,,https://www.digikey.com/products/en,,,,,,,,,,
electronics.mean-well-lrs-350-24-psu,Mean Well LRS-350-24 PSU,Electronics,,no_links,,,,1,voron-switchwire,voron-switchwire,0,,X,,Do not cheap out on this. Get a legitimate MeanWell PSU. For regions that mandate PFC use the MeanWell RSP-200-24 instead of the LRS-200-24.,,,,1,,,,,,,,,,,,,,,,,,,,,,,,,,,,,,,,,,,
electronics.meanwell-lrs-100-24,Meanwell LRS-100-24,Electronics,,partial,,,,1,voron-0,,1,Mouser,,,For regions that mandate PFC use the MeanWell RSP instead of the LRS,,,,,,,,,,,,,1,,,,,Mouser,,,,,,,,,,,https://www.mouser.com/productdetail/mean-well/lrs-100-24?qs=vDxCgdWo2h8VcCv3wQzZdg%3D%3D,,,,,,,,,,
electronics.meanwell-lrs-150-24,Meanwell LRS-150-24,Electronics,,partial,,,,2,voron-0.2 voron-0.1,voron-0.2,1,Mouser,,,LRS-150f-24 is also acceptable - For regions that mandate PFC use the MeanWell RSP instead of the LRS / LRS-150f-24 is also acceptable,,,1,,,,,,,,,,,1,,,,Mouser,,,,,,,,,,,https://www.mouser.com/ProductDetail/MEAN-WELL/LRS-150-24?qs=%2Fha2pyFadujaj%2F6cO0Hh6kYnnLsf9IOqcNQ0fcoOAnOylsolKT1NZQ%3D%3D,,,,,,,,,,
electronics.meanwell-rs-25-5-psu,Meanwell RS-25-5 PSU,Electronics,,all_live,,,,6,voron-2.4 voron-trident voron-switchwire voron-1.8 voron-1.6.2 voron-2.2,voron-2.4 voron-trident voron-switchwire,1,Digi-Key,,Mean Well RS-25-5 PSU,Do not cheap out on this. Get a legitimate MeanWell PSU. / Do not cheap out on this. Get a legitmate MeanWell PSU.,1,1,,1,,,,,,,,,,,1,1,1,Digikey,,,,,,,,,,,https://www.digikey.com/product-detail/en/mean-well-usa-inc/RS-25-5/1866-4145-ND/7706180,,,,,,,,,,
electronics.mosfet-trigger-switch-drive-module,MOSFET Trigger Switch Drive Module,Electronics,,no_links,,,,1,voron-switchwire,voron-switchwire,0,,,,,,,,2,,,,,,,,,,,,,,,,,,,,,,,,,,,,,,,,,,,
electronics.nema14-36mm-round-pancake-motor-with-10-tooth-gear-20mm,NEMA14 36mm Round Pancake Motor with 10 tooth gear 20mm,Electronics,,all_live,,,,1,stealthburner,stealthburner,3,StepperOnline | AliExpress,,,,,,,,,1,,,,,,,,,,,,OMC Stepper,Aliexpress,Aliexpress,,,,,,,,,https://www.omc-stepperonline.com/round-nema-14-bipolar-0-9deg-9-ncm-12-75-oz-in-1-0a-%CF%8636x17-5mm-4-wires-14hr07-1004vrn,https://s.click.aliexpress.com/e/_DBnmZ1l,https://s.click.aliexpress.com/e/_A2WTM8,,,,,,,,
electronics.nema14-36mm-round-pancake-stepper-motor-with-10-tooth-spur-gear-ldo-36sth20-1004ahg,NEMA14 36mm round pancake Stepper Motor with 10 tooth spur gear (LDO 36STH20-1004AHG),Electronics,,all_live,,,,2,voron-0.2 voron-0.1,voron-0.2,2,AliExpress,,,,,,1,,,,,,,,,,,1,,,,Aliexpress,Aliexpress,,,,,,,,,,https://s.click.aliexpress.com/e/_DBnmZ1l,https://s.click.aliexpress.com/e/_A2WTM8,,,,,,,,,
electronics.nema14-36mm-round-pancake-stepper-motor-with-10-tooth-spur-gear-omc-14hr07-1004vrn,NEMA14 36mm round pancake Stepper Motor with 10 tooth spur gear (OMC 14HR07-1004VRN),Electronics,,all_live,,,,2,voron-0.2 voron-0.1,voron-0.2,1,StepperOnline,,,Both the OMC and LDO stepper motor work well. Pick whichever you prefer.,,,1,,,,,,,,,,,1,,,,OMC Stepper,,,,,,,,,,,https://www.omc-stepperonline.com/round-nema-14-bipolar-0-9deg-9-ncm-12-75-oz-in-1-0a-%CF%8636x17-5mm-4-wires-14hr07-1004vrn,,,,,,,,,,
electronics.nema14-stepper-motor-14hs10-0404s,NEMA14 Stepper Motor (14HS10-0404S),Electronics,,all_live,,,,1,voron-0,,1,StepperOnline,,,,,,,,,,,,,,,,1,,,,,OMC Stepperonline,,,,,,,,,,,https://www.omc-stepperonline.com/nema-14-bipolar-1-8deg-14ncm-20oz-in-0-4a-12v-35x35x26mm-4-wires.html,,,,,,,,,,
electronics.nema14-stepper-motor-14hs17-0504s,NEMA14 Stepper Motor (14HS17-0504S),Electronics,,all_live,,,,1,voron-0,,2,StepperOnline | AliExpress,,,XYZ,,,,,,,,,,,,,3,,,,,OMC Stepper - V0 Kit,Aliexpress,,,,,,,,,,https://www.omc-stepperonline.com/nema-14-stepper-motor-kit-for-voron-v0.html,https://s.click.aliexpress.com/e/_dTb2YwC,,,,,,,,,
electronics.nema14-stepper-motor-40ncm,NEMA14 Stepper Motor 40Ncm,Electronics,,all_live,,,,2,voron-0.2 voron-0.1,voron-0.2,3,StepperOnline | AliExpress,,,OMC: (14HS20-1504S) LDO:(35STH48-1684AHVRN),,,2,,,,,,,,,,,2,,,,OMC Stepper,Aliexpress,Full Motor Kit,,,,,,,,,https://www.omc-stepperonline.com/nema-14-bipolar-1-8deg-40ncm-56-7oz-in-1-5a-4-2v-35x35x52mm-4-wires-14hs20-1504s,https://s.click.aliexpress.com/e/_AdKnDl,https://www.omc-stepperonline.com/voron-v0-1-bom-of-stepper-motors-14hs20-1504s-14hr07-1004vrn-17ls13-0404e-200g-voronv01,,,,,,,,
electronics.nema17-motor-17hs08-1004s,NEMA17 Motor 17HS08-1004S,Electronics,,all_live,,,,4,voron-trident afterburner jetpack voron-1.8,voron-trident,4,AliExpress | StepperOnline | LDO Motors,,,Stepper body depth of 20mm,,1,,,,,,,1,,,1,,,1,,,Aliexpress,Stepper Online,Stepper Online,LDO,,,,,,,,https://www.aliexpress.com/item/32585429251.html,https://www.omc-stepperonline.com/nema-17-stepper-motor/nema-17-bipolar-1-8deg-16ncm-22-6oz-in-1a-3-7v-42x42x20mm-4-wires.html,https://www.omc-stepperonline.com/nema-17-bipolar-1-8deg-16ncm-22-6oz-in-1a-3-7v-42x42x20mm-4-wires.html,https://docs.ldomotors.com/en/voron/LDO_Voron_Distributors,,,,,,,
electronics.nema17-motor-17hs15-1504s1,NEMA17 Motor 17HS15-1504S1,Electronics,,partial,,,,2,voron-switchwire voron-m4,voron-switchwire,2,StepperOnline | AliExpress,"X (X, Z and Y)",,,,,,3,,,,,,1,,,,,,,,Stepper Online,Stepper Online,,,,,,,,,,https://www.omc-stepperonline.com/nema-17-bipolar-45ncm-63-74oz-in-1-5a-42x42x39mm-4-wires-w-1m-cable-and-connector.html,https://www.aliexpress.com/item/32589488227.html,,,,,,,,,
electronics.nema17-motor-17hs19-2004s,NEMA17 Motor 17HS19-2004S,Electronics,,all_live,,,,6,voron-2.4 voron-trident mobius-3.1 voron-1.8 voron-1.6.2 voron-2.2,voron-2.4 voron-trident,6,StepperOnline | AliExpress | Amazon | LDO Motors,,NEMA17 Motor 17HS19-2004S (min 35mm shaft for double shear),Strongly advise buying the specific steppers to reduce the chance of underperformance / strongly advise buying the spec steppers to avoid performance issues,6,2,,,,,,,,,1,,,,2,2,6,Stepper Online,Stepper Online,Stepper Online,Amazon,Stepper Online,LDO,,,,,,https://www.omc-stepperonline.com/nema-17-bipolar-59ncm-84oz-in-2a-42x48mm-4-wires-w-1m-cable-and-connector.html,https://www.omc-stepperonline.com/nema-17-bipolare-59ncm-84oz-in-2a-42x48mm-4fili-w-1m-cable-and-connector.html,https://www.aliexpress.com/item/32589488227.html,https://www.amazon.com/dp/B00PNEQKC0,https://www.aliexpress.com/item/32572890101.html,https://docs.ldomotors.com/en/voron/LDO_Voron_Distributors,,,,,
electronics.nema17-motor-with-leadscrew-17ls19-1684e-300g,NEMA17 Motor with Leadscrew (17LS19-1684E-300G),Electronics,,partial,,,,1,voron-1.6.2,,1,StepperOnline,,,,,,,,,,,,,,,,,,,2,,Stepper Online,,,,,,,,,,,https://www.omc-stepperonline.com/nema-17-external-48mm-stack-168a-lead-8mm031496-length-300mm-17ls19-1684e-300g.html,,,,,,,,,,
electronics.nema17-stepper-motor-with-integrated-lead-screw-200mm-t8x8,NEMA17 Stepper Motor with integrated lead screw 200mm T8x8,Electronics,,partial,,,,2,voron-0.2 voron-0.1,voron-0.2,1,StepperOnline,,NEMA17 Stepper Motor (34mm max) with integrated lead screw 200mm T8x8,OMC: (17LS13-0404E-200G) LDO: (42STH25-1004CL200E),,,1,,,,,,,,,,,1,,,,OMC Stepper,,,,,,,,,,,https://www.omc-stepperonline.com/nema-17-external-34mm-stack-04a-lead-8mm031496-length-200mm-17ls13-0404e-200g.html,,,,,,,,,,
electronics.neopixel-rgbw-mini-button-pcb,NeoPixel RGBW Mini Button PCB,Electronics,,no_links,,,,1,stealthburner,stealthburner,0,,,,,,,,,,3,,,,,,,,,,,,,,,,,,,,,,,,,,,,,,,,,
electronics.ntc-100k-beta-3950-thermistor-sensor,NTC 100K Beta 3950 Thermistor Sensor,Electronics,,all_live,,,,1,optional-parts,optional-parts,1,AliExpress,,,,,,,,,,Spare,,,,,,,,,,,Aliexpress,,,,,,,,,,,https://www.aliexpress.com/item/33029709571.html,,,,,,,,,,
electronics.nylon-pcb-standoff-kit-m3,Nylon PCB Standoff Kit (M3),Electronics,,none_live,,,,1,voron-0,,0,,print them,,,,,,,,,,,,,,,1,,,,,,,,,,,,,,,,,,,,,,,,,,
electronics.omron-g3na-210b-dc5-10a-or-crydom-d2425-25a-or-crydom-84134000-10a-ssr,Omron G3NA-210B-DC5 (10A) or Crydom D2425 (25A) or Crydom 84134000 (10A) SSR,Electronics,,all_live,,,,5,voron-2.4 voron-trident voron-1.8 voron-1.6.2 voron-2.2,voron-2.4 voron-trident,6,Digi-Key | Filastruder,,Omron G3NA-210B-DC5 (10A) or Crydom D2425 (25A) or Crydom 84134000 (10A) SSR or Panasonic AQA211VL (15A),"Crydom (2nd Link, also valid alternative), UTU PN just adds TUV support as a certification to the relay (Omron Only)",1,1,,,,,,,,,,,,,1,1,1,Digikey (Omron),Digikey (Omron),Digikey (Panasonic),Digikey (Crydom 25A),Digikey (Crydom 10A),Filastruder (Panasonic),,,,,,https://www.digikey.com/en/products/detail/omron-automation-and-safety/G3NA-210B-UTU-DC5-24/634443,https://www.digikey.com/products/en,https://www.digikey.com/en/products/detail/panasonic-electric-works/AQA211VL/2364682,https://www.digikey.com/product-detail/en/sensata-crydom/D2425/CC1006-ND/139477,https://www.digikey.com/product-detail/en/sensata-crydom/84134000/646-1227-ND/1816787,https://www.filastruder.com/products/solid-state-relay?_pos=1&_sid=f58b74679&_ss=r,,,,,
electronics.omron-mouse-button-micro-switch,Omron Mouse Button - Micro Switch,Electronics,,partial,,,,9,voron-2.4 voron-trident voron-0.2 voron-switchwire voron-0 voron-0.1 voron-1.8 voron-1.6.2 voron-2.2,voron-2.4 voron-trident voron-0.2 voron-switchwire,3,Digi-Key,,,"First Option Has Lever, 2nd Does Not",3,3,1,2,,,,,,,,,3,3,3,3,3,Digikey,Digikey,Digikey,,,,,,,,,https://www.digikey.com/product-detail/en/omron-electronics-inc-emc-div/D2F-5L/Z8846-ND/8593137,https://www.digikey.com/en/products/detail/omron-electronics-inc-emc-div/D2F-01L/83264,https://www.digikey.com/product-detail/en/omron-electronics-inc-emc-div/D2F-5/Z8845-ND/8593136,,,,,,,,
electronics.omron-tl-q5mc2-npn-nc-5mm-sense,"Omron TL-Q5MC2 - NPN, NC, 5mm Sense",Electronics,,partial,,,,3,voron-trident voron-switchwire optional-parts,voron-trident voron-switchwire optional-parts,4,AliExpress | Mouser | newark.com,X (Pinda),,"The common PL08 probe may not fit with the MGN12 configuration due to space constraints. Omron or Panasonic probes are recommended. / Note, when using the Pinda probe Y travel will be reduced due to trigger distance and clearance with bed locating pins and wiring cover. / for Omron Toolhead (only use this if you have a spring steel plate or you may not have sufficient sense distance before crashing the toolhead)",,1,,1,,,1,,,,,,,,,,,Aliexpress,Mouser (OEM A-Stock),Newark (OEM A-Stock),AliExpress,,,,,,,,https://www.aliexpress.com/item/2251832663198775.html,https://www.mouser.com/ProductDetail/Omron-Automation-and-Safety/TL-Q5MC2?qs=%2Fha2pyFadujGSyouhW07bDypqQHk8q5KtPum7PUL424%3D,https://www.newark.com/omron-industrial-automation/tl-q5mc2/rect-prx-5mm-npn-nc-unsh/dp/38B1174,https://s.click.aliexpress.com/e/_DlxY7KJ,,,,,,,
electronics.pl-08n-inductive-probe,PL-08N Inductive Probe,Electronics,,none_live,,,,3,voron-1.8 voron-1.6.2 voron-2.2,,0,,,,,,,,,,,,,,,,,,,1,1,1,,,,,,,,,,,,,,,,,,,,,,
electronics.power-supply-for-24v-conversions,Power Supply for 24v Conversions,Electronics,,all_live,,,,1,optional-parts,optional-parts,1,Digi-Key,,,,,,,,,,1,,,,,,,,,,,Digikey,,,,,,,,,,,https://www.digikey.com/products/en,,,,,,,,,,
electronics.pt100-rtd-sensor,PT100 RTD Sensor,Electronics,,all_live,,,,1,optional-parts,optional-parts,2,E3D | AliExpress,,,"Not required, but always nice, tend to be more ""reliable"" than thermistors, require additional hardware to use",,,,,,,Spare,,,,,,,,,,,E3D,Aliexpress,,,,,,,,,,https://e3d-online.com/products/pt100-temperature-sensor,https://www.aliexpress.com/item/32828593452.html,,,,,,,,,
electronics.raspberry-pi-3,Raspberry Pi 3,Electronics,,all_live,,,,3,voron-0.2 voron-0 voron-0.1,voron-0.2,1,adafruit.com,,Raspberry Pi 3 (or better),"pi3 or better, if you are running Fluid or mainsail a pi0 is enough",,,1,,,,,,,,,,1,1,,,,Adafruit,,,,,,,,,,,https://www.adafruit.com/product/3775,,,,,,,,,,
electronics.skr-mini-e3-v2,SKR Mini E3 V2,Electronics,,none_live,,,,1,voron-switchwire,voron-switchwire,0,,X (Einsy Rambo),,,,,,1,,,,,,,,,,,,,,,,,,,,,,,,,,,,,,,,,,,
electronics.small-12v-psu-for-lights-etc-for-24v-builds,"Small 12v PSU for Lights, etc for 24v Builds",Electronics,,partial,,,,1,optional-parts,optional-parts,1,Digi-Key,,,,,,,,,,1,,,,,,,,,,,Digikey (25w),,,,,,,,,,,https://www.digikey.com/product-detail/en/mean-well-usa-inc/RS-25-12/1866-4140-ND/7706175,,,,,,,,,,
electronics.ssr-din-mount,SSR DIN Mount,Electronics,,all_live,,,,2,voron-trident voron-1.8,voron-trident,1,AliExpress,,,,,1,,,,,,,,,,,,,1,,,Aliexpress,,,,,,,,,,,https://www.aliexpress.com/item/32971006524.html,,,,,,,,,,
electronics.tbc-05-terminal-cover-optional-for-rs-25-5,"TBC-05 Terminal Cover (optional, for RS-25-5)",Electronics,,all_live,,,,1,voron-trident,voron-trident,1,Digi-Key,,,,,,,,,,,,,,,,,,,,,Digikey,,,,,,,,,,,https://www.digikey.com/en/products/detail/mean-well-usa-inc/TBC-05/7707107,,,,,,,,,,
electronics.tbc-09-terminal-cover-optional-for-lrs-200-24,"TBC-09 Terminal Cover (optional, for LRS-200-24)",Electronics,,all_live,,,,2,voron-trident voron-1.8,voron-trident,1,Digi-Key,,,,,1,,,,,,,,,,,,,1,,,Digikey,,,,,,,,,,,https://www.digikey.com/products/en,,,,,,,,,,
electronics.thermal-fuse,Thermal Fuse,Electronics,,none_live,,,,5,voron-2.4 voron-trident voron-1.8 voron-1.6.2 voron-2.2,voron-2.4 voron-trident,0,,,,"Buy a 130C thermal cutoff, you want the fuse to blow before the heater falls off the bed / Buy a 150C thermal cutoff, you want the fuse to blow before the heater falls off the bed / Buy a 115C-125C thermal cutoff, you want the fuse to blow before the heater falls off the bed",1,1,,,,,,,,,,,,,1,1,1,,,,,,,,,,,,,,,,,,,,,,
electronics.thermistor-for-your-hotend-of-choice,Thermistor for your hotend of choice,Electronics,,all_live,,,,3,voron-0.2 voron-0 voron-0.1,voron-0.2,1,AliExpress,,,,,,1,,,,,,,,,,1,1,,,,Aliexpress,,,,,,,,,,,https://s.click.aliexpress.com/e/_dZx4X0S,,,,,,,,,,
electronics.threaded-v6-hotend-kit-24v-all-metal,Threaded v6 Hotend kit 24V (All Metal),Electronics,,all_live,,,,2,voron-0 voron-0.1,,2,AliExpress,,,pick one of these / Bowden toolhead only,,,,,,,,,,,,,1,1,,,,Aliexpress,Aliexpress,,,,,,,,,,https://s.click.aliexpress.com/e/_dWCqSj2,https://www.aliexpress.com/item/32888737278.html,,,,,,,,,
electronics.tr8x8-lead-screw-nut,TR8x8 Lead Screw Nut,Electronics,,all_live,,,,1,voron-1.6.2,,1,pololu.com,,,Youll need these because the ones the motors come with are plastic and the wrong pattern,,,,,,,,,,,,,,,,2,,Pololu,,,,,,,,,,,https://www.pololu.com/product/2688,,,,,,,,,,
electronics.tycoelectronics-10egg1-1-normal-or-10ehg1-1-medical-filtered-power-inlet,TycoElectronics - 10EGG1-1 (Normal) or 10EHG1-1 (Medical): Filtered Power Inlet,Electronics,,all_live,,,,3,voron-2.4 voron-trident voron-switchwire,voron-2.4 voron-trident voron-switchwire,2,Digi-Key | Mouser,,,For North American & UK single-fuse builds,1,1,,1,,,,,,,,,,,,,,Digikey,Mouser,,,,,,,,,,https://www.digikey.com/en/products/detail/te-connectivity-corcom-filters/3-1609115-4/2032295,https://www.mouser.com/ProductDetail/TE-Connectivity-PB/10EGG1-1?qs=vcjNRp8H9z1CsIf%2F5OknUw%3D%3D,,,,,,,,,
electronics.tycoelectronics-10egg1-2-normal-or-10ehg1-2-medical-filtered-power-inlet,TycoElectronics - 10EGG1-2 (Normal) or 10EHG1-2 (Medical): Filtered Power Inlet,Electronics,,all_live,,,,6,voron-2.4 voron-trident voron-switchwire voron-1.8 voron-1.6.2 voron-2.2,voron-2.4 voron-trident voron-switchwire,2,Digi-Key | Mouser,,,For European dual-fuse builds,1,1,,1,,,,,,,,,,,1,1,1,Digikey,Mouser,,,,,,,,,,https://www.digikey.com/products/en,https://www.mouser.com/ProductDetail/TE-Connectivity-PB/10EGG1-2?qs=vcjNRp8H9z2nhEkRL4AXYw%3D%3D,,,,,,,,,
electronics.usb-cable-a-male-mini-b-male-1-included-with-skr-mini,USB Cable A-male Mini B-male (1 Included with SKR Mini),Electronics,,no_links,,,,1,voron-switchwire,voron-switchwire,0,,,,Most SKR kits come with a cable so this part is likely unnecessary as a separate purchase. Double check your purchase history.,,,,2,,,,,,,,,,,,,,,,,,,,,,,,,,,,,,,,,,,
electronics.v0-display,V0-Display,Electronics,,all_live,,,,1,voron-0.2,voron-0.2,2,github.com | AliExpress,,,,,,1,,,,,,,,,,,,,,,Github,Aliexpress,,,,,,,,,,https://github.com/VoronDesign/Voron-Hardware/tree/master/V0_Display,https://s.click.aliexpress.com/e/_DnCImzZ,,,,,,,,,
electronics.vhb-tape-20mm-or-so-is-good,VHB tape (20mm or so is good),Electronics,,none_live,,,,2,voron-0 voron-0.1,,0,,,,,,,,,,,,,,,,,1,1,,,,,,,,,,,,,,,,,,,,,,,,,
electronics.zf-rocker-switches-dpst-16a-on-off,ZF - Rocker Switches DPST 16A ON-OFF,Electronics,,all_live,,,,6,voron-2.4 voron-trident voron-switchwire voron-1.8 voron-1.6.2 voron-2.2,voron-2.4 voron-trident voron-switchwire,2,Digi-Key | Mouser,,,Note the Mouser (Red Light) only has a 125v indicator in it. For 220/240 countries use the no light model,1,1,,1,,,,,,,,,,,1,1,1,Digikey (no Light),Mouser (Red Light),,,,,,,,,,https://www.digikey.com/products/en,https://www.mouser.com/ProductDetail/ZF/WRG32F2BBRLN?qs=%2Fha2pyFadugTPgk3aI89ZNgIRYXUDJ2iew%252BR%252BPzJE%2FSagvnd6sid0w%3D%3D,,,,,,,,,
extruder.bondtech-motor-gear-bowden-only,Bondtech Motor Gear (bowden only),Extruder,,all_live,,,,4,voron-0.2 afterburner voron-0 voron-0.1,voron-0.2,4,Bondtech | Filastruder | AliExpress,,Bondtech Motor Gear,,,,1,,,,,,1,,,,1,1,,,,Bondtech,Filastruder,TriangleLabs,TriangleLabs,,,,,,,,https://www.bondtech.se/en/product/motor-gear,https://www.filastruder.com/collections/bondtech/products/bondtech-motor-gear,https://s.click.aliexpress.com/e/_d7eKr16,https://www.aliexpress.com/item/32946695708.html,,,,,,,
extruder.complete-bmg-extruder-clone,Complete BMG Extruder Clone,Extruder,,partial,,,,10,voron-trident voron-0.2 stealthburner afterburner voron-m4 mobius-3.1 jetpack voron-0 voron-0.1 voron-1.8,voron-trident voron-0.2 stealthburner,11,Bondtech | Filastruder | AliExpress | Printed Solid,<< only the TL clones and genuine Bondtech are known to have good machining,BMG Extruder Insides | Bondtech Drive Gear Set | BMG Extruder Kit (used for gears) | BMG Extruder Insides 5mmID | Bondtech Drive Gear Kit 5mmID | Bondtech Drive Gear Kit,if you buy the entire extruder you will have to disassemble it for the parts as the housing is not needed,,1,1,,,1,,,1,1,1,1,1,1,1,,,Bondtech,Filastruder,Aliexpress (TL),TriangleLab,Aliexpress (TL),Aliexpress (TL),Aliexpress (TriangleLabs),TriangleLabs,TriangleLabs,Filastruder,Printed Solid,https://www.bondtech.se/en/product/drivegear-kits,https://www.filastruder.com/collections/bondtech/products/drivegear-kit,https://s.click.aliexpress.com/e/_dY14nbA,https://www.aliexpress.com/item/32907327548.html,https://s.click.aliexpress.com/e/_AU7ik2,https://www.aliexpress.com/item/4000021186440.html,https://www.aliexpress.com/item/2255799834871688.html,https://s.click.aliexpress.com/e/_dS7fWDW,https://www.aliexpress.com/item/32947193804.html,https://www.filastruder.com/products/bondtech-bmg-internals-set?_pos=1&_sid=8f05bd81a&_ss=r,https://www.printedsolid.com/products/bondtech-bmg-extruder
extruder.mr85-bearing,MR85 Bearing,Extruder,,all_live,,,,4,voron-0.2 afterburner voron-0 voron-0.1,voron-0.2,2,Bondtech | AliExpress,,MR85 Bearings,,,,2,,,,,,2,,,,2,2,,,,Bondtech,TriangleLabs,,,,,,,,,,https://www.bondtech.se/en/product/ballbearing-5x8x2-5,https://s.click.aliexpress.com/e/_dZPCzjq,,,,,,,,,
extruder.shaft-idler-assembly,Shaft/Idler Assembly,Extruder,,all_live,,,,4,voron-0.2 afterburner voron-0 voron-0.1,voron-0.2,4,Bondtech | Filastruder | AliExpress,,,,,,1,,,,,,1,,,,1,1,,,,Bondtech,Filastruder,TriangleLabs,TriangleLabs,,,,,,,,https://www.bondtech.se/en/product/shaft-assembly,https://www.filastruder.com/collections/bondtech/products/bondtech-shaft-gear-assembly,https://s.click.aliexpress.com/e/_dXUX0B6,https://www.aliexpress.com/item/32946823004.html,,,,,,,
fasteners.4-x-3-8-flat-head-self-tapping-screw,#4 x 3/8 Flat Head Self Tapping Screw,Fasteners,,all_live,,,,1,voron-2.2,,2,Bolt Depot | McMaster-Carr,,,M3 x 8mm OK Also,,,,,,,,,,,,,,,,,2,Bolt Depot,McMaster-Carr (100 pack),,,,,,,,,,https://www.boltdepot.com/Product-Details.aspx?product=2423,https://www.mcmaster.com/90048A108/,,,,,,,,,
fasteners.10x16x0-2-shim-ring,10x16x0.2 Shim Ring,Fasteners,DIN 988,partial,,,,1,voron-2.2,,2,AliExpress | McMaster-Carr,,,,,,,,,,,,,,,,,,,,4,Aliexpress,McMaster-Carr (50 pack),,,,,,,,,,https://www.aliexpress.com/item/32918722399.html,https://www.mcmaster.com/98055A119/,,,,,,,,,
fasteners.5x10x0-5-shim-ring,5x10x0.5 Shim Ring,Fasteners,DIN 988,partial,,,,1,voron-2.2,,2,AliExpress | McMaster-Carr,,,,,,,,,,,,,,,,,,,,8,Aliexpress,McMaster-Carr (50 pack),,,,,,,,,,https://www.aliexpress.com/item/32917948919.html,https://www.mcmaster.com/98055A098/,,,,,,,,,
fasteners.5x10x1-shim-ring,5x10x1 Shim Ring,Fasteners,DIN 988,all_live,,,,3,voron-2.4 voron-switchwire voron-2.2,voron-2.4 voron-switchwire,3,AliExpress | McMaster-Carr,,,,42,,,19,,,,,,,,,,,,,26,Aliexpress,McMaster-Carr (50 pack),AliExpress,,,,,,,,,https://www.aliexpress.com/item/32917948919.html,https://www.mcmaster.com/98055A099/,https://s.click.aliexpress.com/e/41Vkdm7q,,,,,,,,
fasteners.6x6x3-spacer,6x6x3 Spacer,Fasteners,,all_live,,,,1,voron-switchwire,voron-switchwire,2,Bolt Depot | McMaster-Carr,X,,,,,,,,,,,,,,,,,,,,Bolt Depot (Imperial equivalent),McMaster-Carr (Imperial equivalent),,,,,,,,,,https://www.boltdepot.com/Product-Details.aspx?product=25940,https://www.mcmaster.com/92320A322/,,,,,,,,,
fasteners.m2x10-self-tapping-screw-for-plastics,M2x10 Self Tapping Screw for Plastics,Fasteners,,partial,,,,7,voron-2.4 voron-trident voron-0.2 voron-switchwire stealthburner voron-0 voron-0.1,voron-2.4 voron-trident voron-0.2 voron-switchwire stealthburner,5,AliExpress | McMaster-Carr | Amazon,,M2x10 Self Tapping Screws for Plastic | M2x10 self tapping screw | M2x10 Self Tapping Screws for Plastic (Pan Head),,15,17,30,8,,2,,,,,,,11,15,,,,Aliexpress,McMaster-Carr (50 pack),Amazon - kit,Aliexpress,Amazon,,,,,,,https://www.aliexpress.com/item/33043885403.html,https://www.mcmaster.com/99397A267/,https://amzn.to/2JFQPSK,https://s.click.aliexpress.com/e/_d6tILYa,https://www.amazon.com/dp/B012THLK1E,,,,,,
fasteners.m2x12-self-tapping-screw-for-plastics,M2x12 Self Tapping Screw for Plastics,Fasteners,,partial,,,,3,mobius-3.1 voron-1.8 voron-2.2,,1,McMaster-Carr,,M2 x 12 or 13mm Plastite Self Tapping Screw,,,,,,,,,,,,2,,,,2,,6,McMaster-Carr (50 pack),,,,,,,,,,,https://www.mcmaster.com/99397A269/,,,,,,,,,,
fasteners.m2x8-self-tapping-screw-for-plastics,M2x8 Self Tapping Screw for Plastics,Fasteners,,partial,,,,1,voron-2.2,,1,McMaster-Carr,,,,,,,,,,,,,,,,,,,,18,McMaster-Carr (50 pack),,,,,,,,,,,https://www.mcmaster.com/99397A264/,,,,,,,,,,
fasteners.m3-hammer-head-t-nuts,M3 Hammer Head T-Nuts,Fasteners,,partial,,,,2,voron-2.4 voron-trident,voron-2.4 voron-trident,1,Amazon,,M3 Hammerhead T-Nut,,47,55,,,,,,,,,,,,,,,,Amazon,,,,,,,,,,,https://www.amazon.com/dp/B07SDFCTD4,,,,,,,,,,
fasteners.m3-heat-set-insert-m3x5x4,M3 Heat Set Insert (M3x5x4),Fasteners,,all_live,,,,10,voron-2.4 voron-trident voron-0.2 voron-switchwire stealthburner afterburner voron-m4 voron-0 voron-0.1 voron-1.8,voron-2.4 voron-trident voron-0.2 voron-switchwire stealthburner,7,AliExpress | Amazon | McMaster-Carr | cnckitchenus.store,Aliexpress - M3x5x5 | Aliexpress - M3x5x6 | Aliexpress - M3x5x7,M3 Heat Set Inserts (M3x5x4) | M3 Threaded Insert | M3 Threaded Insert (M3x5mmx4mm) | M3 Brass heatstake inserts - short M3x5x4 | M3 Brass Heat Set Inserts - Short | M3 Threaded Inserts - short | M3 Brass Heatstake Inserts | M3 Brass Heatstake Inserts - Short (M3x5x4) | M3 Brass Heatset Inserts - Short M3x5x4,McMaster-Carr (50 pack),90,109,50,54,,19; 2,,,15,5,,,20,50,40,,,Aliexpress - M3x5x4,Aliexpress,Amazon,Aliexpress - M3x5x4,McMaster-Carr,AliExpress,CNC Kitchen,,,,,https://www.aliexpress.com/item/4000232858343.html,https://s.click.aliexpress.com/e/_ANjqIj,https://www.amazon.com/dp/B077CJV3Z9,https://s.click.aliexpress.com/e/_dWMOd8C,https://www.mcmaster.com/94180A331/,https://s.click.aliexpress.com/e/_dW3Uprs,https://cnckitchenus.store/products/made-for-voron-gewindeeinsatz-threaded-insert-m3x5x4-100-stk-pcs,,,,
fasteners.m3-locknut,M3 Locknut,Fasteners,DIN 985,all_live,,,,5,voron-trident mobius-3.1 jetpack voron-0.1 voron-2.2,voron-trident,6,Bolt Depot | McMaster-Carr | AliExpress | Amazon,,M3 Lock Nut | M3 Hex Locknut,Bolt depot and Mcmaster only carry these in stainless. Try another source if you want black.,,6,,,,,,,,,1,1,,5,,,4,Bolt Depot,Bolt Depot,McMaster-Carr (100 pack),Aliexpress,Amazon,McMaster-Carr (100 pack),,,,,,https://www.boltdepot.com/Product-Details.aspx?product=4370,https://www.boltdepot.com/Product-Details.aspx?product=4792,https://www.mcmaster.com/90576A102/,https://www.aliexpress.com/item/32988995881.html,https://www.amazon.com/dp/B07BD24MXV,https://www.mcmaster.com/93625A100/,,,,,
fasteners.m3-roll-in-t-nut,M3 Roll-in T-Nut,Fasteners,,all_live,,,,2,voron-trident voron-1.8,voron-trident,3,AliExpress | Misumi,,,M3 Misumi nuts are not required for any specific locations like the M5 nuts. You can source cheaper if you would like to save a little money,,86,,,,,,,,,,,,,41,,,ZFhong,Misumi,Link CNC,,,,,,,,,https://www.aliexpress.com/item/32805163712.html,https://us.misumi-ec.com/vona2/detail/110302247910,https://www.aliexpress.com/item/32706208829.html,,,,,,,,
fasteners.m3-t-nut-for-2020-extrusions,M3 T-nut (For 2020 extrusions),Fasteners,,all_live,,,,1,voron-switchwire,voron-switchwire,2,AliExpress,,,,,,,13,,,,,,,,,,,,,,ZFhong,Link CNC,,,,,,,,,,https://www.aliexpress.com/item/32805163712.html,https://www.aliexpress.com/item/32706208829.html,,,,,,,,,
fasteners.m3-t-nut-for-3030-extrusions,M3 T-nut (For 3030 extrusions),Fasteners,,no_links,,,,1,voron-switchwire,voron-switchwire,0,,,,,,,,12,,,,,,,,,,,,,,,,,,,,,,,,,,,,,,,,,,,
fasteners.m3-t-nut-hntaj5-3,M3 T-nut HNTAJ5-3,Fasteners,,all_live,,,,2,voron-2.4 voron-2.2,voron-2.4,3,Misumi | AliExpress,,,Misumi short t-nuts are not required anywhere in the V2.4 build. You can source the cheaper ball spring options if you choose. / M3 Misumi nuts are not required for any specific locations like the M5 nuts. You can source cheaper if you would like to save a little money,104-120,,,,,,,,,,,,,,,,120,Misumi,ZFhong,Link CNC,,,,,,,,,https://us.misumi-ec.com/vona2/detail/110302247910,https://www.aliexpress.com/item/32805163712.html,https://www.aliexpress.com/item/32706208829.html,,,,,,,,
fasteners.m3-thumb-screws,M3 Thumb Screws,Fasteners,DIN466-B,all_live,,,,1,voron-1.8,,1,AliExpress,,,,,,,,,,,,,,,,,,3,,,Aliexpress,,,,,,,,,,,https://www.aliexpress.com/item/4000010655936.html,,,,,,,,,,
fasteners.m3-washer,M3 Washer,Fasteners,ISO 7089 / DIN 125,all_live,,,,6,voron-2.4 voron-trident stealthburner voron-m4 voron-1.8 voron-2.2,voron-2.4 voron-trident stealthburner,2,Bolt Depot | McMaster-Carr,,M3 washer,Bolt depot only carries these in stainless. Try another source if you want black.,2,4,,,,1,,,,2,,,,,9,,11,Bolt Depot,McMaster-Carr (100 pack),,,,,,,,,,https://www.boltdepot.com/Product-Details.aspx?product=4513,https://www.mcmaster.com/93475A210/,,,,,,,,,
fasteners.m3x12-fhcs,M3x12 FHCS,Fasteners,ISO 10642,all_live,,,,1,voron-switchwire,voron-switchwire,1,McMaster-Carr,,,,,,,9,,,,,,,,,,,,,,McMaster-Carr (25 pack),,,,,,,,,,,https://www.mcmaster.com/92125A132/,,,,,,,,,,
fasteners.m3x12-shcs,M3x12 SHCS,Fasteners,ISO 4762 / DIN 912,all_live,,,,10,voron-2.4 voron-trident voron-switchwire stealthburner afterburner voron-m4 mobius-3.1 jetpack voron-1.8 voron-2.2,voron-2.4 voron-trident voron-switchwire stealthburner,2,Bolt Depot | McMaster-Carr,,,,23,73,,12,,2,,,4,1,1,1,,,18,,42,Bolt Depot,McMaster-Carr (100 pack),,,,,,,,,,https://www.boltdepot.com/Product-Details.aspx?product=13637,https://www.mcmaster.com/91290A117/,,,,,,,,,
fasteners.m3x16-shcs,M3x16 SHCS,Fasteners,ISO 4762 / DIN 912,all_live,,,,8,voron-2.4 voron-trident voron-switchwire stealthburner afterburner voron-m4 voron-1.8 voron-2.2,voron-2.4 voron-trident voron-switchwire stealthburner,2,Bolt Depot | McMaster-Carr,,,,20,27,,12,,2,,,4,2,,,,,15,,25,Bolt Depot,McMaster-Carr (100 pack),,,,,,,,,,https://www.boltdepot.com/Product-Details.aspx?product=13638,https://www.mcmaster.com/91290A120/,,,,,,,,,
fasteners.m3x20-shcs,M3x20 SHCS,Fasteners,ISO 4762 / DIN 912,all_live,,,,9,voron-2.4 voron-trident voron-switchwire stealthburner afterburner mobius-3.1 jetpack voron-1.8 voron-2.2,voron-2.4 voron-trident voron-switchwire stealthburner,2,Bolt Depot | McMaster-Carr,,,,29,3,,3,,1,,,5,,1,5,,,7,,43,Bolt Depot,McMaster-Carr (100 pack),,,,,,,,,,https://www.boltdepot.com/Product-Details.aspx?product=13639,https://www.mcmaster.com/91290A123/,,,,,,,,,
fasteners.m3x25-shcs,M3x25 SHCS,Fasteners,ISO 4762 / DIN 912,all_live,,,,4,voron-switchwire stealthburner jetpack voron-2.2,voron-switchwire stealthburner,2,Bolt Depot | McMaster-Carr,,,,,,,2,,6,,,,,,2,,,,,4,Bolt Depot,McMaster-Carr (100 pack),,,,,,,,,,https://www.boltdepot.com/Product-Details.aspx?product=13640,https://www.mcmaster.com/91290A125/,,,,,,,,,
fasteners.m3x30-shcs,M3x30 SHCS,Fasteners,ISO 4762 / DIN 912,all_live,,,,10,voron-2.4 voron-trident voron-switchwire stealthburner afterburner voron-m4 mobius-3.1 jetpack voron-1.8 voron-2.2,voron-2.4 voron-trident voron-switchwire stealthburner,2,Bolt Depot | McMaster-Carr,,,,32,13,,28,,1,,,9,4,5,1,,,19,,8,Bolt Depot,McMaster-Carr (10 pack),,,,,,,,,,https://www.boltdepot.com/Product-Details.aspx?product=13641,https://www.mcmaster.com/91290A171/,,,,,,,,,
fasteners.m3x40-shcs,M3x40 SHCS,Fasteners,ISO 4762 / DIN 912,all_live,,,,6,voron-2.4 voron-trident voron-switchwire afterburner voron-1.8 voron-2.2,voron-2.4 voron-trident voron-switchwire,2,Bolt Depot | McMaster-Carr,,,Bolt depot only carries these in stainless. Try another source if you want black.,28,9,,7,,,,,2,,,,,,5,,28,Bolt Depot,McMaster-Carr (25 pack),,,,,,,,,,https://www.boltdepot.com/Product-Details.aspx?product=6387,https://www.mcmaster.com/91290A136/,,,,,,,,,
fasteners.m3x6-bhcs,M3x6 BHCS,Fasteners,ISO 7380-1,all_live,,,,12,voron-2.4 voron-trident voron-0.2 voron-switchwire stealthburner afterburner voron-m4 mobius-3.1 voron-0 voron-0.1 voron-1.8 voron-2.2,voron-2.4 voron-trident voron-0.2 voron-switchwire stealthburner,4,Bolt Depot | McMaster-Carr | AliExpress,,,,12,59,40,6,,1,,,1,5,5,,50,40,17,,12,Bolt Depot,Bolt Depot,McMaster-Carr (100 pack),Aliexpress,,,,,,,,https://www.boltdepot.com/Product-Details.aspx?product=13334,https://www.boltdepot.com/Metric_socket_button_head_Class_12.9_alloy_steel_black_oxide_finish_3mm_x_0.5mm.aspx,https://www.mcmaster.com/91239A111/,https://s.click.aliexpress.com/e/_d7V4XEq,,,,,,,
fasteners.m3x6-fhcs,M3x6 FHCS,Fasteners,ISO 10642 / DIN 7991,all_live,,,,4,voron-2.4 voron-trident voron-switchwire stealthburner,voron-2.4 voron-trident voron-switchwire stealthburner,2,Bolt Depot | McMaster-Carr,,,,10,17,,16,,3,,,,,,,,,,,,Bolt Depot,McMaster-Carr (100 pack),,,,,,,,,,https://www.boltdepot.com/Product-Details.aspx?product=13249,https://www.mcmaster.com/91294A126/,,,,,,,,,
fasteners.m3x6-shcs,M3x6 SHCS,Fasteners,,all_live,,,,1,mobius-3.1,,2,Bolt Depot | McMaster-Carr,,,,,,,,,,,,,,2,,,,,,,Bolt Depot,McMaster-Carr (100 pack),,,,,,,,,,https://www.boltdepot.com/Product-Details.aspx?product=13634,https://www.mcmaster.com/91290A111/,,,,,,,,,
fasteners.m3x8-shcs,M3x8 SHCS,Fasteners,ISO 4762 / DIN 912,all_live,,,,9,voron-2.4 voron-trident voron-switchwire stealthburner afterburner mobius-3.1 jetpack voron-1.8 voron-2.2,voron-2.4 voron-trident voron-switchwire stealthburner,3,Bolt Depot | McMaster-Carr,,,,201-217,140@plus 12 per size up,,66,,2,,,9,,2,2,,,121,,150,Bolt Depot,Bolt Depot,McMaster-Carr (100 pack),,,,,,,,,https://www.boltdepot.com/Product-Details.aspx?product=13635,https://www.boltdepot.com/Product-Details.aspx?product=13633,https://www.mcmaster.com/91290A113/,,,,,,,,
fasteners.m4-knurled-nut,M4 knurled nut,Fasteners,DIN 466-B,no_links,,,,1,voron-2.4,voron-2.4,0,,,,,4,,,,,,,,,,,,,,,,,,,,,,,,,,,,,,,,,,,,,,
fasteners.m4-thumb-nuts,M4 Thumb Nuts,Fasteners,,all_live,,,,1,voron-trident,voron-trident,2,AliExpress | Amazon,,,,,3,,,,,,,,,,,,,,,,Aliexpress,Amazon,,,,,,,,,,https://www.aliexpress.com/item/4000010655936.html,https://www.amazon.com/dp/B01IVU642I,,,,,,,,,
fasteners.m4x6-bhcs,M4x6 BHCS,Fasteners,ISO 7380-1,all_live,,,,4,voron-2.4 voron-trident voron-1.8 voron-2.2,voron-2.4 voron-trident,2,Bolt Depot | McMaster-Carr,,,,7,7,,,,,,,,,,,,,5,,3,Bolt Depot,McMaster-Carr (100 pack),,,,,,,,,,https://www.boltdepot.com/Product-Details.aspx?product=18944,https://www.mcmaster.com/91239A138/,,,,,,,,,
fasteners.m4x8-bhcs,M4x8 BHCS,Fasteners,ISO 7380-1,all_live,,,,1,voron-switchwire,voron-switchwire,1,McMaster-Carr,,,,,,,4,,,,,,,,,,,,,,McMaster-Carr (100 pack),,,,,,,,,,,https://www.mcmaster.com/91239A140/,,,,,,,,,,
fasteners.m5-1-0mm-thick-shim-washer,M5 1.0mm Thick Shim/Washer,Fasteners,DIN 988,all_live,,,,2,voron-trident voron-1.8,voron-trident,2,AliExpress | McMaster-Carr,,,,,24,,,,,,,,,,,,,20,,,Aliexpress,McMaster-Carr (50 pack),,,,,,,,,,https://www.aliexpress.com/item/32917948919.html,https://www.mcmaster.com/98055A099/,,,,,,,,,
fasteners.m5-heat-set-inserts-m5xd7xl6,M5 Heat Set Inserts (M5xD7xL6),Fasteners,,all_live,,,,1,voron-trident,voron-trident,1,cnckitchenus.store,,,,,15,,,,,,,,,,,,,,,,CNC Kitchen,,,,,,,,,,,https://cnckitchenus.store/products/heat-set-insert-m5-x-5-8-short-version-50-pieces,,,,,,,,,,
fasteners.m5-hexnut,M5 Hexnut,Fasteners,ISO 4033 / DIN 934,partial,,,,4,voron-2.4 voron-0 voron-1.8 voron-2.2,voron-2.4,2,Bolt Depot,,M5 Nut,,26,,,,,,,,,,,,2,,8,,2,Bolt Depot,Bolt Depot,,,,,,,,,,https://www.boltdepot.com/Product-Details.aspx?product=4785,https://www.boltdepot.com/Metric_hex_nuts_Stainless_steel_18-8_(A-2).aspx,,,,,,,,,
fasteners.m5-locknut,M5 Locknut,Fasteners,ISO 10511 / DIN 985,all_live,,,,1,voron-2.2,,2,Bolt Depot | McMaster-Carr,,,,,,,,,,,,,,,,,,,,10,Bolt Depot,McMaster-Carr (100 pack),,,,,,,,,,https://www.boltdepot.com/Product-Details.aspx?product=4803,https://www.mcmaster.com/90576A104/,,,,,,,,,
fasteners.m5-t-nut,M5 T-Nut,Fasteners,,all_live,,,,2,voron-trident voron-1.8,voron-trident,3,AliExpress | Misumi,,,,,69,,,,,,,,,,,,,75,,,ZFhong,Link CNC,Misumi,,,,,,,,,https://www.aliexpress.com/item/32805163712.html,https://www.aliexpress.com/item/32706208829.html,https://us.misumi-ec.com/vona2/detail/110302247910,,,,,,,,
fasteners.m5-t-nut-for-2020-extrusions,M5 T-nut (For 2020 extrusions),Fasteners,,all_live,,,,1,voron-switchwire,voron-switchwire,2,AliExpress,,,,,,,12,,,,,,,,,,,,,,ZFhong,Link CNC,,,,,,,,,,https://www.aliexpress.com/item/32805163712.html,https://www.aliexpress.com/item/32706208829.html,,,,,,,,,
fasteners.m5-t-nut-for-3030-extrusions,M5 T-nut (For 3030 extrusions),Fasteners,,no_links,,,,1,voron-switchwire,voron-switchwire,0,,,,,,,,52,,,,,,,,,,,,,,,,,,,,,,,,,,,,,,,,,,,
fasteners.m5-t-nut-hntaj5-5,M5 T-nut HNTAJ5-5,Fasteners,,all_live,,,,2,voron-2.4 voron-2.2,voron-2.4,3,Misumi | AliExpress,,,Misumi short t-nuts are not required anywhere in the V2.4 build. You can source the cheaper ball spring options if you choose.,61,,,,,,,,,,,,,,,,87,Misumi,ZFhong,Link CNC,,,,,,,,,https://us.misumi-ec.com/vona2/detail/110302247910,https://www.aliexpress.com/item/32805163712.html,https://www.aliexpress.com/item/32706208829.html,,,,,,,,
fasteners.m5x10-bhcs,M5x10 BHCS,Fasteners,ISO 7380-1,all_live,,,,5,voron-2.4 voron-trident voron-switchwire voron-1.8 voron-2.2,voron-2.4 voron-trident voron-switchwire,3,Bolt Depot | McMaster-Carr,,,,40,45,,50,,,,,,,,,,,69,,60,Bolt Depot,Bolt Depot,McMaster-Carr (100 pack),,,,,,,,,https://www.boltdepot.com/Product-Details.aspx?product=15646,https://www.boltdepot.com/Product-Details.aspx?product=13343,https://www.mcmaster.com/91239A224/,,,,,,,,
fasteners.m5x16-bhcs,M5x16 BHCS,Fasteners,ISO 7380-1,all_live,,,,5,voron-2.4 voron-trident voron-switchwire voron-1.8 voron-2.2,voron-2.4 voron-trident voron-switchwire,3,Bolt Depot | McMaster-Carr,,,,31,58,,12,,,,,,,,,,,44,,40,Bolt Depot,Bolt Depot,McMaster-Carr (100 pack),,,,,,,,,https://www.boltdepot.com/Product-Details.aspx?product=15648,https://www.boltdepot.com/Product-Details.aspx?product=13345,https://www.mcmaster.com/91239A232/,,,,,,,,
fasteners.m5x30-bhcs,M5x30 BHCS,Fasteners,ISO 7380-1,all_live,,,,5,voron-2.4 voron-trident voron-switchwire voron-1.8 voron-2.2,voron-2.4 voron-trident voron-switchwire,3,Bolt Depot | McMaster-Carr,,,,22,4,,5,,,,,,,,,,,6,,10,Bolt Depot,Bolt Depot,McMaster-Carr (100 pack),,,,,,,,,https://www.boltdepot.com/Product-Details.aspx?product=15651,https://www.boltdepot.com/Product-Details.aspx?product=13348,https://www.mcmaster.com/91239A236/,,,,,,,,
fasteners.m5x40-bhcs,M5x40 BHCS,Fasteners,ISO 7380-1,all_live,,,,1,voron-trident,voron-trident,2,Bolt Depot | McMaster-Carr,,,,,4,,,,,,,,,,,,,,,,Bolt Depot,McMaster-Carr (10 pack),,,,,,,,,,https://boltdepot.com/Product-Details?product=18955,https://www.mcmaster.com/91239A240/,,,,,,,,,
fasteners.m5x40-shcs,M5x40 SHCS,Fasteners,ISO 4762 / DIN 912,all_live,,,,4,voron-2.4 voron-switchwire voron-1.8 voron-2.2,voron-2.4 voron-switchwire,2,Bolt Depot | McMaster-Carr,,,,25,,,6,,,,,,,,,,,8,,12,Bolt Depot,McMaster-Carr (10 pack),,,,,,,,,,https://www.boltdepot.com/Product-Details.aspx?product=6527,https://www.mcmaster.com/91290A196/,,,,,,,,,
fasteners.m8x16-bhcs,M8x16 BHCS,Fasteners,ISO 7380,all_live,,,,1,voron-switchwire,voron-switchwire,1,McMaster-Carr,,,,,,,8,,,,,,,,,,,,,,McMaster-Carr (25 pack),,,,,,,,,,,https://www.mcmaster.com/91239A418/,,,,,,,,,,
filament.primary-color-black,Primary Color (Black),Filament,,partial,,,,8,voron-2.4 voron-trident voron-switchwire voron-m4 mobius-3.1 voron-1.8 voron-1.6.2 voron-2.2,voron-2.4 voron-trident voron-switchwire,1,Paramount 3D,,Primary Color,MakeShaper ABS / [Affiliate Link],2,2,,1,,,,,,1,1,,,,1,2,2,Paramount ABS,,,,,,,,,,,https://www.paramount-3d.com/product-page/absblack,,,,,,,,,,
filament.secondary-color-red,Secondary Color (Red),Filament,,partial,,,,8,voron-2.4 voron-trident voron-switchwire voron-m4 mobius-3.1 voron-1.8 voron-1.6.2 voron-2.2,voron-2.4 voron-trident voron-switchwire,2,Paramount 3D | Amazon,,Secondary Color,MakeShaper ABS / [Affiliate Link],1,1,,1,,,,,,1,1,,,,1,1,1,Paramount ABS,Hatchbox ABS,,,,,,,,,,https://www.paramount-3d.com/product-page/abs-pantone-enzo-red-485c-1-75mm-1kg-filament-trrl3020485c,https://www.amazon.com/dp/B00J0HB1YI,,,,,,,,,
frame.hfsb5-2020-150-tpw,HFSB5-2020-150-TPW,Frame,,all_live,,HFSB5-2020-150,TPW,1,voron-1.8,,1,Misumi,,,Front/Back Extrusions for Bed Frame with tapped ends (-TPW). Can tap DIY for cost savings,,,,,,,,,,,,,,,2@250x250x230,,,Misumi,,,,,,,,,,,https://us.misumi-ec.com/vona2/detail/110302683830?HissuCode=HFSB5-2020-150-TPW&KWSearch=HFSB5-2020-150-TPW&PNSearch=HFSB5-2020-150-TPW&searchFlow=results2type,,,,,,,,,,
frame.hfsb5-2020-200-tpw,HFSB5-2020-200-TPW,Frame,,no_links,,HFSB5-2020-200,TPW,1,voron-1.8,,0,,,,,,,,,,,,,,,,,,,2@300x300x230,,,,,,,,,,,,,,,,,,,,,,,,
frame.hfsb5-2020-230,HFSB5-2020-230,Frame,,all_live,,HFSB5-2020-230,,1,voron-1.8,,1,Misumi,,,Rear Electronics Enclosure Vertical Extrusions: Z Spec Dimension,,,,,,,,,,,,,,,2@250x250x230; 2@300x300x230,,,Misumi,,,,,,,,,,,https://us.misumi-ec.com/vona2/detail/110302683830?HissuCode=HFSB5-2020-250&Keyword=HFSB5-2020-250&PNSearch=HFSB5-2020-250&searchFlow=suggest2products,,,,,,,,,,
frame.hfsb5-2020-232-ltp,HFSB5-2020-232-LTP,Frame,G,all_live,,HFSB5-2020-232,LTP,1,voron-trident,voron-trident,1,Misumi,,,Rear bed extrusion,,1@250x250x250,,,,,,,,,,,,,,,,Misumi,,,,,,,,,,,https://us.misumi-ec.com/vona2/detail/110302683830?HissuCode=HFSB5-2020-232-LTP&KWSearch=HFSB5-2020-232-LTP&PNSearch=HFSB5-2020-232-LTP&searchFlow=results2type,,,,,,,,,,
frame.hfsb5-2020-240,HFSB5-2020-240,Frame,D,all_live,,HFSB5-2020-240,,2,voron-trident voron-1.8,voron-trident,1,Misumi,,,Rear Cross Bar for Gantry: X Spec Dimension - 10mm,,1@250x250x250,,,,,,,,,,,,,1@250x250x230,,,Misumi,,,,,,,,,,,https://us.misumi-ec.com/vona2/detail/110302683830?HissuCode=HFSB5-2020-240&Keyword=HFSB5-2020-240&PNSearch=HFSB5-2020-240&searchFlow=suggest2products,,,,,,,,,,
frame.hfsb5-2020-282-ltp,HFSB5-2020-282-LTP,Frame,G,all_live,,HFSB5-2020-282,LTP,1,voron-trident,voron-trident,1,Misumi,,,,,1@300x300x250,,,,,,,,,,,,,,,,Misumi,,,,,,,,,,,https://us.misumi-ec.com/vona2/detail/110302683830?HissuCode=HFSB5-2020-282-LTP&KWSearch=HFSB5-2020-282-LTP&PNSearch=HFSB5-2020-282-LTP&searchFlow=results2type,,,,,,,,,,
frame.hfsb5-2020-290,HFSB5-2020-290,Frame,D,all_live,,HFSB5-2020-290,,2,voron-trident voron-1.8,voron-trident,1,Misumi,,,,,1@300x300x250,,,,,,,,,,,,,1@300x300x230,,,Misumi,,,,,,,,,,,https://us.misumi-ec.com/vona2/detail/110302683830?HissuCode=HFSB5-2020-290&Keyword=HFSB5-2020-290&PNSearch=HFSB5-2020-290&searchFlow=suggest2products,,,,,,,,,,
frame.hfsb5-2020-330,HFSB5-2020-330,Frame,E,all_live,,HFSB5-2020-330,,2,voron-trident voron-1.8,voron-trident,2,Misumi,,,X Axis Extrusion: X Spec Dimension + 80mm,,1@250x250x250,,,,,,,,,,,,,1@250x250x230,,,Misumi,Misumi,,,,,,,,,,https://us.misumi-ec.com/vona2/detail/110302683830?HissuCode=HFSB5-2020-330&Keyword=HFSB5-2020-330&PNSearch=HFSB5-2020-330&searchFlow=suggest2products,https://us.misumi-ec.com/vona2/detail/110302683830?HissuCode=HFSB5-2020-330&KWSearch=HFSB5-2020-330&PNSearch=HFSB5-2020-330&searchFlow=results2type,,,,,,,,,
frame.hfsb5-2020-330-ltp,HFSB5-2020-330-LTP,Frame,H,all_live,,HFSB5-2020-330,LTP,1,voron-trident,voron-trident,1,Misumi,,,Vertical rear center extrusion,,1@250x250x250; 1@300x300x250; 1@350x350x250,,,,,,,,,,,,,,,,Misumi,,,,,,,,,,,https://us.misumi-ec.com/vona2/detail/110302683830?HissuCode=HFSB5-2020-330-LTP&KWSearch=HFSB5-2020-330-LTP&PNSearch=HFSB5-2020-330-LTP&searchFlow=results2type,,,,,,,,,,
frame.hfsb5-2020-332-ltp,HFSB5-2020-332-LTP,Frame,G,all_live,,HFSB5-2020-332,LTP,1,voron-trident,voron-trident,1,Misumi,,,,,1@350x350x250,,,,,,,,,,,,,,,,Misumi,,,,,,,,,,,https://us.misumi-ec.com/vona2/detail/110302683830?HissuCode=HFSB5-2020-332-LTP&KWSearch=HFSB5-2020-332-LTP&PNSearch=HFSB5-2020-332-LTP&searchFlow=results2type,,,,,,,,,,
frame.hfsb5-2020-340,HFSB5-2020-340,Frame,D,all_live,,HFSB5-2020-340,,2,voron-trident voron-switchwire,voron-trident voron-switchwire,1,Misumi,,Misumi 2020 x 340mm - HFSB5-2020-340,,,1@350x350x250,,1,,,,,,,,,,,,,,Misumi,,,,,,,,,,,https://us.misumi-ec.com/vona2/detail/110302683830?HissuCode=HFSB5-2020-340&Keyword=HFSB5-2020-340&PNSearch=HFSB5-2020-340&searchFlow=suggest2products,,,,,,,,,,
frame.hfsb5-2020-370,HFSB5-2020-370,Frame,,all_live,,HFSB5-2020-370,,1,voron-1.8,,1,Misumi,,,Rear Electronics Enclosure Horizontal Extrusion: X Spec Dimension + 120mm,,,,,,,,,,,,,,,1@250x250x230,,,Misumi,,,,,,,,,,,https://us.misumi-ec.com/vona2/detail/110302683830?HissuCode=HFSB5-2020-370&Keyword=HFSB5-2020-370&PNSearch=HFSB5-2020-370&searchFlow=suggest2products,,,,,,,,,,
frame.hfsb5-2020-370-ah185,HFSB5-2020-370-AH185,Frame,F,all_live,,HFSB5-2020-370,AH185,1,voron-trident,voron-trident,1,Misumi,,,Front bed extrusion,,1@250x250x250,,,,,,,,,,,,,,,,Misumi,,,,,,,,,,,https://us.misumi-ec.com/vona2/detail/110302683830?HissuCode=HFSB5-2020-370-AH185&Keyword=HFSB5-2020-370-AH185&PNSearch=HFSB5-2020-370-AH185&searchFlow=suggest2products,,,,,,,,,,
frame.hfsb5-2020-370-ah185-tpw,HFSB5-2020-370-AH185-TPW,Frame,C,all_live,,HFSB5-2020-370,AH185-TPW,1,voron-trident,voron-trident,1,Misumi,,,Lower rear horizontal extrusion,,1@250x250x250,,,,,,,,,,,,,,,,Misumi,,,,,,,,,,,https://us.misumi-ec.com/vona2/detail/110302683830?HissuCode=HFSB5-2020-370-AH185-TPW&KWSearch=HFSB5-2020-370-AH185-TPW&PNSearch=HFSB5-2020-370-AH185-TPW&searchFlow=results2type,,,,,,,,,,
frame.hfsb5-2020-370-ah45-bh325,HFSB5-2020-370-AH45-BH325,Frame,,all_live,,HFSB5-2020-370,AH45-BH325,1,voron-1.8,,1,Misumi,,,Left/Right Extrusions for Bed Frame with blind joint access holes pre-drilled. Can DIY holes for cost savings,,,,,,,,,,,,,,,2@250x250x230,,,Misumi,,,,,,,,,,,https://us.misumi-ec.com/vona2/detail/110302683830?HissuCode=HFSB5-2020-370-AH45-BH325&KWSearch=HFSB5-2020-370-AH45-BH325&PNSearch=HFSB5-2020-370-AH45-BH325&searchFlow=results2type,,,,,,,,,,
frame.hfsb5-2020-370-tpw,HFSB5-2020-370-TPW,Frame,A,all_live,,HFSB5-2020-370,TPW,2,voron-trident voron-1.8,voron-trident,1,Misumi,,,Horizontal extrusions for outer frame and Gantry / Horizontal Extrusions for outer frame and Gantry,,9@250x250x250,,,,,,,,,,,,,10@250x250x230,,,Misumi,,,,,,,,,,,https://us.misumi-ec.com/vona2/detail/110302683830?HissuCode=HFSB5-2020-370-TPW&KWSearch=HFSB5-2020-370-TPW&PNSearch=HFSB5-2020-370-TPW&searchFlow=results2type,,,,,,,,,,
frame.hfsb5-2020-380,HFSB5-2020-380,Frame,E,all_live,,HFSB5-2020-380,,2,voron-trident voron-1.8,voron-trident,1,Misumi,,,,,1@300x300x250,,,,,,,,,,,,,1@300x300x230,,,Misumi,,,,,,,,,,,https://us.misumi-ec.com/vona2/detail/110302683830?HissuCode=HFSB5-2020-380&Keyword=HFSB5-2020-380&PNSearch=HFSB5-2020-380&searchFlow=suggest2products,,,,,,,,,,
frame.hfsb5-2020-420,HFSB5-2020-420,Frame,,no_links,,HFSB5-2020-420,,1,voron-1.8,,0,,,,,,,,,,,,,,,,,,,1@300x300x230,,,,,,,,,,,,,,,,,,,,,,,,
frame.hfsb5-2020-420-ah210,HFSB5-2020-420-AH210,Frame,F,all_live,,HFSB5-2020-420,AH210,1,voron-trident,voron-trident,1,Misumi,,,,,1@300x300x250,,,,,,,,,,,,,,,,Misumi,,,,,,,,,,,https://us.misumi-ec.com/vona2/detail/110302683830?HissuCode=HFSB5-2020-420-AH210&Keyword=HFSB5-2020-420-AH210&PNSearch=HFSB5-2020-420-AH210&searchFlow=suggest2products,,,,,,,,,,
frame.hfsb5-2020-420-ah210-tpw,HFSB5-2020-420-AH210-TPW,Frame,C,all_live,,HFSB5-2020-420,AH210-TPW,1,voron-trident,voron-trident,1,Misumi,,,,,1@300x300x250,,,,,,,,,,,,,,,,Misumi,,,,,,,,,,,https://us.misumi-ec.com/vona2/detail/110302683830?HissuCode=HFSB5-2020-420-AH210-TPW&KWSearch=HFSB5-2020-420-AH210-TPW&PNSearch=HFSB5-2020-420-AH210-TPW&searchFlow=results2type,,,,,,,,,,
frame.hfsb5-2020-420-ah45-bh375,HFSB5-2020-420-AH45-BH375,Frame,,no_links,,HFSB5-2020-420,AH45-BH375,1,voron-1.8,,0,,,,,,,,,,,,,,,,,,,2@300x300x230,,,,,,,,,,,,,,,,,,,,,,,,
frame.hfsb5-2020-420-tpw,HFSB5-2020-420-TPW,Frame,A,all_live,,HFSB5-2020-420,TPW,2,voron-trident voron-1.8,voron-trident,1,Misumi,,,"Note: Currently (Summer 2021), Misumi has a long leadtime on Black extrusions. Remove the B from the part number for the silver variant",,9@300x300x250,,,,,,,,,,,,,10@300x300x230,,,Misumi,,,,,,,,,,,https://us.misumi-ec.com/vona2/detail/110302683830?HissuCode=HFSB5-2020-420-TPW&KWSearch=HFSB5-2020-420-TPW&PNSearch=HFSB5-2020-420-TPW&searchFlow=results2type,,,,,,,,,,
frame.hfsb5-2020-430,HFSB5-2020-430,Frame,E,all_live,,HFSB5-2020-430,,1,voron-trident,voron-trident,1,Misumi,,,,,1@350x350x250,,,,,,,,,,,,,,,,Misumi,,,,,,,,,,,https://us.misumi-ec.com/vona2/detail/110302683830?HissuCode=HFSB5-2020-430&Keyword=HFSB5-2020-430&PNSearch=HFSB5-2020-430&searchFlow=suggest2products,,,,,,,,,,
frame.hfsb5-2020-470-ah235,HFSB5-2020-470-AH235,Frame,F,all_live,,HFSB5-2020-470,AH235,1,voron-trident,voron-trident,1,Misumi,,,,,1@350x350x250,,,,,,,,,,,,,,,,Misumi,,,,,,,,,,,https://us.misumi-ec.com/vona2/detail/110302683830?HissuCode=HFSB5-2020-470-AH235&Keyword=HFSB5-2020-470-AH235&PNSearch=HFSB5-2020-470-AH235&searchFlow=suggest2products,,,,,,,,,,
frame.hfsb5-2020-470-ah235-tpw,HFSB5-2020-470-AH235-TPW,Frame,C,all_live,,HFSB5-2020-470,AH235-TPW,1,voron-trident,voron-trident,1,Misumi,,,,,1@350x350x250,,,,,,,,,,,,,,,,Misumi,,,,,,,,,,,https://us.misumi-ec.com/vona2/detail/110302683830?HissuCode=HFSB5-2020-470-AH235-TPW&KWSearch=HFSB5-2020-470-AH235-TPW&PNSearch=HFSB5-2020-470-AH235-TPW&searchFlow=results2type,,,,,,,,,,
frame.hfsb5-2020-470-tpw,HFSB5-2020-470-TPW,Frame,A,all_live,,HFSB5-2020-470,TPW,1,voron-trident,voron-trident,1,Misumi,,,,,9@350x350x250,,,,,,,,,,,,,,,,Misumi,,,,,,,,,,,https://us.misumi-ec.com/vona2/detail/110302683830?HissuCode=HFSB5-2020-470-TPW&KWSearch=HFSB5-2020-470-TPW&PNSearch=HFSB5-2020-470-TPW&searchFlow=results2type,,,,,,,,,,
frame.hfsb5-2020-500-lcp-rcp-av360,HFSB5-2020-500-LCP-RCP-AV360,Frame,B,all_live,,HFSB5-2020-500,LCP-RCP-AV360,1,voron-trident,voron-trident,1,Misumi,,,Vertical extrusions with blind joint access holes pre-drilled. Can DIY holes for cost savings. Use 6mm drill,,4@250x250x250; 4@300x300x250; 4@350x350x250,,,,,,,,,,,,,,,,Misumi,,,,,,,,,,,https://us.misumi-ec.com/vona2/detail/110302683830?HissuCode=HFSB5-2020-500-LCP-RCP-AV360&Keyword=HFSB5-2020-500-LCP-RCP-AV360&PNSearch=HFSB5-2020-500-LCP-RCP-AV360&searchFlow=suggest2products,,,,,,,,,,
frame.hfsb5-2020-500-ltp-rcp-av380-ap40,HFSB5-2020-500-LTP-RCP-AV380-AP40,Frame,,all_live,,HFSB5-2020-500,LTP-RCP-AV380-AP40,1,voron-1.8,,1,Misumi,,,Vertical Extrusions with blind joint access holes pre-drilled. Can DIY holes for cost savings,,,,,,,,,,,,,,,4@250x250x230; 4@300x300x230,,,Misumi,,,,,,,,,,,https://us.misumi-ec.com/vona2/detail/110302683830?HissuCode=HFSB5-2020-500-LTP-RCP-AV380-AP40&Keyword=HFSB5-2020-500-LTP-RCP-AV380-AP40&PNSearch=HFSB5-2020-500-LTP-RCP-AV380-AP40&searchFlow=suggest2products,,,,,,,,,,
frame.makerbeam-xl-15x15-100mm,Makerbeam XL 15x15 100mm,Frame,,no_links,,,,3,voron-0.2 voron-0 voron-0.1,voron-0.2,0,,,,misumi 1515 also works or cut a 200mm makerbeamXL in half,,,3,,,,,,,,,,3,3,,,,,,,,,,,,,,,,,,,,,,,,,
frame.makerbeam-xl-15x15-200mm,Makerbeam XL 15x15 200mm,Frame,,partial,,,,3,voron-0.2 voron-0 voron-0.1,voron-0.2,1,Amazon,,,misumi 1515 also works,,,16; 4,,,,,,,,,,16,16,,,,Amazon [Affiliate Link],,,,,,,,,,,https://amzn.to/3aHQ2M1,,,,,,,,,,
frame.makerbeam-xl-15x15-80-100mm,Makerbeam XL 15x15 80-100mm,Frame,,no_links,,,,1,voron-0.2,voron-0.2,0,,,,misumi 1515 also works,,,4,,,,,,,,,,,,,,,,,,,,,,,,,,,,,,,,,,,,
frame.misumi-2020-x-340mm-hfsb5-2020-340-ah15-bh325,Misumi 2020 x 340mm - HFSB5-2020-340-AH15-BH325,Frame,,no_links,,HFSB5-2020-340,AH15-BH325,1,voron-switchwire,voron-switchwire,0,,,,Currently Misumi is out of stock of black 2020 extrusions. You can order 'silver' extrustions from Misumi by replacing the HFSB5 at the begining of the part number with HFS5,,,,1,,,,,,,,,,,,,,,,,,,,,,,,,,,,,,,,,,,
frame.misumi-3030-x-300mm-hfsb6-3030-300-tpw,Misumi 3030 x 300mm - HFSB6-3030-300-TPW,Frame,,no_links,,HFSB6-3030-300,TPW,1,voron-switchwire,voron-switchwire,0,,,,,,,,2,,,,,,,,,,,,,,,,,,,,,,,,,,,,,,,,,,,
frame.misumi-3030-x-360mm-hfsb6-3030-360-lch-rch,Misumi 3030 x 360mm - HFSB6-3030-360-LCH-RCH,Frame,,no_links,,HFSB6-3030-360,LCH-RCH,1,voron-switchwire,voron-switchwire,0,,,,,,,,1,,,,,,,,,,,,,,,,,,,,,,,,,,,,,,,,,,,
frame.misumi-3030-x-400mm-hfsb6-3030-400-tpw,Misumi 3030 x 400mm - HFSB6-3030-400-TPW,Frame,,no_links,,HFSB6-3030-400,TPW,1,voron-switchwire,voron-switchwire,0,,,,,,,,2,,,,,,,,,,,,,,,,,,,,,,,,,,,,,,,,,,,
frame.misumi-3060-x-520mm-hfsb6-3060-520-ah105-bh415-av180,Misumi 3060 x 520mm - HFSB6-3060-520-AH105-BH415-AV180,Frame,,no_links,,HFSB6-3060-520,AH105-BH415-AV180,1,voron-switchwire,voron-switchwire,0,,,,,,,,2,,,,,,,,,,,,,,,,,,,,,,,,,,,,,,,,,,,
frame.misumi-hfsb5-2020-size-depends-use-configurator,Misumi HFSB5-2020 (Size depends - use configurator),Frame,,all_live,,,,4,voron-2.4 voron-trident voron-1.8 voron-2.2,voron-2.4 voron-trident,2,Misumi | LDO Motors,,,You can order 'silver' extrustions from Misumi by replacing the HFSB5 at the begining of the part number with HFS5,18@250; 18@300; 18@350,,,,,,,,,,,,,,,,17@250; 17@300; 17@350,Misumi,LDO,,,,,,,,,,https://us.misumi-ec.com/vona2/detail/110302683830?Inch=0,https://docs.ldomotors.com/en/voron/LDO_Voron_Distributors,,,,,,,,,
frame.openbuilds-angle-corner-connector,OpenBuilds Angle Corner Connector,Frame,,none_live,,,,2,voron-2.4 voron-2.2,voron-2.4,0,,,,,4,,,,,,,,,,,,,,,,4,,,,,,,,,,,,,,,,,,,,,,
hardware.3x5x0-5-shim-ring-3mm-id-5mm-od,"3x5x0.5 Shim Ring (3mm ID, 5mm OD)",Hardware,,all_live,,,,1,voron-0,,4,AliExpress | HobbyTown,,,these are required for the 20t xy idlers 5mm OD is critical so the small bearings in the idlers dont rub,,,,,,,,,,,,,4,,,,,Aliexpress,HobbyTown,Aliexpress,Aliexpress,,,,,,,,https://s.click.aliexpress.com/e/_d6LLlCu,https://www.hobbytown.com/protek-rc-3x5x0.5mm-clutch-washer-10-ptk-h-5911/p188799,https://s.click.aliexpress.com/e/_dXI90fG,https://www.aliexpress.com/item/32917948919.html,,,,,,,
hardware.3x7x0-5-shim-ring-3mm-id-7-mm-od,"3x7x0.5 Shim Ring (3mm ID, 7 mm OD)",Hardware,DIN988,all_live,,,,1,voron-0,,3,AliExpress,,,(normal m3 washers work here),,,,,,,,,,,,,26,,,,,Aliexpress,Aliexpress,Aliexpress,,,,,,,,,https://s.click.aliexpress.com/e/_dUjNx0o,https://s.click.aliexpress.com/e/_Bf9nOYLc,https://www.aliexpress.com/item/32917948919.html,,,,,,,,
hardware.hotend-mounting-screws-m2-5-m3,Hotend Mounting Screws (M2.5/M3),Hardware,,no_links,,,,1,stealthburner,stealthburner,0,,,,,,,,,,2-4,,,,,,,,,,,,,,,,,,,,,,,,,,,,,,,,,
hardware.m2-nut,M2 Nut,Hardware,ISO 4033 / DIN 934,partial,,,,3,voron-0.2 voron-0 voron-0.1,voron-0.2,1,Bolt Depot,,,for the mgn7 rails,,,60,,,,,,,,,,25-50,55,,,,Bolt Depot,,,,,,,,,,,https://www.boltdepot.com/Metric_hex_nuts_Stainless_steel_18-8_(A-2).aspx,,,,,,,,,,
hardware.m2-5x12-shcs-for-dragon-hotend-only,M2.5x12 SHCS (for dragon hotend only),Hardware,DIN 912,all_live,,,,1,voron-0,,1,AliExpress,,,,,,,,,,,,,,,,4,,,,,Aliexpress,,,,,,,,,,,https://www.aliexpress.com/item/4000888356182.html,,,,,,,,,,
hardware.m2-5x6-bhcs,M2.5x6 BHCS,Hardware,ISO 7380-1,all_live,,,,1,voron-0.1,,2,McMaster-Carr | AliExpress,,,,,,,,,,,,,,,,,5,,,,Mcmaster,Aliexpress,,,,,,,,,,https://www.mcmaster.com/screws/system-of-measurement~metric/rounded-head-screws/thread-size~m2-5/metric-alloy-steel-button-head-hex-drive-screws,https://s.click.aliexpress.com/e/_d7V4XEq,,,,,,,,,
hardware.m2x6-bhcs,M2x6 BHCS,Hardware,ISO 7380-1,all_live,,,,1,voron-0,,3,AliExpress,,,for mgn7h carriages and rails,,,,,,,,,,,,,33-58,,,,,Aliexpress,Aliexpress,Aliexpress,,,,,,,,,https://s.click.aliexpress.com/e/_dWAEssE,https://www.aliexpress.com/item/32966917947.html,https://www.aliexpress.com/item/4000038065691.html,,,,,,,,
hardware.m2x6-bhcs-shcs,M2x6 BHCS/SHCS,Hardware,ISO 7380-1,all_live,,,,1,voron-0.1,,3,Bolt Depot | AliExpress | Amazon,,,,,,,,,,,,,,,,,70,,,,Bolt Depot,Aliexpress,Amazon - M2 kit,,,,,,,,,https://www.boltdepot.com/Metric_socket_cap_Class_12.9_alloy_steel_black_oxide_finish_2mm_x_0.4mm.aspx,https://www.aliexpress.com/item/32966917947.html,https://www.amazon.com/dp/B07W5J19Y5,,,,,,,,
hardware.m2x6-fhcs,M2x6 FHCS,Hardware,ISO 10642 / DIN7991,all_live,,,,2,voron-0.2 voron-0.1,voron-0.2,2,McMaster-Carr | AliExpress,,,yes the head type is important,,,10,,,,,,,,,,,10,,,,Mcmaster,Aliexpress,,,,,,,,,,https://www.mcmaster.com/91294A004/,https://www.aliexpress.com/item/32968616563.html,,,,,,,,,
hardware.m2x6-shcs,M2x6 SHCS,Hardware,ISO 4762 / DIN 912,all_live,,,,1,voron-0.2,voron-0.2,3,Bolt Depot | AliExpress | Amazon,,,,,,60,,,,,,,,,,,,,,,Bolt Depot,Aliexpress,Amazon - M2 kit,,,,,,,,,https://www.boltdepot.com/Metric_socket_cap_Class_12.9_alloy_steel_black_oxide_finish_2mm_x_0.4mm.aspx,https://www.aliexpress.com/item/2251832870888463.html,https://www.amazon.com/dp/B07W5J19Y5,,,,,,,,
hardware.m2x8-shcs,M2x8 SHCS,Hardware,ISO 4762 / DIN 912,all_live,,,,3,voron-0.2 voron-0 voron-0.1,voron-0.2,5,Bolt Depot | AliExpress | Amazon,,,for attaching the bed carrier to mgn7 rails on the Z axis,,,10,,,,,,,,,,12,10,,,,Bolt Depot,Aliexpress,Amazon - M2 kit,Aliexpress,Amazon - M2 kit [Affiliate Link],,,,,,,https://www.boltdepot.com/Metric_socket_cap_Class_12.9_alloy_steel_black_oxide_finish_2mm_x_0.4mm.aspx,https://s.click.aliexpress.com/e/_d6vrEGq,https://amzn.to/3c0xpEh,https://www.aliexpress.com/item/2251832870888463.html,https://amzn.to/2SiHdlD,,,,,,
hardware.m2x8mm-self-tapping-screw,M2x8mm Self Tapping Screw,Hardware,,partial,,,,1,jetpack,,1,McMaster-Carr,,,,,,,,,,,,,,,1,,,,,,McMaster-Carr (50 pack),,,,,,,,,,,https://www.mcmaster.com/99397A264/,,,,,,,,,,
hardware.m3-hexnut,M3 Hexnut,Hardware,ISO 4033 / DIN 934,all_live,,,,10,voron-2.4 voron-0.2 voron-switchwire afterburner mobius-3.1 jetpack voron-0 voron-0.1 voron-1.8 voron-2.2,voron-2.4 voron-0.2 voron-switchwire,4,Bolt Depot | McMaster-Carr | AliExpress,,M3 Nut,,7,,140,3,,,,,3,,6,5,162; 2,120,7,,64,Bolt Depot,Bolt Depot,McMaster-Carr (100 pack),Aliexpress,,,,,,,,https://www.boltdepot.com/Product-Details.aspx?product=4783,https://www.boltdepot.com/Metric_hex_nuts_Stainless_steel_18-8_(A-2).aspx,https://www.mcmaster.com/90591A250/,https://www.aliexpress.com/item/32977174437.html,,,,,,,
hardware.m3-thumb-nuts,M3 Thumb Nuts,Hardware,DIN 467,all_live,,,,1,voron-0,,1,AliExpress,,,,,,,,,,,,,,,,3,,,,,Aliexpress,,,,,,,,,,,https://www.aliexpress.com/item/4000023683078.html,,,,,,,,,,
hardware.m3x10-bhcs,M3x10 BHCS,Hardware,ISO 7380-1,all_live,,,,3,voron-0.2 voron-0 voron-0.1,voron-0.2,2,Bolt Depot | AliExpress,,,,,,50,,,,,,,,,,26,25,,,,Bolt Depot,Aliexpress,,,,,,,,,,https://www.boltdepot.com/Metric_socket_button_head_Class_12.9_alloy_steel_black_oxide_finish_3mm_x_0.5mm.aspx,https://s.click.aliexpress.com/e/_dTG8kTc,,,,,,,,,
hardware.m3x10-shcs,M3x10 SHCS,Hardware,,no_links,,,,1,stealthburner,stealthburner,0,,,,,,,,,,2,,,,,,,,,,,,,,,,,,,,,,,,,,,,,,,,,
hardware.m3x10mm-bhcs,M3x10mm BHCS,Hardware,ISO 7380-1,no_links,,,,1,voron-0,,0,,,,,,,,,,,,,,,,,1,,,,,,,,,,,,,,,,,,,,,,,,,,
hardware.m3x12-bhcs,M3x12 BHCS,Hardware,ISO 7380-1,all_live,,,,3,voron-0.2 voron-0 voron-0.1,voron-0.2,2,Bolt Depot | AliExpress,,,,,,25,,,,,,,,,,20,25,,,,Bolt Depot,Aliexpress,,,,,,,,,,https://www.boltdepot.com/Metric_socket_button_head_Class_12.9_alloy_steel_black_oxide_finish_3mm_x_0.5mm.aspx,https://s.click.aliexpress.com/e/_dWjW7lk,,,,,,,,,
hardware.m3x12mm-bhcs,M3x12mm BHCS,Hardware,ISO 7380-1,no_links,,,,1,voron-0,,0,,,,,,,,,,,,,,,,,6,,,,,,,,,,,,,,,,,,,,,,,,,,
hardware.m3x16-bhcs,M3x16 BHCS,Hardware,ISO 7380-1,all_live,,,,2,voron-0.2 voron-0.1,voron-0.2,2,Bolt Depot | AliExpress,,,,,,10,,,,,,,,,,,5,,,,Bolt Depot,Aliexpress,,,,,,,,,,https://www.boltdepot.com/Metric_socket_button_head_Class_12.9_alloy_steel_black_oxide_finish_3mm_x_0.5mm.aspx,https://s.click.aliexpress.com/e/_dWjW7lk,,,,,,,,,
hardware.m3x25-bhcs,M3x25 BHCS,Hardware,ISO 7380-1,partial,,,,3,voron-0.2 voron-0 voron-0.1,voron-0.2,1,Bolt Depot,,,,,,10,,,,,,,,,,7,10,,,,Bolt Depot,,,,,,,,,,,https://www.boltdepot.com/Product-Details.aspx?product=18942,,,,,,,,,,
hardware.m3x30-bhcs,M3x30 BHCS,Hardware,ISO 7380-1,all_live,,,,3,voron-0.2 voron-0 voron-0.1,voron-0.2,2,Bolt Depot | AliExpress,,,,,,10,,,,,,,,,,8,10,,,,Bolt Depot,Aliexpress,,,,,,,,,,https://www.boltdepot.com/Product-Details.aspx?product=18943,https://s.click.aliexpress.com/e/_dUZTaXk,,,,,,,,,
hardware.m3x30mm-bhcs,M3x30mm BHCS,Hardware,ISO 7380-1,no_links,,,,1,voron-0,,0,,,,,,,,,,,,,,,,,4,,,,,,,,,,,,,,,,,,,,,,,,,,
hardware.m3x35-bhcs,M3x35 BHCS,Hardware,ISO 7380-1,partial,,,,3,voron-0.2 voron-0 voron-0.1,voron-0.2,1,Bolt Depot,,,,,,25,,,,,,,,,,35,30,,,,Bolt Depot,,,,,,,,,,,https://www.boltdepot.com/Metric_socket_button_head_Class_12.9_alloy_steel_black_oxide_finish_3mm_x_0.5mm.aspx,,,,,,,,,,
hardware.m3x40-bhcs,M3x40 BHCS,Hardware,ISO 7380-1,partial,,,,3,voron-0.2 voron-0 voron-0.1,voron-0.2,1,Bolt Depot,,,,,,10,,,,,,,,,,3,10,,,,Bolt Depot,,,,,,,,,,,https://www.boltdepot.com/Product-Details.aspx?product=15294,,,,,,,,,,
hardware.m3x50-shcs,M3x50 SHCS,Hardware,,all_live,,,,1,stealthburner,stealthburner,1,McMaster-Carr,,,,,,,,,2,,,,,,,,,,,,McMaster,,,,,,,,,,,https://www.mcmaster.com/91290A137/,,,,,,,,,,
hardware.m3x6mm-bhcs,M3x6mm BHCS,Hardware,ISO 7380-1,no_links,,,,1,voron-0,,0,,,,,,,,,,,,,,,,,1,,,,,,,,,,,,,,,,,,,,,,,,,,
hardware.m3x6mm-set-screw,M3x6mm Set Screw,Hardware,,partial,,,,1,jetpack,,2,Bolt Depot | McMaster-Carr,,,,,,,,,,,,,,,4,,,,,,Bolt Depot,McMaster-Carr (100 pack),,,,,,,,,,https://www.boltdepot.com/Product-Details.aspx?product=8828,https://www.mcmaster.com/91390A100/,,,,,,,,,
hardware.m3x8-bhcs,M3x8 BHCS,Hardware,ISO 7380-1,all_live,,,,3,voron-0.2 voron-0 voron-0.1,voron-0.2,2,Bolt Depot | AliExpress,,,,,,115,,,,,,,,,,61,100,,,,Bolt Depot,Aliexpress,,,,,,,,,,https://www.boltdepot.com/Metric_socket_button_head_Class_12.9_alloy_steel_black_oxide_finish_3mm_x_0.5mm.aspx,https://s.click.aliexpress.com/e/_d69Qoqw,,,,,,,,,
hardware.m3x8-fhcs,M3x8 FHCS,Hardware,ISO 10642,no_links,,,,2,voron-0.2 voron-0.1,voron-0.2,0,,,,,,,5,,,,,,,,,,,5,,,,,,,,,,,,,,,,,,,,,,,,,
hardware.m5x25-bhcs,M5x25 BHCS,Hardware,,all_live,,,,1,jetpack,,2,Bolt Depot | McMaster-Carr,,,,,,,,,,,,,,,2,,,,,,Bolt Depot,McMaster-Carr (100 pack),,,,,,,,,,https://www.boltdepot.com/Product-Details.aspx?product=15650,https://www.mcmaster.com/91239A234/,,,,,,,,,
hardware.m5x35mm-bhcs,M5x35mm BHCS,Hardware,ISO 7380-1,all_live,,,,1,voron-0,,2,Bolt Depot | AliExpress,,,,,,,,,,,,,,,,2,,,,,Bolt Depot,Aliexpress,,,,,,,,,,https://www.boltdepot.com/Metric_socket_button_head_Class_12.9_alloy_steel_black_oxide_finish_5mm_x_0.8mm.aspx,https://s.click.aliexpress.com/e/_d9EGBZ4,,,,,,,,,
hardware.makerbeam-xl-m3-t-nut,Makerbeam XL M3 t-nut,Hardware,,partial,,,,3,voron-0.2 voron-0 voron-0.1,voron-0.2,2,Amazon,,Makerbeam XL M3 t-nut (15 x 5.5 x 1.5mm),you can also make these by grinding down the sides of generic openbuilds m3 t nuts,,,2,,,,,,,,,,2,2,,,,Amazon,Amazon [Affiliate Link],,,,,,,,,,https://amzn.to/2UKJlnQ,https://amzn.to/2YdtWOV,,,,,,,,,
hardware.shim-washer-6mm-od-3mm-id-0-5mm-thick-thickness-is-important,Shim Washer - 6mm OD - 3mm ID - 0.5mm Thick (thickness is important),Hardware,DIN988,all_live,,,,2,voron-0.2 voron-0.1,voron-0.2,2,AliExpress,,,Shims with 7mm OD are fine as well. The 0.5mm thickness is important.,,,50,,,,,,,,,,,35,,,,Aliexpress,Aliexpress,,,,,,,,,,https://s.click.aliexpress.com/e/_dUjNx0o,https://s.click.aliexpress.com/e/_Bf9nOYLc,,,,,,,,,
hardware.thumb-screw-assembly,Thumb Screw Assembly,Hardware,,all_live,,,,5,voron-0.2 afterburner voron-m4 voron-0 voron-0.1,voron-0.2,4,Bondtech | Filastruder | AliExpress,,,,,,1,,,,,,1,1,,,1,1,,,,Bondtech,Filastruder,TriangleLabs,TriangleLabs,,,,,,,,https://www.bondtech.se/en/product/thumbscrew-assembly,https://www.filastruder.com/collections/bondtech/products/bondtech-thumbscrew-assembly,https://s.click.aliexpress.com/e/_dUxr46o,https://www.aliexpress.com/item/32947691813.html,,,,,,,
hotend.2-into-1-y-splitter,2 into 1 Y Splitter,Hotend,,all_live,,,,1,optional-parts,optional-parts,1,AliExpress,,,"Some people have been experimenting with these, nothing concrete from the development team yet though",,,,,,,Spare,,,,,,,,,,,Aliexpress,,,,,,,,,,,https://www.aliexpress.com/item/32770576556.html,,,,,,,,,,
hotend.copper-v6-heat-block,Copper V6 Heat Block,Hotend,,all_live,,,,1,optional-parts,optional-parts,1,AliExpress,,,,,,,,,,Spare,,,,,,,,,,,Aliexpress,,,,,,,,,,,https://www.aliexpress.com/item/4000011928654.html,,,,,,,,,,
hotend.copper-volcano-heatblock,Copper Volcano Heatblock,Hotend,,all_live,,,,1,optional-parts,optional-parts,1,AliExpress,,,,,,,,,,Spare,,,,,,,,,,,Aliexpress,,,,,,,,,,,https://www.aliexpress.com/item/4000012110390.html,,,,,,,,,,
hotend.e3d-v6-bowden-hotend-kit-12v,E3D V6 Bowden Hotend Kit (12V),Hotend,,all_live,,,,2,voron-1.6.2 voron-2.2,,2,AliExpress | Filastruder,,,"Trianglelab sells inexpensive clones of the E3D v6 assembly that is as good, if not better, than the original part. Purchase the all metal option. PTFE lined will break down at ABS temps. / Trianglelab sells inexpensive clones of the E3D v6 assembly that is as good, if not better, than the original part. There is no reason to buy the ""legit"" part here unless you don't like money. Purchase the all metal option. PTFE lined will break down at ABS temps.",,,,,,,,,,,,,,,,1,1,Trianglelab,Filastruder,,,,,,,,,,https://www.aliexpress.com/item/32844028127.html,https://www.filastruder.com/products/all-metal-e3d-v6-hotend,,,,,,,,,
hotend.e3d-v6-hotend-bowden,E3D V6 Hotend Bowden,Hotend,,no_links,,,,1,afterburner,,0,,,,"for whichever hotend you pick make sure you have a nozzle a heater cartridge and a thermistor, some come with them some are sold seperatly",,,,,,,,,,,,,,,,,,,,,,,,,,,,,,,,,,,,,,,
hotend.e3d-volcano-bowden-hotend-kit-12v,E3D Volcano Bowden Hotend Kit (12V),Hotend,,all_live,,,,1,optional-parts,optional-parts,1,AliExpress,,,"We don't really suggest printing with Volcanos, but some folk love them. We do suggest building a non-colcano toolhead first though. Trianglelab sells inexpensive clones of the E3D Volcano assembly that is as good, if not better, than the original part. Purchase the all metal option if you intend to print above 240C. PTFE lined will break down at ABS temps.",,,,,,,1,,,,,,,,,,,Aliexpress,,,,,,,,,,,https://www.aliexpress.com/item/32844080369.html,,,,,,,,,,
hotend.trianglelab-dragon-hotend,TriangleLab Dragon Hotend,Hotend,,none_live,,,,4,optional-parts afterburner voron-0 voron-0.1,optional-parts,0,,,Dragon Hotend | TriangleLab Dragon HotEnd | TL Dragon Hotend,pick one of these / It is not recommended to use a high flow hotend with a 3007 fan for cooling if you are only using a 0.4 nozzle.,,,,,,,1,,,,,,1,1,,,,,,,,,,,,,,,,,,,,,,,,,
hotend.v6-and-or-mosquito-brass-nozzle,V6 and/or Mosquito Brass Nozzle,Hotend,,all_live,,,,1,optional-parts,optional-parts,1,AliExpress,,,,,,,,,,Spare,,,,,,,,,,,Aliexpress,,,,,,,,,,,https://www.aliexpress.com/item/32835656952.html,,,,,,,,,,
hotend.v6-and-or-mosquito-copper-nozzle,V6 and/or Mosquito Copper Nozzle,Hotend,,all_live,,,,1,optional-parts,optional-parts,1,AliExpress,,,,,,,,,,Spare,,,,,,,,,,,Aliexpress,,,,,,,,,,,https://www.aliexpress.com/item/33044552706.html,,,,,,,,,,
hotend.v6-and-or-mosquito-steel-nozzle,V6 and/or Mosquito Steel Nozzle,Hotend,,all_live,,,,1,optional-parts,optional-parts,1,AliExpress,,,"These are suggested for use on filled filaments, you may need to increase temperatures which may result in suboptimal print results or additional tuning requirements. Your Mileage May Vary",,,,,,,Spare,,,,,,,,,,,Aliexpress,,,,,,,,,,,https://www.aliexpress.com/item/32850756758.html,,,,,,,,,,
hotend.v6-volcano-heatsink,V6/Volcano Heatsink,Hotend,,all_live,,,,1,optional-parts,optional-parts,2,AliExpress,,,,,,,,,,Spare,,,,,,,,,,,Silver,Gold,,,,,,,,,,https://www.aliexpress.com/item/32842829820.html,https://www.aliexpress.com/item/32895954372.html,,,,,,,,,
hotend.v6-volcano-titanium-heatbreak,V6/Volcano Titanium Heatbreak,Hotend,,all_live,,,,1,optional-parts,optional-parts,1,AliExpress,,,,,,,,,,Spare,,,,,,,,,,,Aliexpress,,,,,,,,,,,https://www.aliexpress.com/item/32853548000.html,,,,,,,,,,
hotend.volcano-brass-nozzle,Volcano Brass Nozzle,Hotend,,all_live,,,,1,optional-parts,optional-parts,1,AliExpress,,,,,,,,,,Spare,,,,,,,,,,,Aliexpress,,,,,,,,,,,https://www.aliexpress.com/item/32839344108.html,,,,,,,,,,
hotend.volcano-copper-nozzle,Volcano Copper Nozzle,Hotend,,all_live,,,,1,optional-parts,optional-parts,1,AliExpress,,,,,,,,,,Spare,,,,,,,,,,,Aliexpress,,,,,,,,,,,https://www.aliexpress.com/item/4000002246568.html,,,,,,,,,,
hotend.volcano-steel-nozzle,Volcano Steel Nozzle,Hotend,,all_live,,,,1,optional-parts,optional-parts,1,AliExpress,,,"These are suggested for use on filled filaments, you may need to increase temperatures which may result in suboptimal print results or additional tuning requirements. Your Mileage May Vary",,,,,,,Spare,,,,,,,,,,,Aliexpress,,,,,,,,,,,https://www.aliexpress.com/item/32879512832.html,,,,,,,,,,
kits.voron-v0-1-kit-formbot,Voron V0.1 Kit - FORMBOT,Kits,,all_live,,,,2,voron-0.2 voron-0.1,voron-0.2,1,AliExpress,,,,,,1,,,,,,,,,,,1,,,,Formbot,,,,,,,,,,,https://s.click.aliexpress.com/e/_9xE4rJ,,,,,,,,,,
kits.voron-v0-1-kit-fysetc,Voron V0.1 Kit - FYSETC,Kits,,none_live,,,,2,voron-0.2 voron-0.1,voron-0.2,0,,,Voron V0.1 Kit - FYSTECH,,,,1,,,,,,,,,,,1,,,,,,,,,,,,,,,,,,,,,,,,,
kits.voron-v0-1-kit-ldo,Voron V0.1 Kit - LDO,Kits,,partial,,,,2,voron-0.2 voron-0.1,voron-0.2,1,mnlasercutting.com,,,,,,1,,,,,,,,,,,1,,,,MNLaserCutting,,,,,,,,,,,https://mnlasercutting.com/shop/p/voron-zero-ldo-kit,,,,,,,,,,
kits.voron-v0-1-kit-siboor,Voron V0.1 Kit - SIBOOR,Kits,,none_live,,,,1,voron-0.2,voron-0.2,0,,,,,,,1,,,,,,,,,,,,,,,,,,,,,,,,,,,,,,,,,,,,
misc.3m-5952-vhb,3m 5952 VHB,Misc,,none_live,,,,2,voron-0.2 voron-0.1,voron-0.2,0,,,,,,,1,,,,,,,,,,,1,,,,,,,,,,,,,,,,,,,,,,,,,
misc.3m-vhb-tape,3M VHB Tape,Misc,,all_live,,,,1,optional-parts,optional-parts,1,Amazon,,,,,,,,,,1,,,,,,,,,,,Amazon,,,,,,,,,,,https://www.amazon.com/dp/B00GTAB20M,,,,,,,,,,
misc.6mm-x-3mm-round-neodymium-magnets,6mm x 3mm Round Neodymium Magnets,Misc,,none_live,,,,6,voron-2.4 voron-trident voron-0.2 voron-switchwire voron-0 voron-0.1,voron-2.4 voron-trident voron-0.2 voron-switchwire,0,,,,Magnets for the front door,8,8,8,8,,,,,,,,,8,8,,,,,,,,,,,,,,,,,,,,,,,,,
misc.6x3mm-magnet,6x3mm Magnet,Misc,,none_live,,,,1,stealthburner,stealthburner,0,,,,,,,,,,1,,,,,,,,,,,,,,,,,,,,,,,,,,,,,,,,,
misc.bmg-extruder-hardware-kit-if-configured-with-direct-feed,BMG Extruder Hardware Kit (if configured with direct feed),Misc,,all_live,,,,2,voron-2.4 voron-switchwire,voron-2.4 voron-switchwire,2,AliExpress,,BMG Extruder Components Kit (if configured with direct feed),,1,,,1,,,,,,,,,,,,,,Aliexpress (TL),AliExpress,,,,,,,,,,https://www.aliexpress.com/item/4000021186440.html,https://s.click.aliexpress.com/e/_Alji4k,,,,,,,,,
misc.bowden-coupler-for-4mm-od-tube,Bowden Coupler (for 4mm OD tube),Misc,,partial,,,,1,voron-2.4,voron-2.4,1,McMaster-Carr,,,,1,,,,,,,,,,,,,,,,,McMaster-Carr,,,,,,,,,,,https://www.mcmaster.com/5449K171/,,,,,,,,,,
misc.bowden-tube,Bowden Tube,Misc,,partial,,,,4,voron-trident mobius-3.1 voron-1.8 voron-2.2,voron-trident,1,AliExpress,,,"Trident uses a ""reverse bowden""--so it's not under load and not critical, and is no longer a wear item. Purchase whatever suits your fancy / 4mm OD, 2mm ID, get 10m of the first supplier, its cheap and is a wear item / V1.8 uses a ""reverse bowden""--so it's not under load and not critical, and is no longer a wear item. Purchase whatever suits your fancy",,,,,,,,,,,3m,,,,,,3m,Aliexpress,,,,,,,,,,,https://www.aliexpress.com/item/1005001408141263.html,,,,,,,,,,
misc.bowden-tube-4mm-od-2mm-id,"Bowden Tube (4mm OD, 2mm ID)",Misc,,none_live,,,,2,voron-switchwire jetpack,voron-switchwire,0,,,Bowden Tube 4mm OD/2mm ID,"4mm OD, 2mm ID, get 10m of the first supplier, its cheap and is a wear item",,,,30mm,,,,,,,,3m,,,,,,,,,,,,,,,,,,,,,,,,,,,
misc.bowden-tube-4mm-od-3mm-id-optional-for-reverse-bowden,"Bowden Tube (4mm OD, 3mm ID) optional for reverse bowden",Misc,,none_live,,,,1,voron-switchwire,voron-switchwire,0,,,,"4mm OD, 2mm ID, get 10m of the first supplier, its cheap and is a wear item",,,,3m,,,,,,,,,,,,,,,,,,,,,,,,,,,,,,,,,,,
misc.bowden-tube-4mm-od-id-depends-on-extruder-type,"Bowden Tube (4mm OD, ID depends on extruder type)",Misc,,partial,,,,1,voron-2.4,voron-2.4,1,AliExpress,,,"4mm OD, 2mm ID, get 10m of the first supplier, its cheap and is a wear item",3m,,,,,,,,,,,,,,,,,Aliexpress,,,,,,,,,,,https://www.aliexpress.com/item/1005001408141263.html,,,,,,,,,,
misc.din-rail-electronics-enclosure-steel-35mm-wide-7-5mm-tall-steel,"DIN Rail - Electronics Enclosure - Steel - 35mm wide, 7.5mm tall, Steel",Misc,,all_live,,,,2,voron-trident voron-1.8,voron-trident,1,AliExpress,,,,,2@250 build - 369mm; 2@300 build - 419mm; 2@350 build - 469mm,,,,,,,,,,,,,2-3@250 build - 370mm; 2-3@300 build - 420mm,,,Aliexpress,,,,,,,,,,,https://www.aliexpress.com/item/4001002262174.html,,,,,,,,,,
misc.filament-out-switch,Filament Out Switch,Misc,,all_live,,,,1,optional-parts,optional-parts,1,AliExpress,,,Holder is on the mobius github,,,,,,,Spare,,,,,,,,,,,Aliexpress,,,,,,,,,,,https://www.aliexpress.com/item/32829808063.html,,,,,,,,,,
misc.foam-panel-tape-5mm-wide-1mm-thick,Foam Panel Tape (5mm Wide/1mm Thick),Misc,,all_live,,,,1,optional-parts,optional-parts,2,AliExpress | Amazon,,,,,,,,,,2,,,,,,,,,,,Aliexpress,Amazon,,,,,,,,,,https://www.aliexpress.com/item/32885016096.html,https://www.amazon.com/dp/B07L6JKJD1,,,,,,,,,
misc.foam-panel-tape-5mm-wide-3mm-thick,Foam Panel Tape (5mm wide/3mm thick),Misc,,all_live,,,,2,voron-2.4 voron-trident,voron-2.4 voron-trident,1,AliExpress,,,,7m,7m,,,,,,,,,,,,,,,,Aliexpress,,,,,,,,,,,https://www.aliexpress.com/item/32885016096.html,,,,,,,,,,
misc.fume-extractor-carbon-filter-element,Fume Extractor Carbon Filter Element,Misc,,all_live,,,,1,optional-parts,optional-parts,3,Amazon | AliExpress,,,"Goes in rear exhaust housing, may require slight cut to size to fit, stack multiple inside to fill volume",,,,,,,1,,,,,,,,,,,Amazon,Aliexpress,Aliexpress,,,,,,,,,https://www.amazon.com/dp/B07KWYTCG5,https://www.aliexpress.com/item/32981088131.html,https://www.aliexpress.com/item/33051112482.html,,,,,,,,
misc.john-guest-bowden-coupling-1-8-bspp-4mm-tubing,"John Guest Bowden Coupling (1/8"" BSPP, 4mm Tubing)",Misc,,partial,,,,1,jetpack,,1,Filastruder,,,,,,,,,,,,,,,1,,,,,,Filastruder,,,,,,,,,,,https://www.filastruder.com/products/bowden-couplings-all-types?variant=21285997380,,,,,,,,,,
misc.little-rubber-feet-14x11x9mm,Little Rubber Feet (14x11x9mm),Misc,,partial,,,,3,voron-0.2 voron-0 voron-0.1,voron-0.2,1,AliExpress,,,,,,4,,,,,,,,,,4,4,,,,Aliexpress,,,,,,,,,,,https://s.click.aliexpress.com/e/_A8ySFU,,,,,,,,,,
misc.medium-strength-thread-locker,medium strength thread locker,Misc,,no_links,,,,1,voron-0.2,voron-0.2,0,,,,,,,1,,,,,,,,,,,,,,,,,,,,,,,,,,,,,,,,,,,,
misc.metal-x-carriage-optional,Metal X Carriage (OPTIONAL),Misc,,none_live,,,,1,voron-0.1,,0,,,,"yes its a bit expensive but this part is the single best bang for buck upgrade mod, dont waste money on other metal parts besides this one.",,,,,,,,,,,,,,1,,,,,,,,,,,,,,,,,,,,,,,,,
misc.mosquito-hotend-sock,Mosquito Hotend Sock,Misc,,none_live,,,,1,optional-parts,optional-parts,0,,,,"buy in bulk, these are wear items",,,,,,,Spare,,,,,,,,,,,,,,,,,,,,,,,,,,,,,,,,
misc.needle-bearings-for-bondtech-idler,Needle Bearings for Bondtech Idler,Misc,,all_live,,,,1,mobius-3.1,,1,AliExpress,,,doesnt hurt to grab 1 or 2,,,,,,,,,,,1,,,,,,,Aliexpress,,,,,,,,,,,https://www.aliexpress.com/item/32948087238.html,,,,,,,,,,
misc.nozzle-scrubber-brush,Nozzle Scrubber Brush,Misc,,none_live,,,,1,optional-parts,optional-parts,0,,,,Cut the handle off with a hacksaw,,,,,,,1,,,,,,,,,,,,,,,,,,,,,,,,,,,,,,,,
misc.ptfe-tube,PTFE Tube,Misc,,partial,,,,1,stealthburner,stealthburner,1,AliExpress,,,,,,,,,1,,,,,,,,,,,,Aliexpress,,,,,,,,,,,https://www.aliexpress.com/item/1005001408141263.html,,,,,,,,,,
misc.v6-hotend-sock,V6 Hotend Sock,Misc,,all_live,,,,1,optional-parts,optional-parts,1,AliExpress,,,"buy in bulk, these are wear items",,,,,,,Spare,,,,,,,,,,,Aliexpress,,,,,,,,,,,https://www.aliexpress.com/item/32922594383.html,,,,,,,,,,
misc.volcano-hotend-sock,Volcano Hotend Sock,Misc,,all_live,,,,1,optional-parts,optional-parts,1,AliExpress,,,"buy in bulk, these are wear items",,,,,,,Spare,,,,,,,,,,,Aliexpress,,,,,,,,,,,https://www.aliexpress.com/item/32970236537.html,,,,,,,,,,
motion.110-gt2-belt-loop,110 gt2 belt loop,Motion,,none_live,,,,1,voron-0,,0,,included in kit,,,,,,,,,,,,,,,1,,,,,,,,,,,,,,,,,,,,,,,,,,
motion.5mm-x-45mm-shaft-grind-flat,5mm x 45mm Shaft - Grind Flat,Motion,,all_live,,,,1,jetpack,,1,AliExpress,,,,,,,,,,,,,,,1,,,,,,linkcnc (Aliexpress),,,,,,,,,,,https://www.aliexpress.com/item/1739093502.html,,,,,,,,,,
motion.5mm-x-50mm-shaft,5mm x 50mm Shaft,Motion,,all_live,,,,2,voron-m4 mobius-3.1,,1,AliExpress,,,,,,,,,,,,,1,1,,,,,,,linkcnc,,,,,,,,,,,https://www.aliexpress.com/item/1739093502.html,,,,,,,,,,
motion.5x26mm-shaft,5x26mm Shaft,Motion,,all_live,,,,1,voron-2.2,,1,AliExpress,,,,,,,,,,,,,,,,,,,,2,linkcnc,,,,,,,,,,,https://www.aliexpress.com/item/1739093502.html,,,,,,,,,,
motion.5x28mm-shaft-you-can-cut-down-a-30mm-bed-height-will-change-this,"5x28mm Shaft - (You can cut down a 30mm, Bed Height will change this)",Motion,,all_live,,,,1,voron-2.2,,1,AliExpress,,,,,,,,,,,,,,,,,,,,1,linkcnc,,,,,,,,,,,https://www.aliexpress.com/item/1739093502.html,,,,,,,,,,
motion.5x30mm-shaft,5x30mm Shaft,Motion,,all_live,,,,4,voron-2.4 voron-trident voron-1.8 voron-2.2,voron-2.4 voron-trident,2,AliExpress,,,,1,1,,,,,,,,,,,,,1,,6,linkcnc,linkcnc,,,,,,,,,,https://www.aliexpress.com/item/1739093502.html,https://www.aliexpress.com/item/32769265211.html,,,,,,,,,
motion.5x50mm-shaft-grind-flat,5x50mm Shaft - Grind Flat,Motion,,all_live,,,,1,voron-2.2,,1,AliExpress,,,,,,,,,,,,,,,,,,,,2,linkcnc,,,,,,,,,,,https://www.aliexpress.com/item/1739093502.html,,,,,,,,,,
motion.5x60mm-shaft-grind-flat,5x60mm Shaft - Grind Flat,Motion,,all_live,,,,2,voron-2.4 voron-2.2,voron-2.4,1,AliExpress,,,"linkcnc will precut your shafts to specified lengths if you do not have cutting tools like a Dremel, you still need to make flats yourself",4,,,,,,,,,,,,,,,,4,linkcnc,,,,,,,,,,,https://www.aliexpress.com/item/1739093502.html,,,,,,,,,,
motion.625-2rs-bearing,625 2RS Bearing,Motion,,all_live,,,,2,voron-2.4 voron-2.2,voron-2.4,2,AliExpress,,,,12,,,,,,,,,,,,,,,,16,RainDew,Fushi,,,,,,,,,,https://www.aliexpress.com/item/32991204773.html,https://www.aliexpress.com/item/32802288535.html,,,,,,,,,
motion.8mm-t8x8-trapezoidal-acme-lead-screw-200mm-8mm-lead,8mm T8x8 Trapezoidal ACME Lead Screw 200mm (8mm lead),Motion,,partial,,,,1,voron-0,,1,AliExpress,,,,,,,,,,,,,,,,1,,,,,Aliexpress,,,,,,,,,,,https://s.click.aliexpress.com/e/_dXySUv6,,,,,,,,,,
motion.extruder-spring,Extruder Spring,Motion,,all_live,,,,1,jetpack,,1,AliExpress,,,,,,,,,,,,,,,1,,,,,,TriangleLab (Aliexpress),,,,,,,,,,,https://www.aliexpress.com/item/32811213869.html,,,,,,,,,,
motion.f623-rs-bearing,F623-RS Bearing,Motion,,partial,,,,3,voron-0.2 voron-0 voron-0.1,voron-0.2,2,AliExpress,,,,,,24,,,,,,,,,,20,24,,,,Aliexpress,Aliexpress,,,,,,,,,,https://s.click.aliexpress.com/e/_AOxtwP,https://s.click.aliexpress.com/e/_d6E3oIC,,,,,,,,,
motion.f688-rs-bearing,F688-RS Bearing,Motion,,all_live,,,,1,voron-0,,2,AliExpress,included in kit,,,,,,,,,,,,,,,1,,,,,Aliexpress,F-688 zz,,,,,,,,,,https://s.click.aliexpress.com/e/_d8sMqn6,https://s.click.aliexpress.com/e/_dZVGC8K,,,,,,,,,
motion.f695-2rs-bearing,F695 2RS Bearing,Motion,,all_live,,,,7,voron-2.4 voron-trident voron-switchwire voron-m4 mobius-3.1 voron-1.8 voron-2.2,voron-2.4 voron-trident voron-switchwire,3,AliExpress,,F695 2RS | F695 Bearing (add two for stepper double shear) | F695 Bearing,,20,24,,20,,,,,,2,2,,,,20,,36,RainDew,Fushi,AliExpress,,,,,,,,,https://www.aliexpress.com/item/33001186278.html,https://www.aliexpress.com/item/32850989216.html,https://s.click.aliexpress.com/e/FhQBXGmc,,,,,,,,
motion.ge5c-spherical-bearing,GE5C Spherical Bearing,Motion,,all_live,,,,1,voron-trident,voron-trident,2,AliExpress | igus.com,,,,,3,,,,,,,,,,,,,,,,Aliexpress,Igus,,,,,,,,,,https://www.aliexpress.com/item/4000335932856.html,https://www.igus.com/search?q=EGLM-05,,,,,,,,,
motion.gt2-16t-6mm-wide-pulley-5mm-bore,GT2 16T (6mm wide) Pulley (5mm bore),Motion,,all_live,,,,3,voron-2.4 jetpack voron-2.2,voron-2.4,1,AliExpress,,,,4,,,,,,,,,,,2,,,,,4,POWGE,,,,,,,,,,,https://www.aliexpress.com/item/1744808992.html,,,,,,,,,,
motion.gt2-16t-toothed-idler-w-bearing-6mm-wide-3mm-bore-13mmod,GT2 16T Toothed idler w/bearing (6mm wide) (3mm bore) (13mmOD),Motion,,all_live,,,,1,voron-0,,1,Amazon,included in kit,,,,,,,,,,,,,,,2,,,,,Amazon,,,,,,,,,,,https://amzn.to/3eiB1CM,,,,,,,,,,
motion.gt2-20t-6mm-wide-8mm-bore,GT2 20T (6mm wide) (8mm bore),Motion,,all_live,,,,1,voron-0,,1,AliExpress,included in kit,,,,,,,,,,,,,,,1,,,,,Aliexpress,,,,,,,,,,,https://s.click.aliexpress.com/e/_dYtoM9A,,,,,,,,,,
motion.gt2-20t-6mm-wide-pulley-5mm-bore,GT2 20T (6mm wide) Pulley (5mm bore),Motion,,partial,,,,10,voron-2.4 voron-trident voron-0.2 voron-switchwire voron-m4 mobius-3.1 voron-0 voron-0.1 voron-1.8 voron-2.2,voron-2.4 voron-trident voron-0.2 voron-switchwire,4,AliExpress,included in kit,"GT2 20T (6mm wide) (5mm bore) | GT2 20T Pulley (6mm wide, 5mm bore)",,3,3,2,3,,,,,,2,2,,3,2,3,,13,POWGE,Aliexpress,AliExpress,Aliexpress,,,,,,,,https://www.aliexpress.com/item/32226562320.html,https://s.click.aliexpress.com/e/_AqN4lx,https://s.click.aliexpress.com/e/E1Y0mkUu,https://s.click.aliexpress.com/e/_dYtoM9A,,,,,,,
motion.gt2-20t-6mm-wide-pulley-5mm-bore-no-set-screw-hub,GT2 20T (6mm wide) Pulley (5mm bore) - No Set Screw Hub,Motion,,no_links,,,,1,voron-2.2,,0,,Build from 2x POWGE 20t 6mm Pulley,,"RD pulleys are incorrect size and are inconsistent in profile, use POWGE",,,,,,,,,,,,,,,,,2,,,,,,,,,,,,,,,,,,,,,,
motion.gt2-20t-6mm-wide-toothed-idler-5mm-bore,GT2 20T (6mm wide) Toothed Idler (5mm bore),Motion,,partial,,,,3,voron-2.4 voron-trident voron-1.8,voron-2.4 voron-trident,2,AliExpress | Filastruder,,,"RD pulleys are incorrect size and are inconsistent in profile, use POWGE",2,2,,,,,,,,,,,,,2,,,POWGE,Filastruder (US) [Gates],,,,,,,,,,https://www.aliexpress.com/item/32726309946.html,https://www.filastruder.com/products/gates-2gt-idler,,,,,,,,,
motion.gt2-20t-9mm-wide-pulley-5mm-bore,GT2 20T (9mm wide) Pulley (5mm bore),Motion,,all_live,,,,2,voron-2.4 voron-2.2,voron-2.4,1,AliExpress,,,"(10mm wide parts, such as the POWGE link are acceptable)",4,,,,,,,,,,,,,,,,8,POWGE,,,,,,,,,,,https://www.aliexpress.com/item/32650675929.html,,,,,,,,,,
motion.gt2-20t-9mm-wide-toothed-idler-5mm-bore,GT2 20T (9mm wide) Toothed Idler (5mm bore),Motion,,partial,,,,1,voron-2.4,voron-2.4,2,AliExpress | Filastruder,,,"(10mm wide parts, such as the POWGE link are acceptable)",4,,,,,,,,,,,,,,,,,POWGE,Filastruder (US) [Gates],,,,,,,,,,https://www.aliexpress.com/item/32750492452.html,https://www.filastruder.com/products/gates-2gt-idler,,,,,,,,,
motion.gt2-80t-6mm-wide-pulley-5mm-bore,GT2 80T (6mm wide) Pulley (5mm bore),Motion,,all_live,,,,1,voron-2.4,voron-2.4,1,AliExpress,,,,4,,,,,,,,,,,,,,,,,POWGE,,,,,,,,,,,https://www.aliexpress.com/item/32782605159.html,,,,,,,,,,
motion.gt2-belt-loop-6mm-wide-110mm,GT2 Belt Loop (6mm wide) - 110mm,Motion,,none_live,,,,1,voron-2.2,,0,,,,,,,,,,,,,,,,,,,,,2,,,,,,,,,,,,,,,,,,,,,,
motion.gt2-belt-loop-6mm-wide-150mm,GT2 Belt Loop (6mm wide) - 150mm,Motion,,all_live,,,,1,jetpack,,1,AliExpress,,,,,,,,,,,,,,,1,,,,,,POWGE (Aliexpress),,,,,,,,,,,https://www.aliexpress.com/item/1837021682.html,,,,,,,,,,
motion.gt2-belt-loop-6mm-wide-188mm,GT2 Belt Loop (6mm wide) - 188mm,Motion,,partial,,,,4,voron-2.4 voron-m4 mobius-3.1 voron-2.2,voron-2.4,2,AliExpress,,,,4,,,,,,,,,1,1,,,,,,4,POWGE,AliExpress,,,,,,,,,,https://www.aliexpress.com/item/4000034021834.html,https://s.click.aliexpress.com/e/ripvAfVQ,,,,,,,,,
motion.gt2-open-belt-6mm-2-meters,GT2 Open Belt 6mm (2 meters),Motion,,all_live,,,,1,voron-0,,1,AliExpress,included in kit,,,,,,,,,,,,,,,1,,,,,Aliexpress,,,,,,,,,,,https://s.click.aliexpress.com/e/_dZ6ZPZ2,,,,,,,,,,
motion.gt2-open-belt-6mm-3-meters,GT2 Open Belt 6mm (3 meters),Motion,,all_live,,,,1,voron-0.1,,2,AliExpress,,,,,,,,,,,,,,,,,1,,,,Aliexpress,Aliexpress,,,,,,,,,,https://s.click.aliexpress.com/e/_AWdYSR,https://s.click.aliexpress.com/e/_dZ6ZPZ2,,,,,,,,,
motion.gt2-open-belt-6mm-3000mm,GT2 Open Belt 6mm (3000mm),Motion,,all_live,,,,1,voron-0.2,voron-0.2,2,AliExpress,,,,,,1,,,,,,,,,,,,,,,Aliexpress,Aliexpress,,,,,,,,,,https://s.click.aliexpress.com/e/_DBbMKkt,https://s.click.aliexpress.com/e/_dZ6ZPZ2,,,,,,,,,
motion.gt2-open-belt-ll-2gt-6-6mm-wide,GT2 Open Belt LL-2GT-6 (6mm wide),Motion,,partial,,,,2,voron-trident voron-1.8,voron-trident,1,AliExpress,,,GATES belts are required for every open loop belt on the machine. SDP-SI is a US gates reseller (and tested),,6 meters,,,,,,,,,,,,,6 meters,,,Trianglelab,,,,,,,,,,,https://www.aliexpress.com/item/32853559638.html,,,,,,,,,,
motion.gt2-open-belt-ll-2gt-6-6mm-wide-1500mm,GT2 Open Belt LL-2GT-6 (6mm wide) - 1500mm,Motion,,partial,,,,1,voron-switchwire,voron-switchwire,2,AliExpress,,,GATES belts are required for every open loop belt on the machine. SDP-SI is a US gates reseller (and tested),,,,2,,,,,,,,,,,,,,AliExpress,POWGE,,,,,,,,,,https://s.click.aliexpress.com/e/2pncOJKs,https://www.aliexpress.com/item/32987817703.html,,,,,,,,,
motion.gt2-open-belt-ll-2gt-6-6mm-wide-800mm,GT2 Open Belt LL-2GT-6 (6mm wide) - 800mm,Motion,,no_links,,,,1,voron-switchwire,voron-switchwire,0,,,,,,,,1,,,,,,,,,,,,,,,,,,,,,,,,,,,,,,,,,,,
motion.gt2-open-belt-ll-2gt-6-6mm-wide-length-dependant-on-config,GT2 Open Belt LL-2GT-6 (6mm wide) - Length Dependant on Config,Motion,,partial,,,,2,voron-2.4 voron-2.2,voron-2.4,2,AliExpress,,,GATES belts are required for every open loop belt on the machine. SDP-SI is a US gates reseller (and tested),2,,,,,,,,,,,,,,,,2,Trianglelab,POWGE,,,,,,,,,,https://www.aliexpress.com/item/32853559638.html,https://www.aliexpress.com/item/32987817703.html,,,,,,,,,
motion.gt2-open-belt-ll-2gt-6-9mm-wide-length-dependant-on-config,GT2 Open Belt LL-2GT-6 (9mm wide) - Length Dependant on Config,Motion,,none_live,,,,1,voron-2.2,,0,,,,,,,,,,,,,,,,,,,,,4,,,,,,,,,,,,,,,,,,,,,,
motion.gt2-open-belt-ll-2gt-9-9mm-wide-length-dependant-on-config,GT2 Open Belt LL-2GT-9 (9mm wide) - Length Dependant on Config,Motion,,none_live,,,,1,voron-2.4,voron-2.4,0,,,,,4,,,,,,,,,,,,,,,,,,,,,,,,,,,,,,,,,,,,,,
motion.integrated-lead-screw-stepper-motors-300mm-2-4-8mm-pitch,"Integrated Lead Screw/Stepper Motors - 300mm, 2/4/8mm pitch",Motion,,none_live,,,,2,voron-trident voron-1.8,voron-trident,0,,,,4mm pitch recommended for most applications / You can chose whichever pitch you want--8mm or 4mm may be best,,3,,,,,,,,,,,,,2,,,,,,,,,,,,,,,,,,,,,,,,
motion.key-bak-super48-36-13oz,"Key-bak Super48 36"" 13oz",Motion,,all_live,,,,1,voron-switchwire,voron-switchwire,1,Amazon,,,,,,,1,,,,,,,,,,,,,,Amazon,,,,,,,,,,,https://amzn.to/3isiyWo,,,,,,,,,,
motion.kfl08-pillow-bearing-8mm-id,KFL08 pillow bearing 8mm ID,Motion,,none_live,,,,1,voron-0,,0,,included in kit,,,,,,,,,,,,,,,1,,,,,,,,,,,,,,,,,,,,,,,,,,
motion.linear-bearings-lmuw8,Linear Bearings (LMUW8),Motion,,all_live,,,,1,voron-1.6.2,,1,Misumi,,,,,,,,,,,,,,,,,,,8,,Misumi,,,,,,,,,,,https://us.misumi-ec.com/vona2/detail/110300026540?HissuCode=LMUW8&Keyword=LMUW8&PNSearch=LMUW8&searchFlow=suggest2products,,,,,,,,,,
motion.linear-bearings-lm8luu,Linear Bearings - LM8LUU,Motion,,all_live,,,,1,voron-1.8,,1,AliExpress,,,,,,,,,,,,,,,,,,4,,,Aliexpress (CNA),,,,,,,,,,,https://www.aliexpress.com/item/32261426948.html,,,,,,,,,,
motion.linear-rail-mgn12h-see-configurator-for-length,Linear Rail MGN12H ** See Configurator for length **,Motion,,all_live,,,,3,voron-2.4 voron-trident voron-switchwire,voron-2.4 voron-trident voron-switchwire,5,AliExpress | RobotDigg | Zyltech | LDO Motors,,Linear Rail MGN12H for X Axis | Linear Rail MGN12H (300mm),"RobotDigg PN: GS_MGN12-1H-B300 pay attention to rail length vs build size, they are not the same / RobotDigg PN: GS_MGN12-1H-B350 pay attention to rail length vs build size, they are not the same / RobotDigg PN: GS_MGN12-1H-B400 pay attention to rail length vs build size, they are not the same / If ordering CNA, specify ""medium preload"" in order notes. RobotDigg PN: GS_MGN9-1H-B300",1@250; 1@300; 1@350,1@250x250 -> 300mm rails; 1@300x300 -> 350mm rails; 1@350x350 -> 400mm rails,,4,,,,,,,,,,,,,,CNA,RobotDigg (Black Stainless Rails),Zyltech,CNA,LDO,,,,,,,https://www.aliexpress.com/item/32829826159.html,"https://www.robotdigg.com/product/1314/Black-anodized-linear-rail-7,-9,-12-and-15",https://www.zyltech.com/zyltech-mgn12-h-type-linear-rail-with-single-or-double-carriage-block,https://www.aliexpress.com/item/2251832643511407.html,https://docs.ldomotors.com/en/voron/LDO_Voron_Distributors,,,,,,
motion.linear-rail-mgn9h-see-configurator-for-length,Linear Rail MGN9H ** See Configurator for length **,Motion,,all_live,,,,4,voron-2.4 voron-trident voron-1.8 voron-2.2,voron-2.4 voron-trident,3,AliExpress | RobotDigg | Zyltech,,Linear Rail MGN9H for Y Axis | Linear Rail MGN9H for Z Axis,"RobotDigg PN: GS_MGN9-1H-B300 pay attention to rail length vs build size, they are not the same / RobotDigg PN: GS_MGN9-1H-B350 pay attention to rail length vs build size, they are not the same / RobotDigg PN: GS_MGN9-1H-B400 pay attention to rail length vs build size, they are not the same / If ordering CNA, specify ""medium preload"" in order notes. RobotDigg PN: GS_MGN9-1H-B300 / If ordering CNA, specify ""medium preload"" in order notes. RobotDigg PN: GS_MGN9-1H-B350 / RobotDigg PN: GS_MGN9-1H-B300 / RobotDigg PN: GS_MGN9-1H-B350 / RobotDigg PN: GS_MGN9-1H-B400",6@250; 6@300; 6@350,2@250x250 -> 300mm rails; 2@300x300 -> 350mm rails; 2@350x350 -> 400mm rails; 3@All builds -> 300mm rails,,,,,,,,,,,,,4@250x250 -> 300mm rails; 4@300x300 -> 350mm rails,,7@250; 7@300; 7@350,CNA,RobotDigg (Black Stainless Rails),Zyltech,,,,,,,,,https://www.aliexpress.com/item/32773296501.html,"https://www.robotdigg.com/product/1314/Black-anodized-linear-rail-7,-9,-12-and-15",https://www.zyltech.com/zyltech-mgn9-linear-rail-with-single-or-double-carriage-block,,,,,,,,
motion.linear-rods-psfj8-320,Linear Rods (PSFJ8-320),Motion,,all_live,,,,1,voron-1.6.2,,1,Misumi,,,,,,,,,,,,,,,,,,,8,,Misumi,,,,,,,,,,,https://us.misumi-ec.com/vona2/detail/110302634310?HissuCode=PSFJ8-320&KWSearch=PSFJ8-320&PNSearch=PSFJ8-320&searchFlow=results2type,,,,,,,,,,
motion.linear-rods-8mm-320mm-long-for-230mm-z,"Linear Rods - 8mm, 320mm Long (for 230mm Z)",Motion,,all_live,,,,1,voron-1.8,,1,AliExpress,,,"These are only for new builds--users who want to keep their existing V1.6 320mm 8mm rods can do so, but with shorter Z travel",,,,,,,,,,,,,,,4,,,Aliexpress (CNA),,,,,,,,,,,https://www.aliexpress.com/item/32676553191.html,,,,,,,,,,
motion.mgn7h-linear-rail-with-carriage-150mm,MGN7H Linear Rail with Carriage (150mm),Motion,,partial,,,,3,voron-0.2 voron-0 voron-0.1,voron-0.2,1,AliExpress,,,CNA medium Load,,,5,,,,,,,,,,5,5,,,,CNA Mechanical,,,,,,,,,,,https://www.aliexpress.com/item/32880801484.html,,,,,,,,,,
motion.mr115-2rs-bearing,MR115-2RS Bearing,Motion,,partial,,,,1,jetpack,,1,AliExpress,,,,,,,,,,,,,,,3,,,,,,Fushi (Aliexpress),,,,,,,,,,,https://www.aliexpress.com/item/32955249477.html,,,,,,,,,,
motion.mr128-2rs-bearing,MR128-2RS Bearing,Motion,,none_live,,,,1,jetpack,,0,,,,,,,,,,,,,,,,1,,,,,,,,,,,,,,,,,,,,,,,,,,,
motion.t8-flange-nut-8mm-lead-anti-backlash-prefered-see-note-section,T8 flange Nut 8mm Lead --anti-backlash prefered-- (SEE NOTE SECTION),Motion,,partial,,,,3,voron-0.2 voron-0 voron-0.1,voron-0.2,2,Amazon | AliExpress,,,"anti-backlash nuts commonly come in two sizes 18mm hole spacing with a 24mmOD or a 16mm hole spacing with 22mmOD, the later will require you to add a flat to one side by hand. either option will work just make sure you print the part that matched your nut. there is a tool in the STL file to help with adding the flats to a full round nut. / anti-backlash nuts commonly come in two sides 18mm hole spacing with a 24mmOD or a 16mm hole spacing with 22mmOD, the later will require you do add a flat to one side by hand. either option will work just make sure you print the part that matched your nut. there is a tool in the STL file to help with adding the flats to a full round nut.",,,1,,,,,,,,,,1,1,,,,Amazon,Aliexpress,,,,,,,,,,https://www.amazon.com/dp/B088FPNVVF,https://s.click.aliexpress.com/e/_dSL2ALg,,,,,,,,,
panels.deck-front-deck-back-mid-panel-3mm-thick.voron-0,"(Deck front,Deck back, Mid panel) 3mm thick",Panels,,all_live,voron-0,,,1,voron-0,,1,mnlasercutting.com,Hand cut,,pretty much any resonable plastic as long as its 3mm thick. (ABS is a cheap common option) you can even print them if you want,,,,,,,,,,,,,1,,,,,MN Laser Cutting,,,,,,,,,,,https://mnlasercutting.com/,,,,,,,,,,
panels.deck-panel-mid-panel-motor-panel-rear-panel-3mm-thick.voron-0.1,"(Deck Panel, Mid panel, Motor Panel, Rear Panel) 3mm thick",Panels,,all_live,voron-0.1,,,1,voron-0.1,,1,mnlasercutting.com,cut by hand per Drawings,,pretty much any reasonable plastic as long as its 3mm thick. (ABS is a cheap common option) you can even print them if you want,,,,,,,,,,,,,,1,,,,MN Laser Cutting,,,,,,,,,,,https://mnlasercutting.com/,,,,,,,,,,
panels.deck-panel-mid-panel-motor-panel-rear-panel-3mm-thick-drawings-and-dxf-on-github.voron-0.2,"(Deck Panel, Mid panel, Motor Panel, Rear Panel) 3mm thick (drawings and dxf on github)",Panels,,all_live,voron-0.2,,,1,voron-0.2,voron-0.2,1,mnlasercutting.com,cut by hand per Drawings,,pretty much any reasonable plastic as long as its 3mm thick. (ABS is a cheap common option) you can even print them if you want,,,1,,,,,,,,,,,,,,,MN Laser Cutting,,,,,,,,,,,https://mnlasercutting.com/,,,,,,,,,,
panels.bottom-back-electronics-bay-panels.voron-2.4,Bottom/Back/Electronics Bay Panels,Panels,,all_live,voron-2.4,,,1,voron-2.4,voron-2.4,2,michaels.com | mnlasercutting.com,,,,3,,,,,,,,,,,,,,,,,Michaels Craft Store (Coroplast),MN Laser Cutting,,,,,,,,,,https://www.michaels.com/corrugated-board-by-creatology/M10567770.html,https://mnlasercutting.com/,,,,,,,,,
panels.bottom-back-electronics-bay-panels.voron-1.8,Bottom/Back/Electronics Bay Panels,Panels,,all_live,voron-1.8,,,1,voron-1.8,,2,michaels.com | mnlasercutting.com,,,ABS Sheets are a common replacement that are also easy to cut and offer a more rigid surface for the deck plate that can have components mounted directly to it,,,,,,,,,,,,,,,,,,Michaels Craft Store (Coroplast),MN Laser Cutting,,,,,,,,,,https://www.michaels.com/corrugated-board-by-creatology/M10567770.html,https://www.mnlasercutting.com/,,,,,,,,,
panels.bottom-back-electronics-bay-panels.voron-1.6.2,Bottom/Back/Electronics Bay Panels,Panels,,all_live,voron-1.6.2,,,1,voron-1.6.2,,2,michaels.com | mnlasercutting.com,,,ABS Sheets are a common replacement that are also easy to cut and offer a more rigid surface for the deck plate that can have components mounted directly to it,,,,,,,,,,,,,,,,3,,Michaels Craft Store (Coroplast),MN Laser Cutting,,,,,,,,,,https://www.michaels.com/corrugated-board-by-creatology/M10567770.html,https://www.mnlasercutting.com/,,,,,,,,,
panels.bottom-back-electronics-bay-panels.voron-2.2,Bottom/Back/Electronics Bay Panels,Panels,,all_live,voron-2.2,,,1,voron-2.2,,2,michaels.com | mnlasercutting.com,,,,,,,,,,,,,,,,,,,,3,Michaels Craft Store (Coroplast),MN Laser Cutting,,,,,,,,,,https://www.michaels.com/corrugated-board-by-creatology/M10567770.html,https://www.mnlasercutting.com/,,,,,,,,,
panels.deck-bottom-and-back-panels.voron-trident,"Deck, Bottom and Back Panels",Panels,,all_live,voron-trident,,,1,voron-trident,voron-trident,3,michaels.com | Printed Solid | mnlasercutting.com,,,ABS and ACM Sheets are a common replacement that are also easy to cut and offer a more rigid surface for the deck plate that can have components mounted directly to it,,,,,,,,,,,,,,,,,,Michaels Craft Store (Coroplast),Printed Solid,MN Laser Cutting,,,,,,,,,https://www.michaels.com/corrugated-board-by-creatology/M10567770.html,https://www.printedsolid.com/products/voron-trident-panel-set-made-from-aluminum-composite-material-acrylic-sold-separate,https://www.mnlasercutting.com/,,,,,,,,
panels.front-door-212mm-x-239mm-x-2-5mm-pc-or-acrylic.voron-0,Front Door 212mm x 239mm x 2.5mm (PC or Acrylic),Panels,,all_live,voron-0,,,1,voron-0,,1,tapplastics.com,3mm foam board,,,,,,,,,,,,,,,1,,,,,TAP Plastic,,,,,,,,,,,https://www.tapplastics.com/product/plastics/cut_to_size_plastic/polycarbonate_sheets/516,,,,,,,,,,
panels.front-door-212mm-x-239mm-x-2-5mm-pc-or-acrylic.voron-0.1,Front Door 212mm x 239mm x 2.5mm (PC or Acrylic),Panels,,all_live,voron-0.1,,,1,voron-0.1,,1,tapplastics.com,cut by hand per Drawings,,,,,,,,,,,,,,,,1,,,,TAP Plastic,,,,,,,,,,,https://www.tapplastics.com/product/plastics/cut_to_size_plastic/polycarbonate_sheets/516,,,,,,,,,,
panels.front-door-212mm-x-239mm-x-3mm-pc-or-acrylic.voron-0.2,Front Door 212mm x 239mm x 3mm (PC or Acrylic),Panels,,all_live,voron-0.2,,,1,voron-0.2,voron-0.2,1,tapplastics.com,cut by hand per Drawings,,,,,1,,,,,,,,,,,,,,,TAP Plastic,,,,,,,,,,,https://www.tapplastics.com/product/plastics/cut_to_size_plastic/polycarbonate_sheets/516,,,,,,,,,,
panels.opaque-enclosure-panels.voron-switchwire,Opaque Enclosure Panels,Panels,,all_live,voron-switchwire,,,1,voron-switchwire,voron-switchwire,1,mnlasercutting.com,,,,,,,6,,,,,,,,,,,,,,MN Laser Cutting,,,,,,,,,,,https://mnlasercutting.com/,,,,,,,,,,
panels.rear-panel-212mm-x-248mm-whatever-material-you-want.voron-0.2,Rear Panel 212mm x 248mm (whatever material you want),Panels,,all_live,voron-0.2,,,1,voron-0.2,voron-0.2,1,tapplastics.com,cut by hand per Drawings,,,,,1,,,,,,,,,,,,,,,TAP Plastic,,,,,,,,,,,https://www.tapplastics.com/product/plastics/cut_to_size_plastic/polycarbonate_sheets/516,,,,,,,,,,
panels.rear-panel-212mm-x-248mm-whatever-material-you-want.voron-0.1,Rear Panel 212mm x 248mm (whatever material you want),Panels,,all_live,voron-0.1,,,1,voron-0.1,,1,tapplastics.com,cut by hand per Drawings,,,,,,,,,,,,,,,,1,,,,TAP Plastic,,,,,,,,,,,https://www.tapplastics.com/product/plastics/cut_to_size_plastic/polycarbonate_sheets/516,,,,,,,,,,
panels.rear-panel-212mm-x-248mm-x-2-5mm-whatever-material-you-want.voron-0,Rear Panel 212mm x 248mm x 2.5mm (whatever material you want),Panels,,all_live,voron-0,,,1,voron-0,,1,tapplastics.com,3mm foam board,,,,,,,,,,,,,,,1,,,,,TAP Plastic,,,,,,,,,,,https://www.tapplastics.com/product/plastics/cut_to_size_plastic/polycarbonate_sheets/516,,,,,,,,,,
panels.side-panel-212mm-x-230mm-x-2-5mm-pc-or-acrylic.voron-0,Side Panel 212mm x 230mm x 2.5mm (PC or Acrylic),Panels,,all_live,voron-0,,,1,voron-0,,1,tapplastics.com,3mm foam board,,,,,,,,,,,,,,,2,,,,,TAP Plastic,,,,,,,,,,,https://www.tapplastics.com/product/plastics/cut_to_size_plastic/polycarbonate_sheets/516,,,,,,,,,,
panels.side-panel-212mm-x-230mm-x-2-5mm-pc-or-acrylic.voron-0.1,Side Panel 212mm x 230mm x 2.5mm (PC or Acrylic),Panels,,all_live,voron-0.1,,,1,voron-0.1,,1,tapplastics.com,cut by hand per Drawings,,"print panel clips that match your panel thickness, if you are in between print the smaller size",,,,,,,,,,,,,,2,,,,TAP Plastic,,,,,,,,,,,https://www.tapplastics.com/product/plastics/cut_to_size_plastic/polycarbonate_sheets/516,,,,,,,,,,
panels.side-panel-212mm-x-230mm-x-3mm-pc-or-acrylic.voron-0.2,Side Panel 212mm x 230mm x 3mm (PC or Acrylic),Panels,,all_live,voron-0.2,,,1,voron-0.2,voron-0.2,1,tapplastics.com,cut by hand per Drawings,,"print panel clips that match your panel thickness, if you are in between print the smaller size",,,2,,,,,,,,,,,,,,,TAP Plastic,,,,,,,,,,,https://www.tapplastics.com/product/plastics/cut_to_size_plastic/polycarbonate_sheets/516,,,,,,,,,,
panels.side-front-top-acrylic-panels.voron-2.4,Side/Front/Top Acrylic Panels,Panels,,all_live,voron-2.4,,,1,voron-2.4,voron-2.4,1,tapplastics.com,,,,4,,,,,,,,,,,,,,,,,TAP Plastics (Acrylic),,,,,,,,,,,https://www.tapplastics.com/product/plastics/cut_to_size_plastic/acrylic_sheets_clear/508,,,,,,,,,,
panels.side-front-top-acrylic-panels.voron-switchwire,Side/Front/Top Acrylic Panels,Panels,,no_links,voron-switchwire,,,1,voron-switchwire,voron-switchwire,0,,,,,,,,5,,,,,,,,,,,,,,,,,,,,,,,,,,,,,,,,,,,
panels.side-front-top-polycarbonate-panels.voron-trident,Side/Front/Top Polycarbonate Panels,Panels,,partial,voron-trident,,,1,voron-trident,voron-trident,1,tapplastics.com,,,See BOM for sizes,,,,,,,,,,,,,,,,,,TAP Plastics (Polycarbonate),,,,,,,,,,,https://www.tapplastics.com/product/plastics/cut_to_size_plastic/polycarbonate_sheets/516,,,,,,,,,,
panels.side-front-top-polycarbonate-panels.voron-1.8,Side/Front/Top Polycarbonate Panels,Panels,,all_live,voron-1.8,,,1,voron-1.8,,1,tapplastics.com,,,,,,,,,,,,,,,,,,,,,TAP Plastics (Polycarbonate),,,,,,,,,,,https://www.tapplastics.com/product/plastics/cut_to_size_plastic/polycarbonate_sheets/516,,,,,,,,,,
panels.side-front-top-polycarbonate-panels.voron-2.2,Side/Front/Top Polycarbonate Panels,Panels,,all_live,voron-2.2,,,1,voron-2.2,,1,tapplastics.com,,,,,,,,,,,,,,,,,,,,4,TAP Plastics (Polycarbonate),,,,,,,,,,,https://www.tapplastics.com/product/plastics/cut_to_size_plastic/polycarbonate_sheets/516,,,,,,,,,,
panels.tophat-panels.voron-0.2,TopHat Panels,Panels,,all_live,voron-0.2,,,1,voron-0.2,voron-0.2,1,mnlasercutting.com,cut by hand per Drawings,,,,,1,,,,,,,,,,,,,,,MN Laser Cutting,,,,,,,,,,,https://mnlasercutting.com/shop/p/voron-0-laser-cut-tophat-panels,,,,,,,,,,
panels.tophat-panels.voron-0.1,TopHat Panels,Panels,,all_live,voron-0.1,,,1,voron-0.1,,1,mnlasercutting.com,cut by hand per Drawings,,,,,,,,,,,,,,,,1,,,,MN Laser Cutting,,,,,,,,,,,https://mnlasercutting.com/shop/p/voron-0-laser-cut-tophat-panels,,,,,,,,,,
panels.tophat-panels-optional.voron-0,TopHat Panels (OPTIONAL),Panels,,all_live,voron-0,,,1,voron-0,,1,mnlasercutting.com,,,,,,,,,,,,,,,,1,,,,,MN Laser Cutting,,,,,,,,,,,https://mnlasercutting.com/,,,,,,,,,,
printed-parts.printed-parts,Printed Parts,Printed Parts,,all_live,,,,11,voron-2.4 voron-trident voron-0.2 voron-switchwire voron-m4 mobius-3.1 voron-0 voron-0.1 voron-1.8 voron-1.6.2 voron-2.2,voron-2.4 voron-trident voron-0.2 voron-switchwire,1,Print It Forward,Print Yourself,,,1,1,1,1,,,,,,1,1,,1,1,1,1,1,Print It Forward,,,,,,,,,,,https://pif.voron.dev/,,,,,,,,,,
tools.6in-digital-calipers,6in Digital Calipers,Tools,,partial,,,,1,tools,tools,2,AliExpress | harborfreight.com,,,"for measuring shaft length/spacer height/etc, dont have to be particularly accurate, just to 0.1mm (hence the cheapness)",,,,,,,,1,,,,,,,,,,Aliexpress,Harbor Freight,,,,,,,,,,https://www.aliexpress.com/item/32690065180.html,https://www.harborfreight.com/6-in-digital-caliper-with-sae-and-metric-fractional-readings-63731.html,,,,,,,,,
tools.auto-adjusting-wire-strippers,Auto Adjusting - Wire Strippers,Tools,,all_live,,,,1,tools,tools,2,Amazon,,,"For Stripping Wire, knipex are nicer, but cost a lot more",,,,,,,,1,,,,,,,,,,Amazon,Knipex,,,,,,,,,,https://smile.amazon.com/gp/product/B01018CYV8,https://www.amazon.com/dp/B000R895YM,,,,,,,,,
tools.center-punch,Center Punch,Tools,,partial,,,,1,tools,tools,1,Amazon,,,"If you are drilling your own bed or drilling your own blind joint access holes, a center punch can help you locate the holes more accurately",,,,,,,,1,,,,,,,,,,Amazon,,,,,,,,,,,https://www.amazon.com/dp/B0006J4K88,,,,,,,,,,
tools.deburring-tool,Deburring Tool,Tools,,all_live,,,,1,tools,tools,2,Amazon | AliExpress,,,"If your MIC6 build plate has sharp edges, this can remove the burr. Also can be used for cleaning up printed parts",,,,,,,,1,,,,,,,,,,Amazon,Aliexpress,,,,,,,,,,https://www.amazon.com/dp/B07JGVDRQC,https://www.aliexpress.com/item/33032626707.html,,,,,,,,,
tools.engineer-pa-09-crimping-tool,Engineer PA-09 Crimping Tool,Tools,,all_live,,,,1,tools,tools,1,Amazon,,,This is THE best tool for the crimps on this project. It is worth every penny. Many people tried cheaper alternatives and ultimately landed on a pair of these as well.,,,,,,,,1,,,,,,,,,,Amazon,,,,,,,,,,,https://www.amazon.com/dp/B002AVVO7K,,,,,,,,,,
tools.ferrule-crimping-tool,Ferrule Crimping Tool,Tools,,none_live,,,,1,tools,tools,0,,,,Ferrules for DC Power In/Out,,,,,,,,1,,,,,,,,,,,,,,,,,,,,,,,,,,,,,,,
tools.flush-wire-cutters,Flush Wire Cutters,Tools,,all_live,,,,1,tools,tools,1,Amazon,,,Great for cutting zipties and small gauge wire,,,,,,,,1,,,,,,,,,,Amazon,,,,,,,,,,,https://www.amazon.com/dp/B00FZPDG1K,,,,,,,,,,
tools.hex-ball-driver-kit,Hex Ball Driver Kit,Tools,,all_live,,,,1,tools,tools,2,Amazon,,,"Quality drivers for all of the fasteners, Wiha alternative is great, but costs more",,,,,,,,1,,,,,,,,,,Amazon,Amazon,,,,,,,,,,https://www.amazon.com/dp/B0006O4ADI,https://www.amazon.com/dp/B000NZ5QE2,,,,,,,,,
tools.loctite-641-or-609-shaft-retaining-compound-medium-strength-good-to-300f,"Loctite 641 or 609 - Shaft Retaining Compound - Medium Strength, Good to 300F",Tools,,all_live,,,,1,tools,tools,2,Grainger | Zoro,,,Bond Shafts to Bearings or Pulleys,,,,,,,,1,,,,,,,,,,Grainger,Zoro,,,,,,,,,,https://www.grainger.com/product/LOCTITE-Retaining-Compound-19TT75,https://www.zoro.com/loctite-liquid-034-oz-retaining-compound-0006-233546/i/G6219927,,,,,,,,,
tools.m5-tap,M5 Tap,Tools,,all_live,,,,1,tools,tools,1,AliExpress,,,"If you are tapping your own Misumi extrusion, you will need an M5 tap",,,,,,,,1,,,,,,,,,,Aliexpress,,,,,,,,,,,https://www.aliexpress.com/item/1000003765116.html,,,,,,,,,,
tools.m6-tap,M6 Tap,Tools,,all_live,,,,1,tools,tools,1,AliExpress,,,"If you are tapping your own ""China"" extrusion (not V-slot, but the ""European"" style), you will likely need an M6 tap for the ends. Note you will also need M6x16 BHCS",,,,,,,,1,,,,,,,,,,Aliexpress,,,,,,,,,,,https://www.aliexpress.com/item/1000003765116.html,,,,,,,,,,
tools.microfit-depinning-tool,Microfit Depinning Tool,Tools,,all_live,,,,1,tools,tools,1,Digi-Key,,,"Not required, pain to use, but it will save you once or twice",,,,,,,,1,,,,,,,,,,Digikey,,,,,,,,,,,https://www.digikey.com/catalog/en/partgroup/micro-fit-3-0-series/22521,,,,,,,,,,
tools.nlgi1-or-2-grease-eg-mobilux-ep1-ep2-polyrex-222-shc-220,"NLGI1 or 2 Grease eg:Mobilux EP1/EP2, Polyrex 222, SHC 220",Tools,,no_links,,,,1,tools,tools,0,,,,For Linear Rails,,,,,,,,1,,,,,,,,,,,,,,,,,,,,,,,,,,,,,,,
tools.ratcheting-wire-terminal-crimper,Ratcheting Wire Terminal Crimper,Tools,,all_live,,,,1,tools,tools,1,Amazon,,,For Spade/Ring/Blade Terminals,,,,,,,,1,,,,,,,,,,Amazon,,,,,,,,,,,https://smile.amazon.com/gp/product/B0069TRKJ0,,,,,,,,,,
tools.small-screwdriver-kit-xiaomi-wiha-set,Small Screwdriver Kit - Xiaomi Wiha set,Tools,,all_live,,,,1,tools,tools,1,Amazon,,,Wiha stuff is the best,,,,,,,,1,,,,,,,,,,Amazon,,,,,,,,,,,https://www.amazon.com/dp/B07KF96XQW,,,,,,,,,,
tools.tap-handle-for-tap,Tap Handle - For Tap,Tools,,all_live,,,,1,tools,tools,1,AliExpress,,,Here's a handle for your taps!,,,,,,,,1,,,,,,,,,,Aliexpress,,,,,,,,,,,https://www.aliexpress.com/item/32906558793.html,,,,,,,,,,
vibration-management.astrosyn-dampener,Astrosyn Dampener,Vibration Management,,all_live,,,,2,mobius-3.1 voron-2.2,,1,AliExpress,,,,,,,,,,,,,,1,,,,,,2,linkcnc,,,,,,,,,,,https://www.aliexpress.com/item/32797672879.html,,,,,,,,,,
vibration-management.rubber-compressor-foot,Rubber Compressor Foot,Vibration Management,,partial,,,,4,voron-2.4 voron-switchwire voron-1.8 voron-2.2,voron-2.4 voron-switchwire,2,Amazon | AliExpress,,,Comes and goes in stock from Amazon,4,,,4,,,,,,,,,,,4,,4,Amazon,AliExpress,,,,,,,,,,https://www.amazon.com/dp/B0711Y6T56,https://www.aliexpress.com/item/32990144547.html,,,,,,,,,
vibration-management.rubber-foot,Rubber Foot,Vibration Management,,partial,,,,1,voron-trident,voron-trident,2,Amazon | AliExpress,,,"Commonly referred to as Amplifier Cabinet Feet. Any rubber foot with a maximum diameter of 1.5"" (38mm) and around .75"" (19mm) height will work. The original spec compressor feet will work as well.",,4,,,,,,,,,,,,,,,,Amazon,AliExpress,,,,,,,,,,https://www.amazon.com/dp/B00JJ191Z6,https://a.aliexpress.com/_mseXbAP,,,,,,,,,
misc.the-2-x-guides-should-have-the-rest-of-the-required-parts,The 2.x guides should have the rest of the required parts,,,no_links,,,,1,voron-1.6.2,,0,,,,,,,,,,,,,,,,,,,,,,,,,,,,,,,,,,,,,,,,,,,
