coverage,id,name,category,standard,n_links,n_live,n_dead,n_unresolved,live_vendors,dead_vendors,projects,project_status,tabs,text_only_sources,dead_links,live_links
all_live,bowden.bowden-clip,Bowden Clip,Bowden,,1,1,0,0,AliExpress,,voron-m4 mobius-3.1,legacy,2,,,https://www.aliexpress.com/item/32892392365.html
all_live,bowden.bowden-fitting,Bowden Fitting,Bowden,,2,2,0,0,AliExpress,,voron-0.2 voron-m4 mobius-3.1 jetpack voron-0 voron-0.1,current legacy,6,,,https://s.click.aliexpress.com/e/_dZNWAU4 | https://www.aliexpress.com/item/32934148155.html
all_live,buildplate.aluminum-build-plate-mic6-atp-5-jig-plate-etc-5-16in-or-8mm-depending-on-whats-available-in-your-country.v2,Aluminum Build Plate (MIC6/ATP-5/Jig Plate/etc) (5/16in or 8mm depending on whats available in your country),Buildplate,,1,1,0,0,clever3d.de,,voron-2.4 voron-2.2,current legacy,2,,,https://clever3d.de/epages/7a4290fc-7c7f-46cc-9b99-eadef22228e2.sf/en_US?ObjectPath=%2FShops%2F7a4290fc-7c7f-46cc-9b99-eadef22228e2%2FProducts%2FAluGuss8mm
all_live,buildplate.aluminum-build-plate-mic6-atp-5-jig-plate-etc-5-16in-or-8mm-depending-on-whats-available-in-your-country.voron-trident,Aluminum Build Plate (MIC6/ATP-5/Jig Plate/etc) (5/16in or 8mm depending on whats available in your country),Buildplate,,2,2,0,0,clever3d.de | mandalaroseworks.com,,voron-trident,current,1,,,https://www.mandalaroseworks.com/shop/voron | https://clever3d.de/epages/7a4290fc-7c7f-46cc-9b99-eadef22228e2.sf/en_US?ObjectPath=%2FShops%2F7a4290fc-7c7f-46cc-9b99-eadef22228e2%2FProducts%2FAluGuss8mm
all_live,buildplate.aluminum-build-plate-mic6-atp-5-jig-plate-etc-5-16in-or-8mm-depending-on-whats-available-in-your-country.v1,Aluminum Build Plate (MIC6/ATP-5/Jig Plate/etc) (5/16in or 8mm depending on whats available in your country),Buildplate,,1,1,0,0,clever3d.de,,voron-1.8 voron-1.6.2,legacy,2,,,https://clever3d.de/epages/7a4290fc-7c7f-46cc-9b99-eadef22228e2.sf/en_US?ObjectPath=%2FShops%2F7a4290fc-7c7f-46cc-9b99-eadef22228e2%2FProducts%2FAluGuss8mm
all_live,buildplate.aluminum-build-plate-mic6-atp-5-jig-plate-etc-120x120mm-4-75inx4-75in-1-4in-or-6mm-depending-on-whats-available-in-your-country.v0,Aluminum Build Plate (MIC6/ATP-5/Jig Plate/etc) 120x120mm (4.75inx4.75in) (1/4in or 6mm depending on whats available in your country),Buildplate,,1,1,0,0,clever3d.de,,voron-0.2 voron-0 voron-0.1,current legacy,3,Local material supplier,,https://clever3d.de/epages/7a4290fc-7c7f-46cc-9b99-eadef22228e2.sf/en_US?ObjectPath=%2FShops%2F7a4290fc-7c7f-46cc-9b99-eadef22228e2%2FProducts%2FAluGuss8mm
all_live,buildplate.magnetic-sheet-pei-optional,Magnetic Sheet + PEI (optional),Buildplate,,1,1,0,0,AliExpress,,voron-2.4,current,1,,,https://www.aliexpress.com/item/2251832800625551.html
all_live,buildplate.magnetic-sheet-for-spring-steel-plate-120x120-optional,Magnetic sheet for spring steel plate 120x120 (OPTIONAL),Buildplate,,1,1,0,0,McMaster-Carr,,voron-0.2 voron-0.1,current legacy,2,,,https://www.mcmaster.com/7301T21/
all_live,buildplate.prusa-mk3-y-carrier,Prusa MK3 Y Carrier,Buildplate,,2,2,0,0,AliExpress | Printed Solid,,voron-switchwire,current,1,X,,https://s.click.aliexpress.com/e/_d7QoTpE | https://www.printedsolid.com/products/ldo-y-carriage-for-mk3?variant=32431285043285
all_live,buildplate.prusa-mk52-heated-bed-24v,Prusa MK52 Heated Bed - 24V,Buildplate,,1,1,0,0,AliExpress,,voron-switchwire,current,1,X,,https://s.click.aliexpress.com/e/_dVSICze
all_live,buildplate.silicone-ac-heater-200x200mm,Silicone AC Heater 200x200mm,Buildplate,,2,2,0,0,keenovo.store,,voron-2.4 voron-trident voron-1.8 voron-1.6.2 voron-2.2,current legacy,5,,,https://keenovo.store/collections/standard-keenovo-silicone-heaters/products/keenovo-square-silicone-heater-3d-printer-build-plate-heatbed-heating-pad?variant=8324020731959 | https://keenovo.store/collections/standard-keenovo-silicone-heaters/products/keenovo-square-silicone-heater-3d-printer-build-plate-heatbed-heating-pad?variant=8324020764727
all_live,buildplate.silicone-ac-heater-240x240mm,Silicone AC Heater 240x240mm,Buildplate,,2,2,0,0,keenovo.store,,voron-trident voron-1.8 voron-2.2,current legacy,3,,,https://keenovo.store/collections/standard-keenovo-silicone-heaters/products/keenovo-square-silicone-heater-3d-printer-build-plate-heatbed-heating-pad?variant=8324020928567 | https://keenovo.store/collections/standard-keenovo-silicone-heaters/products/keenovo-square-silicone-heater-3d-printer-build-plate-heatbed-heating-pad?variant=8324020961335
all_live,buildplate.silicone-ac-heater-250x250mm,Silicone AC Heater 250x250mm,Buildplate,,2,2,0,0,keenovo.store,,voron-2.4,current,1,,,https://keenovo.store/collections/standard-keenovo-silicone-heaters/products/keenovo-square-silicone-heater-3d-printer-build-plate-heatbed-heating-pad?variant=8324020928567 | https://keenovo.store/collections/standard-keenovo-silicone-heaters/products/keenovo-square-silicone-heater-3d-printer-build-plate-heatbed-heating-pad?variant=8324020961335
all_live,buildplate.silicone-ac-heater-300x300mm,Silicone AC Heater 300x300mm,Buildplate,,2,2,0,0,keenovo.store,,voron-2.4 voron-trident voron-2.2,current legacy,3,,,https://keenovo.store/collections/standard-keenovo-silicone-heaters/products/keenovo-square-silicone-heater-3d-printer-build-plate-heatbed-heating-pad?variant=8324021092407 | https://keenovo.store/collections/standard-keenovo-silicone-heaters/products/keenovo-square-silicone-heater-3d-printer-build-plate-heatbed-heating-pad?variant=8324021125175
all_live,buildplate.silicone-dc-24v-heater-100x100mm-60w,Silicone DC 24V Heater 100x100mm 60W,Buildplate,,1,1,0,0,keenovo.store,,voron-0.2 voron-0.1,current legacy,2,,,https://keenovo.store/collections/standard-keenovo-silicone-heaters/products/keenovo-square-silicone-heater-3d-printer-build-plate-heatbed-heating-pad?variant=33194097803404
all_live,buildplate.spring-steel-flex-buildplate-120x120mm-optional,Spring Steel Flex Buildplate 120x120mm (OPTIONAL),Buildplate,,1,1,0,0,AliExpress,,voron-0.2 voron-0 voron-0.1,current legacy,3,,,https://s.click.aliexpress.com/e/_dXbCEmC
all_live,cables.18awg-silicone-cable-10ft-total,18AWG Silicone Cable (10ft total),Cables,,2,2,0,0,AliExpress | Amazon,,voron-2.4,current,1,,,https://www.amazon.com/dp/B01LH1G2IE | https://www.aliexpress.com/item/32872395185.html
all_live,cables.20awg-silicone-cable-10ft-total,20AWG Silicone Cable (10ft total),Cables,,2,2,0,0,AliExpress | Amazon,,voron-switchwire,current,1,,,https://www.aliexpress.com/item/32872395185.html | https://www.amazon.com/dp/B01LH1G2IE
all_live,cables.24awg-silicone-cable-100ft-total,24AWG Silicone Cable (100ft total),Cables,,2,2,0,0,AliExpress | Amazon,,voron-switchwire,current,1,,,https://www.aliexpress.com/item/32872395185.html | https://www.amazon.com/dp/B01LH1G2IE
all_live,cables.2mmx100mm-zip-ties,2mmx100mm zip ties,Cables,,1,1,0,0,AliExpress,,voron-0.2 voron-0.1,current legacy,2,,,https://s.click.aliexpress.com/e/_99um6r
all_live,cables.7mm-x-7mm-cable-chain-less-than-1-2-meter-needed,7mm x 7mm cable chain (less than 1/2 meter needed),Cables,,1,1,0,0,Amazon,,voron-0.2 voron-0 voron-0.1,current legacy,3,printed belt chain,,https://amzn.to/2VIUE08
all_live,cables.dupont-connector-plug-2-position,DuPont Connector Plug 2 Position,Cables,,1,1,0,0,Digi-Key,,voron-2.2,legacy,1,,,https://www.digikey.com/product-detail/en/amphenol-icc-fci/65039-035ELF/609-5483-ND/4272534
all_live,cables.dupont-connector-plug-3-position,DuPont Connector Plug 3 Position,Cables,,1,1,0,0,Digi-Key,,voron-2.2,legacy,1,,,https://www.digikey.com/product-detail/en/amphenol-icc-fci/65039-034ELF/609-5482-ND/4272533
all_live,cables.dupont-connector-plug-4-position,DuPont Connector Plug 4 Position,Cables,,1,1,0,0,Digi-Key,,voron-2.2,legacy,1,,,https://www.digikey.com/product-detail/en/amphenol-icc-fci/65039-033ELF/609-5481-ND/4272532
all_live,cables.dupont-female-pin,Dupont Female Pin,Cables,,2,2,0,0,Amazon | Digi-Key,,voron-trident voron-1.8 voron-2.2,current legacy,3,,,https://www.digikey.com/product-detail/en/amphenol-icc-fci/47649-000LF/609-3614-1-ND/2044035 | https://www.amazon.com/dp/B01G0I0ZZK
all_live,cables.fork-spade-terminal,Fork Spade Terminal,Cables,,1,1,0,0,Digi-Key,,voron-2.4 voron-trident voron-switchwire voron-1.8 voron-2.2,current legacy,5,,,https://www.digikey.com/products/en
all_live,cables.insulated-crimp-receptical,Insulated Crimp Receptical,Cables,,2,2,0,0,Digi-Key,,voron-2.4 voron-trident voron-0.2 voron-switchwire voron-0 voron-0.1 voron-1.8 voron-2.2,current legacy,8,direct solder,,https://www.digikey.com/products/en | https://www.digikey.com/product-detail/en/te-connectivity-amp-connectors/2-520181-2/A27804TR-ND/289246
all_live,cables.jst-connectors-2pin-3pin-4pin-5pin,"JST connectors (2pin,3pin,4pin,5pin)",Cables,,1,1,0,0,Amazon,,voron-0.2 voron-0.1,current legacy,2,,,https://amzn.to/2W3RSl6
all_live,cables.jst-xh-connector-plug-2-position,JST-XH Connector Plug 2 Position,Cables,,1,1,0,0,Digi-Key,,voron-2.4 voron-trident voron-switchwire voron-1.8,current legacy,4,Molex for Einsy,,https://www.digikey.com/product-detail/en/amphenol-icc-fci/65039-035ELF/609-5483-ND/4272534
all_live,cables.jst-xh-connector-plug-3-position,JST-XH Connector Plug 3 Position,Cables,,1,1,0,0,Digi-Key,,voron-2.4 voron-trident voron-switchwire voron-1.8,current legacy,4,Molex for Einsy,,https://www.digikey.com/product-detail/en/amphenol-icc-fci/65039-034ELF/609-5482-ND/4272533
all_live,cables.jst-xh-connector-plug-4-position,JST-XH Connector Plug 4 Position,Cables,,1,1,0,0,Digi-Key,,voron-2.4 voron-trident voron-switchwire voron-1.8,current legacy,4,Molex for Einsy,,https://www.digikey.com/product-detail/en/amphenol-icc-fci/65039-033ELF/609-5481-ND/4272532
all_live,cables.microfit-connector-plug-2-position-43640-0201,MicroFit Connector Plug 2 Position (43640-0201),Cables,,1,1,0,0,Digi-Key,,voron-2.4 voron-trident voron-switchwire voron-1.8 voron-2.2,current legacy,5,,,https://www.digikey.com/products/en
all_live,cables.microfit-connector-plug-3-position-43640-0301,MicroFit Connector Plug 3 Position (43640-0301),Cables,,1,1,0,0,Digi-Key,,voron-2.4 voron-trident voron-switchwire stealthburner voron-1.8 voron-2.2,current legacy,6,,,https://www.digikey.com/products/en
all_live,cables.microfit-connector-plug-4-position-43640-0401,MicroFit Connector Plug 4 Position (43640-0401),Cables,,1,1,0,0,Digi-Key,,voron-2.4 voron-trident voron-switchwire voron-1.8 voron-2.2,current legacy,5,,,https://www.digikey.com/products/en
all_live,cables.microfit-connector-receptacle-2-position-43645-0200,MicroFit Connector Receptacle 2 Position (43645-0200),Cables,,1,1,0,0,Digi-Key,,voron-2.4 voron-trident voron-switchwire voron-1.8 voron-2.2,current legacy,5,,,https://www.digikey.com/products/en
all_live,cables.microfit-connector-receptacle-3-position-43645-0300,MicroFit Connector Receptacle 3 Position (43645-0300),Cables,,1,1,0,0,Digi-Key,,voron-2.4 voron-trident voron-switchwire stealthburner voron-1.8 voron-2.2,current legacy,6,,,https://www.digikey.com/products/en
all_live,cables.microfit-connector-receptacle-4-position-43645-0400,MicroFit Connector Receptacle 4 Position (43645-0400),Cables,,1,1,0,0,Digi-Key,,voron-2.4 voron-trident voron-switchwire voron-1.8 voron-2.2,current legacy,5,,,https://www.digikey.com/products/en
all_live,cables.microfit-connector-receptacle-8-position-43020-0801,MicroFit Connector Receptacle 8 Position (43020-0801),Cables,,1,1,0,0,arrow.com,,optional-parts,current,1,,,https://www.arrow.com/en/products/43020-0801/molex
all_live,cables.microfit3-dual-row-10circuits-male-female-plug,Microfit3 Dual Row (10circuits) Male & Female Plug,Cables,,1,1,0,0,arrow.com,,voron-0,legacy,1,direct solder,,https://www.arrow.com/en/products/76650-0159/molex
all_live,cables.microfit3-female-pin-43030-0007,MicroFit3 Female Pin (43030-0007),Cables,,1,1,0,0,Digi-Key,,voron-2.4 voron-trident voron-switchwire stealthburner voron-1.8 voron-2.2,current legacy,6,,,https://www.digikey.com/products/en
all_live,cables.microfit3-male-female-plugs,Microfit3 Male & Female Plugs,Cables,,2,2,0,0,Digi-Key | arrow.com,,voron-0.2 voron-0.1,current legacy,2,,,https://www.digikey.com/en/products/detail/molex/0766500159/2116044 | https://www.arrow.com/en/products/76650-0159/molex
all_live,cables.microfit3-male-pin-43031-0007,MicroFit3 Male Pin (43031-0007),Cables,,1,1,0,0,Digi-Key,,voron-2.4 voron-trident voron-switchwire stealthburner voron-1.8 voron-2.2,current legacy,6,,,https://www.digikey.com/products/en
all_live,cables.mlx-female-pin-02-08-1002,MLX Female Pin (02-08-1002),Cables,,1,1,0,0,Digi-Key,,voron-2.4 voron-trident voron-1.8 voron-2.2,current legacy,4,,,https://www.digikey.com/products/en
all_live,cables.mlx-male-pin-02-08-2004,MLX Male Pin (02-08-2004),Cables,,1,1,0,0,Digi-Key,,voron-2.4 voron-trident voron-1.8 voron-2.2,current legacy,4,,,https://www.digikey.com/products/en
all_live,cables.mlx-power-plug-3-position-50-84-1030,MLX Power Plug 3 Position (50-84-1030),Cables,,1,1,0,0,Digi-Key,,voron-2.4 voron-trident voron-1.8 voron-2.2,current legacy,4,,,https://www.digikey.com/products/en
all_live,cables.mlx-power-receptacle-3-position-50-84-2030,MLX Power Receptacle 3 Position (50-84-2030),Cables,,1,1,0,0,Digi-Key,,voron-2.4 voron-trident voron-1.8 voron-2.2,current legacy,4,,,https://www.digikey.com/products/en
all_live,cables.wire-18gauge-10ft-individual-strand-length-total-example-25ft-of-4p-wire-100ft,Wire 18gauge 10ft (individual strand length total [example: 25ft of 4p wire=100ft]),Cables,,1,1,0,0,AliExpress,,voron-0.2 voron-0.1,current legacy,2,,,https://s.click.aliexpress.com/e/_ANOyiL
all_live,controller.3-pin-kk-connector-housing,3 Pin KK Connector Housing,Controller,,1,1,0,0,Digi-Key,,optional-parts,current,1,,,https://www.digikey.com/products/en
all_live,controller.4-pin-kk-connector-housing,4 Pin KK Connector Housing,Controller,,1,1,0,0,Digi-Key,,optional-parts,current,1,,,https://www.digikey.com/products/en
all_live,controller.5-pin-kk-connector-housing,5 Pin KK Connector Housing,Controller,,1,1,0,0,Digi-Key,,optional-parts,current,1,,,https://www.digikey.com/products/en
all_live,controller.6-stepper-controller-or-multiple-to-equal-6-steppers,6 Stepper Controller (or multiple to equal 6+ steppers),Controller,,2,2,0,0,AliExpress,,voron-trident,current,1,,,https://www.aliexpress.com/item/1005002324070189.html | https://www.aliexpress.com/item/1005002611654405.html
all_live,controller.bigtree-skr-1-4,Bigtree SKR 1.4,Controller,,1,1,0,0,AliExpress,,optional-parts,current,1,,,https://www.aliexpress.com/item/4000470048293.html
all_live,controller.fysetc-mini12864-display-type-b,FYSETC mini12864 Display (Type B),Controller,,1,1,0,0,AliExpress,,voron-trident voron-1.8,current legacy,2,,,https://www.aliexpress.com/item/32980210325.html
all_live,controller.jst-crimp-pin-22-28awg,JST Crimp Pin (22-28AWG),Controller,,1,1,0,0,Digi-Key,,optional-parts,current,1,,,https://www.digikey.com/product-detail/en/jst-sales-america-inc/SXH-001T-P0.6/455-1135-1-ND/527370
all_live,controller.jst-xhp-3-housing,JST XHP-3 Housing,Controller,,1,1,0,0,Digi-Key,,optional-parts,current,1,,,https://www.digikey.com/product-detail/en/jst-sales-america-inc/XHP-3/455-2219-ND/1651017
all_live,controller.jst-xhp-4-housing,JST XHP-4 Housing,Controller,,1,1,0,0,Digi-Key,,optional-parts,current,1,,,https://www.digikey.com/product-detail/en/jst-sales-america-inc/XHP-4/455-2267-ND/683353
all_live,controller.kk-crimp-pin,KK Crimp Pin,Controller,,1,1,0,0,Digi-Key,,optional-parts,current,1,,,https://www.digikey.com/product-detail/en/molex/0008500113/WM1114CT-ND/467980
all_live,controller.microsd-card,MicroSD Card,Controller,,3,3,0,0,Amazon,,voron-2.4 voron-trident voron-0.2 voron-switchwire voron-0 voron-0.1 voron-1.8 voron-1.6.2 voron-2.2,current legacy,9,,,https://www.amazon.com/dp/B073JYVKNX | https://www.amazon.com/dp/B0749KG1JK | https://amzn.to/2PDYXWX
all_live,controller.mini-12864-display-type-b,Mini 12864 Display (Type B),Controller,,2,2,0,0,AliExpress,,voron-2.4 voron-switchwire,current,2,X (2004 Reprap Display),,https://www.aliexpress.com/item/32980210325.html | https://s.click.aliexpress.com/e/_d7ByDeP
all_live,controller.raspberrypi3-b,RaspberryPi3 B+,Controller,,1,1,0,0,arrow.com,,voron-1.6.2 voron-2.2,legacy,2,,,https://www.arrow.com/en/products/raspberrypi3b/raspberry-pi-foundation
all_live,controller.usb-c-power-cable,USB C Power Cable,Controller,,1,1,0,0,Amazon,,voron-2.4 voron-switchwire,current,2,,,https://www.amazon.com/dp/B01GGKYKQM
all_live,electronics.24v-heater-cartridge-slim-wires,24V Heater Cartridge (slim wires),Electronics,,1,1,0,0,Amazon,,voron-0.2 voron-0 voron-0.1,current legacy,3,,,https://amzn.to/2VJlFAu
all_live,electronics.3007-axial-fan-5v-min-3-5cfm,3007 axial fan 5V (min 3.5CFM),Electronics,,2,2,0,0,Digi-Key,,voron-0.1,legacy,1,,,https://www.digikey.com/en/products/detail/sunon-fans/4127-MF30060V1-1000U-A99/9838567 | https://www.digikey.com/en/products/detail/delta-electronics/ASB0305HP-00CP4/7403227
all_live,electronics.3010-axial-fan-24v,3010 axial fan 24v,Electronics,,3,3,0,0,AliExpress | Digi-Key,,voron-0.2 voron-0,current legacy,2,,,https://s.click.aliexpress.com/e/_DkCBTgT | https://s.click.aliexpress.com/e/_d7Kb0ms | https://www.digikey.com/en/products/detail/mechatronics-fan-group/MR3010H05B1-RSR/7605851
all_live,electronics.40w-heater-cartridge,40w Heater Cartridge,Electronics,,1,1,0,0,AliExpress,,optional-parts,current,1,,,https://www.aliexpress.com/item/32815934251.html
all_live,electronics.40x40x10-centrifugal-blower-fan-12v,40x40x10 Centrifugal Blower Fan (12V),Electronics,,2,2,0,0,AliExpress | Digi-Key,,voron-1.6.2 voron-2.2,legacy,2,,,https://www.digikey.com/product-detail/en/delta-electronics/BFB0412HHA-A117/603-1840-ND/5022816 | https://www.aliexpress.com/item/32798634077.html
all_live,electronics.40x40x20-axial-fan-12v,40x40x20 Axial Fan (12V),Electronics,,3,3,0,0,Digi-Key,,voron-1.6.2 voron-2.2,legacy,2,,,https://www.digikey.com/product-detail/en/delta-electronics/EFB0412HD/603-1009-ND/1014340 | https://www.digikey.com/product-detail/en/delta-electronics/EFB0412HD-F00/603-1396-ND/2560520 | https://www.digikey.com/products/en
all_live,electronics.40x40x20-centrifugal-blower-fan-ball-bearing-24v,40x40x20 Centrifugal Blower Fan - Ball Bearing (24V),Electronics,,5,5,0,0,AliExpress | Amazon,,voron-2.4 voron-switchwire afterburner voron-1.8,current legacy,4,Need 5v if using Einsy,,https://www.aliexpress.com/item/1005001464730686.html | https://www.aliexpress.com/item/32867138904.html | https://www.amazon.com/dp/B07L2YH79Y | https://www.amazon.com/dp/B07L2XZKS7 | https://s.click.aliexpress.com/e/_dZ3Fq0i
all_live,electronics.50w-heater-cartridge,50w Heater Cartridge,Electronics,,2,2,0,0,AliExpress | sliceengineering.com,,optional-parts,current,1,,,https://www.sliceengineering.com/shop/50w-heater-cartridge | https://www.aliexpress.com/item/32960167491.html
all_live,electronics.bat85-diode,BAT85 Diode,Electronics,,1,1,0,0,Digi-Key,,voron-2.4 voron-trident voron-switchwire voron-1.8 voron-1.6.2 voron-2.2,current legacy,6,not needed,,https://www.digikey.com/product-detail/en/BAT85S-TR/BAT85SCT-ND/3104371
all_live,electronics.c13-power-cord,C13 Power Cord,Electronics,,1,1,0,0,Amazon,,voron-trident voron-0.2 voron-0.1 voron-1.8 voron-1.6.2 voron-2.2,current legacy,6,use a spare from around the house,,https://www.amazon.com/dp/B072LNKHBB
all_live,electronics.c13-power-cord-with-inline-switch,C13 Power Cord with Inline Switch,Electronics,,2,2,0,0,AliExpress,,voron-0,legacy,1,,,https://s.click.aliexpress.com/e/_dTDjOmA | https://www.aliexpress.com/item/4000353269786.html
all_live,electronics.camera-for-octoprint,Camera (for Octoprint),Electronics,,2,2,0,0,Amazon,,optional-parts,current,1,,,https://www.amazon.com/dp/B00CRJWW2G | https://www.amazon.com/dp/B004FHO5Y6
all_live,electronics.crydom-ed24d3-ssr,Crydom ED24D3 SSR,Electronics,,2,2,0,0,Digi-Key | Mouser,,voron-0,legacy,1,,,https://www.digikey.com/product-detail/en/sensata-crydom/ED24D3/CC1825-ND/2665173 | https://www.mouser.com/ProductDetail/Crydom/ED24D3?qs=C7H2C2ytqFX%2Fs1r7lyp2Iw%3D%3D
all_live,electronics.din-rail,DIN Rail,Electronics,,1,1,0,0,Digi-Key,,voron-2.4,current,1,,,https://www.digikey.com/en/products/detail/idec/BAA1000/8344276
all_live,electronics.dragon-fly-bmo-hotend,Dragon Fly BMO Hotend,Electronics,,1,1,0,0,AliExpress,,voron-0.2 voron-0.1,current legacy,2,,,https://s.click.aliexpress.com/e/_9ht8Ir
all_live,electronics.e3d-revo-voron,E3D Revo VORON,Electronics,,1,1,0,0,E3D,,voron-0.2,current,1,,,https://e3d-online.com/products/revo-voron
all_live,electronics.e3d-v6-bowden-hotend-kit-24v,E3D V6 Bowden Hotend Kit (24V),Electronics,,3,3,0,0,AliExpress | Filastruder | Printed Solid,,voron-trident voron-1.8,current legacy,2,,,https://www.aliexpress.com/item/32844028127.html | https://www.filastruder.com/products/all-metal-e3d-v6-hotend | https://www.printedsolid.com/products/e3d-hot-end-kit-v6?variant=22124184600661
all_live,electronics.fuse-2-5a-250v-holder-cartridge-5-x-20mm-glass,Fuse 2.5A 250V Holder Cartridge 5 X 20mm Glass,Electronics,,1,1,0,0,Digi-Key,,voron-0.2 voron-0.1,current legacy,2,,,https://www.digikey.com/en/products/detail/littelfuse-inc/061702-5MXP/5233765
all_live,electronics.fuse-medium-time-delay-acting-4a-250v-holder-cartridge-5-x-20mm-glass,Fuse Medium Time Delay Acting 4A 250V Holder Cartridge 5 X 20mm Glass,Electronics,,1,1,0,0,Digi-Key,,voron-2.4 voron-trident voron-switchwire,current,3,,,https://www.digikey.com/en/products/detail/littelfuse-inc/0232004-MXP/778023
all_live,electronics.fuse-medium-time-delay-acting-8a-250v-holder-cartridge-5-x-20mm-glass,Fuse Medium Time Delay Acting 8A 250V Holder Cartridge 5 X 20mm Glass,Electronics,,1,1,0,0,Digi-Key,,voron-2.4 voron-trident voron-switchwire voron-1.8 voron-1.6.2 voron-2.2,current legacy,6,,,https://www.digikey.com/products/en
all_live,electronics.iec320-c14-inlet-push-fit-w-rocker-switch-fuse,IEC320 C14 Inlet - Push-fit - w/ Rocker Switch & Fuse,Electronics,,1,1,0,0,Digi-Key,,voron-2.4 voron-0.2 voron-switchwire voron-0.1,current legacy,4,,,https://www.digikey.com/en/products/detail/adam-tech/IEC-GS-1-100/9831135
all_live,electronics.inductive-probe,Inductive Probe,Electronics,,3,3,0,0,AliExpress | Digi-Key,,voron-2.4,current,1,,,https://www.aliexpress.com/item/2251832663198775.html | https://www.digikey.com/en/products/detail/panasonic-industrial-automation-sales/GX-HL15B/3896951 | https://www.digikey.com/en/products/detail/omron-automation-and-safety/tl-q5mc2/2669828
all_live,electronics.led-light-bar-12v-24v,LED Light Bar (12v/24v),Electronics,,1,1,0,0,Amazon,,optional-parts,current,1,,,https://www.amazon.com/dp/B00LAAZ2UW
all_live,electronics.mean-well-lrs-200-12-psu,Mean Well LRS-200-12 PSU,Electronics,,1,1,0,0,Digi-Key,,voron-1.6.2 voron-2.2,legacy,2,,,https://www.digikey.com/products/en
all_live,electronics.mean-well-lrs-200-24-psu,Mean Well LRS-200-24 PSU,Electronics,,1,1,0,0,Digi-Key,,voron-2.4 voron-trident voron-1.8,current legacy,3,,,https://www.digikey.com/products/en
all_live,electronics.meanwell-rs-25-5-psu,Meanwell RS-25-5 PSU,Electronics,,1,1,0,0,Digi-Key,,voron-2.4 voron-trident voron-switchwire voron-1.8 voron-1.6.2 voron-2.2,current legacy,6,,,https://www.digikey.com/product-detail/en/mean-well-usa-inc/RS-25-5/1866-4145-ND/7706180
all_live,electronics.nema14-36mm-round-pancake-motor-with-10-tooth-gear-20mm,NEMA14 36mm Round Pancake Motor with 10 tooth gear 20mm,Electronics,,3,3,0,0,AliExpress | StepperOnline,,stealthburner,current,1,,,https://www.omc-stepperonline.com/round-nema-14-bipolar-0-9deg-9-ncm-12-75-oz-in-1-0a-%CF%8636x17-5mm-4-wires-14hr07-1004vrn | https://s.click.aliexpress.com/e/_DBnmZ1l | https://s.click.aliexpress.com/e/_A2WTM8
all_live,electronics.nema14-36mm-round-pancake-stepper-motor-with-10-tooth-spur-gear-ldo-36sth20-1004ahg,NEMA14 36mm round pancake Stepper Motor with 10 tooth spur gear (LDO 36STH20-1004AHG),Electronics,,2,2,0,0,AliExpress,,voron-0.2 voron-0.1,current legacy,2,,,https://s.click.aliexpress.com/e/_DBnmZ1l | https://s.click.aliexpress.com/e/_A2WTM8
all_live,electronics.nema14-36mm-round-pancake-stepper-motor-with-10-tooth-spur-gear-omc-14hr07-1004vrn,NEMA14 36mm round pancake Stepper Motor with 10 tooth spur gear (OMC 14HR07-1004VRN),Electronics,,1,1,0,0,StepperOnline,,voron-0.2 voron-0.1,current legacy,2,,,https://www.omc-stepperonline.com/round-nema-14-bipolar-0-9deg-9-ncm-12-75-oz-in-1-0a-%CF%8636x17-5mm-4-wires-14hr07-1004vrn
all_live,electronics.nema14-stepper-motor-14hs10-0404s,NEMA14 Stepper Motor (14HS10-0404S),Electronics,,1,1,0,0,StepperOnline,,voron-0,legacy,1,,,https://www.omc-stepperonline.com/nema-14-bipolar-1-8deg-14ncm-20oz-in-0-4a-12v-35x35x26mm-4-wires.html
all_live,electronics.nema14-stepper-motor-14hs17-0504s,NEMA14 Stepper Motor (14HS17-0504S),Electronics,,2,2,0,0,AliExpress | StepperOnline,,voron-0,legacy,1,,,https://www.omc-stepperonline.com/nema-14-stepper-motor-kit-for-voron-v0.html | https://s.click.aliexpress.com/e/_dTb2YwC
all_live,electronics.nema14-stepper-motor-40ncm,NEMA14 Stepper Motor 40Ncm,Electronics,,3,3,0,0,AliExpress | StepperOnline,,voron-0.2 voron-0.1,current legacy,2,,,https://www.omc-stepperonline.com/nema-14-bipolar-1-8deg-40ncm-56-7oz-in-1-5a-4-2v-35x35x52mm-4-wires-14hs20-1504s | https://s.click.aliexpress.com/e/_AdKnDl | https://www.omc-stepperonline.com/voron-v0-1-bom-of-stepper-motors-14hs20-1504s-14hr07-1004vrn-17ls13-0404e-200g-voronv01
all_live,electronics.nema17-motor-17hs08-1004s,NEMA17 Motor 17HS08-1004S,Electronics,,4,4,0,0,AliExpress | LDO Motors | StepperOnline,,voron-trident afterburner jetpack voron-1.8,current legacy,4,,,https://www.aliexpress.com/item/32585429251.html | https://www.omc-stepperonline.com/nema-17-stepper-motor/nema-17-bipolar-1-8deg-16ncm-22-6oz-in-1a-3-7v-42x42x20mm-4-wires.html | https://www.omc-stepperonline.com/nema-17-bipolar-1-8deg-16ncm-22-6oz-in-1a-3-7v-42x42x20mm-4-wires.html | https://docs.ldomotors.com/en/voron/LDO_Voron_Distributors
all_live,electronics.nema17-motor-17hs19-2004s,NEMA17 Motor 17HS19-2004S,Electronics,,6,6,0,0,AliExpress | Amazon | LDO Motors | StepperOnline,,voron-2.4 voron-trident mobius-3.1 voron-1.8 voron-1.6.2 voron-2.2,current legacy,6,,,https://www.omc-stepperonline.com/nema-17-bipolar-59ncm-84oz-in-2a-42x48mm-4-wires-w-1m-cable-and-connector.html | https://www.omc-stepperonline.com/nema-17-bipolare-59ncm-84oz-in-2a-42x48mm-4fili-w-1m-cable-and-connector.html | https://www.aliexpress.com/item/32589488227.html | https://www.amazon.com/dp/B00PNEQKC0 | https://www.aliexpress.com/item/32572890101.html | https://docs.ldomotors.com/en/voron/LDO_Voron_Distributors
all_live,electronics.ntc-100k-beta-3950-thermistor-sensor,NTC 100K Beta 3950 Thermistor Sensor,Electronics,,1,1,0,0,AliExpress,,optional-parts,current,1,,,https://www.aliexpress.com/item/33029709571.html
all_live,electronics.omron-g3na-210b-dc5-10a-or-crydom-d2425-25a-or-crydom-84134000-10a-ssr,Omron G3NA-210B-DC5 (10A) or Crydom D2425 (25A) or Crydom 84134000 (10A) SSR,Electronics,,6,6,0,0,Digi-Key | Filastruder,,voron-2.4 voron-trident voron-1.8 voron-1.6.2 voron-2.2,current legacy,5,,,https://www.digikey.com/en/products/detail/omron-automation-and-safety/G3NA-210B-UTU-DC5-24/634443 | https://www.digikey.com/products/en | https://www.digikey.com/en/products/detail/panasonic-electric-works/AQA211VL/2364682 | https://www.digikey.com/product-detail/en/sensata-crydom/D2425/CC1006-ND/139477 | https://www.digikey.com/product-detail/en/sensata-crydom/84134000/646-1227-ND/1816787 | https://www.filastruder.com/products/solid-state-relay?_pos=1&_sid=f58b74679&_ss=r
all_live,electronics.power-supply-for-24v-conversions,Power Supply for 24v Conversions,Electronics,,1,1,0,0,Digi-Key,,optional-parts,current,1,,,https://www.digikey.com/products/en
all_live,electronics.pt100-rtd-sensor,PT100 RTD Sensor,Electronics,,2,2,0,0,AliExpress | E3D,,optional-parts,current,1,,,https://e3d-online.com/products/pt100-temperature-sensor | https://www.aliexpress.com/item/32828593452.html
all_live,electronics.raspberry-pi-3,Raspberry Pi 3,Electronics,,1,1,0,0,adafruit.com,,voron-0.2 voron-0 voron-0.1,current legacy,3,,,https://www.adafruit.com/product/3775
all_live,electronics.ssr-din-mount,SSR DIN Mount,Electronics,,1,1,0,0,AliExpress,,voron-trident voron-1.8,current legacy,2,,,https://www.aliexpress.com/item/32971006524.html
all_live,electronics.tbc-05-terminal-cover-optional-for-rs-25-5,"TBC-05 Terminal Cover (optional, for RS-25-5)",Electronics,,1,1,0,0,Digi-Key,,voron-trident,current,1,,,https://www.digikey.com/en/products/detail/mean-well-usa-inc/TBC-05/7707107
all_live,electronics.tbc-09-terminal-cover-optional-for-lrs-200-24,"TBC-09 Terminal Cover (optional, for LRS-200-24)",Electronics,,1,1,0,0,Digi-Key,,voron-trident voron-1.8,current legacy,2,,,https://www.digikey.com/products/en
all_live,electronics.thermistor-for-your-hotend-of-choice,Thermistor for your hotend of choice,Electronics,,1,1,0,0,AliExpress,,voron-0.2 voron-0 voron-0.1,current legacy,3,,,https://s.click.aliexpress.com/e/_dZx4X0S
all_live,electronics.threaded-v6-hotend-kit-24v-all-metal,Threaded v6 Hotend kit 24V (All Metal),Electronics,,2,2,0,0,AliExpress,,voron-0 voron-0.1,legacy,2,,,https://s.click.aliexpress.com/e/_dWCqSj2 | https://www.aliexpress.com/item/32888737278.html
all_live,electronics.tr8x8-lead-screw-nut,TR8x8 Lead Screw Nut,Electronics,,1,1,0,0,pololu.com,,voron-1.6.2,legacy,1,,,https://www.pololu.com/product/2688
all_live,electronics.tycoelectronics-10egg1-1-normal-or-10ehg1-1-medical-filtered-power-inlet,TycoElectronics - 10EGG1-1 (Normal) or 10EHG1-1 (Medical): Filtered Power Inlet,Electronics,,2,2,0,0,Digi-Key | Mouser,,voron-2.4 voron-trident voron-switchwire,current,3,,,https://www.digikey.com/en/products/detail/te-connectivity-corcom-filters/3-1609115-4/2032295 | https://www.mouser.com/ProductDetail/TE-Connectivity-PB/10EGG1-1?qs=vcjNRp8H9z1CsIf%2F5OknUw%3D%3D
all_live,electronics.tycoelectronics-10egg1-2-normal-or-10ehg1-2-medical-filtered-power-inlet,TycoElectronics - 10EGG1-2 (Normal) or 10EHG1-2 (Medical): Filtered Power Inlet,Electronics,,2,2,0,0,Digi-Key | Mouser,,voron-2.4 voron-trident voron-switchwire voron-1.8 voron-1.6.2 voron-2.2,current legacy,6,,,https://www.digikey.com/products/en | https://www.mouser.com/ProductDetail/TE-Connectivity-PB/10EGG1-2?qs=vcjNRp8H9z2nhEkRL4AXYw%3D%3D
all_live,electronics.v0-display,V0-Display,Electronics,,2,2,0,0,AliExpress | github.com,,voron-0.2,current,1,,,https://github.com/VoronDesign/Voron-Hardware/tree/master/V0_Display | https://s.click.aliexpress.com/e/_DnCImzZ
all_live,electronics.zf-rocker-switches-dpst-16a-on-off,ZF - Rocker Switches DPST 16A ON-OFF,Electronics,,2,2,0,0,Digi-Key | Mouser,,voron-2.4 voron-trident voron-switchwire voron-1.8 voron-1.6.2 voron-2.2,current legacy,6,,,https://www.digikey.com/products/en | https://www.mouser.com/ProductDetail/ZF/WRG32F2BBRLN?qs=%2Fha2pyFadugTPgk3aI89ZNgIRYXUDJ2iew%252BR%252BPzJE%2FSagvnd6sid0w%3D%3D
all_live,extruder.bondtech-motor-gear-bowden-only,Bondtech Motor Gear (bowden only),Extruder,,4,4,0,0,AliExpress | Bondtech | Filastruder,,voron-0.2 afterburner voron-0 voron-0.1,current legacy,4,,,https://www.bondtech.se/en/product/motor-gear | https://www.filastruder.com/collections/bondtech/products/bondtech-motor-gear | https://s.click.aliexpress.com/e/_d7eKr16 | https://www.aliexpress.com/item/32946695708.html
all_live,extruder.mr85-bearing,MR85 Bearing,Extruder,,2,2,0,0,AliExpress | Bondtech,,voron-0.2 afterburner voron-0 voron-0.1,current legacy,4,,,https://www.bondtech.se/en/product/ballbearing-5x8x2-5 | https://s.click.aliexpress.com/e/_dZPCzjq
all_live,extruder.shaft-idler-assembly,Shaft/Idler Assembly,Extruder,,4,4,0,0,AliExpress | Bondtech | Filastruder,,voron-0.2 afterburner voron-0 voron-0.1,current legacy,4,,,https://www.bondtech.se/en/product/shaft-assembly | https://www.filastruder.com/collections/bondtech/products/bondtech-shaft-gear-assembly | https://s.click.aliexpress.com/e/_dXUX0B6 | https://www.aliexpress.com/item/32946823004.html
all_live,fasteners.4-x-3-8-flat-head-self-tapping-screw,#4 x 3/8 Flat Head Self Tapping Screw,Fasteners,,2,2,0,0,Bolt Depot | McMaster-Carr,,voron-2.2,legacy,1,,,https://www.boltdepot.com/Product-Details.aspx?product=2423 | https://www.mcmaster.com/90048A108/
all_live,fasteners.5x10x1-shim-ring,5x10x1 Shim Ring,Fasteners,DIN 988,3,3,0,0,AliExpress | McMaster-Carr,,voron-2.4 voron-switchwire voron-2.2,current legacy,3,,,https://www.aliexpress.com/item/32917948919.html | https://www.mcmaster.com/98055A099/ | https://s.click.aliexpress.com/e/41Vkdm7q
all_live,fasteners.6x6x3-spacer,6x6x3 Spacer,Fasteners,,2,2,0,0,Bolt Depot | McMaster-Carr,,voron-switchwire,current,1,X,,https://www.boltdepot.com/Product-Details.aspx?product=25940 | https://www.mcmaster.com/92320A322/
all_live,fasteners.m3-heat-set-insert-m3x5x4,M3 Heat Set Insert (M3x5x4),Fasteners,,7,7,0,0,AliExpress | Amazon | McMaster-Carr | cnckitchenus.store,,voron-2.4 voron-trident voron-0.2 voron-switchwire stealthburner afterburner voron-m4 voron-0 voron-0.1 voron-1.8,current legacy,10,Aliexpress - M3x5x5 | Aliexpress - M3x5x6 | Aliexpress - M3x5x7,,https://www.aliexpress.com/item/4000232858343.html | https://s.click.aliexpress.com/e/_ANjqIj | https://www.amazon.com/dp/B077CJV3Z9 | https://s.click.aliexpress.com/e/_dWMOd8C | https://www.mcmaster.com/94180A331/ | https://s.click.aliexpress.com/e/_dW3Uprs | https://cnckitchenus.store/products/made-for-voron-gewindeeinsatz-threaded-insert-m3x5x4-100-stk-pcs
all_live,fasteners.m3-locknut,M3 Locknut,Fasteners,DIN 985,6,6,0,0,AliExpress | Amazon | Bolt Depot | McMaster-Carr,,voron-trident mobius-3.1 jetpack voron-0.1 voron-2.2,current legacy,5,,,https://www.boltdepot.com/Product-Details.aspx?product=4370 | https://www.boltdepot.com/Product-Details.aspx?product=4792 | https://www.mcmaster.com/90576A102/ | https://www.aliexpress.com/item/32988995881.html | https://www.amazon.com/dp/B07BD24MXV | https://www.mcmaster.com/93625A100/
all_live,fasteners.m3-roll-in-t-nut,M3 Roll-in T-Nut,Fasteners,,3,3,0,0,AliExpress | Misumi,,voron-trident voron-1.8,current legacy,2,,,https://www.aliexpress.com/item/32805163712.html | https://us.misumi-ec.com/vona2/detail/110302247910 | https://www.aliexpress.com/item/32706208829.html
all_live,fasteners.m3-t-nut-for-2020-extrusions,M3 T-nut (For 2020 extrusions),Fasteners,,2,2,0,0,AliExpress,,voron-switchwire,current,1,,,https://www.aliexpress.com/item/32805163712.html | https://www.aliexpress.com/item/32706208829.html
all_live,fasteners.m3-t-nut-hntaj5-3,M3 T-nut HNTAJ5-3,Fasteners,,3,3,0,0,AliExpress | Misumi,,voron-2.4 voron-2.2,current legacy,2,,,https://us.misumi-ec.com/vona2/detail/110302247910 | https://www.aliexpress.com/item/32805163712.html | https://www.aliexpress.com/item/32706208829.html
all_live,fasteners.m3-thumb-screws,M3 Thumb Screws,Fasteners,DIN466-B,1,1,0,0,AliExpress,,voron-1.8,legacy,1,,,https://www.aliexpress.com/item/4000010655936.html
all_live,fasteners.m3-washer,M3 Washer,Fasteners,ISO 7089 / DIN 125,2,2,0,0,Bolt Depot | McMaster-Carr,,voron-2.4 voron-trident stealthburner voron-m4 voron-1.8 voron-2.2,current legacy,6,,,https://www.boltdepot.com/Product-Details.aspx?product=4513 | https://www.mcmaster.com/93475A210/
all_live,fasteners.m3x12-fhcs,M3x12 FHCS,Fasteners,ISO 10642,1,1,0,0,McMaster-Carr,,voron-switchwire,current,1,,,https://www.mcmaster.com/92125A132/
all_live,fasteners.m3x12-shcs,M3x12 SHCS,Fasteners,ISO 4762 / DIN 912,2,2,0,0,Bolt Depot | McMaster-Carr,,voron-2.4 voron-trident voron-switchwire stealthburner afterburner voron-m4 mobius-3.1 jetpack voron-1.8 voron-2.2,current legacy,10,,,https://www.boltdepot.com/Product-Details.aspx?product=13637 | https://www.mcmaster.com/91290A117/
all_live,fasteners.m3x16-shcs,M3x16 SHCS,Fasteners,ISO 4762 / DIN 912,2,2,0,0,Bolt Depot | McMaster-Carr,,voron-2.4 voron-trident voron-switchwire stealthburner afterburner voron-m4 voron-1.8 voron-2.2,current legacy,8,,,https://www.boltdepot.com/Product-Details.aspx?product=13638 | https://www.mcmaster.com/91290A120/
all_live,fasteners.m3x20-shcs,M3x20 SHCS,Fasteners,ISO 4762 / DIN 912,2,2,0,0,Bolt Depot | McMaster-Carr,,voron-2.4 voron-trident voron-switchwire stealthburner afterburner mobius-3.1 jetpack voron-1.8 voron-2.2,current legacy,9,,,https://www.boltdepot.com/Product-Details.aspx?product=13639 | https://www.mcmaster.com/91290A123/
all_live,fasteners.m3x25-shcs,M3x25 SHCS,Fasteners,ISO 4762 / DIN 912,2,2,0,0,Bolt Depot | McMaster-Carr,,voron-switchwire stealthburner jetpack voron-2.2,current legacy,4,,,https://www.boltdepot.com/Product-Details.aspx?product=13640 | https://www.mcmaster.com/91290A125/
all_live,fasteners.m3x30-shcs,M3x30 SHCS,Fasteners,ISO 4762 / DIN 912,2,2,0,0,Bolt Depot | McMaster-Carr,,voron-2.4 voron-trident voron-switchwire stealthburner afterburner voron-m4 mobius-3.1 jetpack voron-1.8 voron-2.2,current legacy,10,,,https://www.boltdepot.com/Product-Details.aspx?product=13641 | https://www.mcmaster.com/91290A171/
all_live,fasteners.m3x40-shcs,M3x40 SHCS,Fasteners,ISO 4762 / DIN 912,2,2,0,0,Bolt Depot | McMaster-Carr,,voron-2.4 voron-trident voron-switchwire afterburner voron-1.8 voron-2.2,current legacy,6,,,https://www.boltdepot.com/Product-Details.aspx?product=6387 | https://www.mcmaster.com/91290A136/
all_live,fasteners.m3x6-bhcs,M3x6 BHCS,Fasteners,ISO 7380-1,4,4,0,0,AliExpress | Bolt Depot | McMaster-Carr,,voron-2.4 voron-trident voron-0.2 voron-switchwire stealthburner afterburner voron-m4 mobius-3.1 voron-0 voron-0.1 voron-1.8 voron-2.2,current legacy,12,,,https://www.boltdepot.com/Product-Details.aspx?product=13334 | https://www.boltdepot.com/Metric_socket_button_head_Class_12.9_alloy_steel_black_oxide_finish_3mm_x_0.5mm.aspx | https://www.mcmaster.com/91239A111/ | https://s.click.aliexpress.com/e/_d7V4XEq
all_live,fasteners.m3x6-fhcs,M3x6 FHCS,Fasteners,ISO 10642 / DIN 7991,2,2,0,0,Bolt Depot | McMaster-Carr,,voron-2.4 voron-trident voron-switchwire stealthburner,current,4,,,https://www.boltdepot.com/Product-Details.aspx?product=13249 | https://www.mcmaster.com/91294A126/
all_live,fasteners.m3x6-shcs,M3x6 SHCS,Fasteners,,2,2,0,0,Bolt Depot | McMaster-Carr,,mobius-3.1,legacy,1,,,https://www.boltdepot.com/Product-Details.aspx?product=13634 | https://www.mcmaster.com/91290A111/
all_live,fasteners.m3x8-shcs,M3x8 SHCS,Fasteners,ISO 4762 / DIN 912,3,3,0,0,Bolt Depot | McMaster-Carr,,voron-2.4 voron-trident voron-switchwire stealthburner afterburner mobius-3.1 jetpack voron-1.8 voron-2.2,current legacy,9,,,https://www.boltdepot.com/Product-Details.aspx?product=13635 | https://www.boltdepot.com/Product-Details.aspx?product=13633 | https://www.mcmaster.com/91290A113/
all_live,fasteners.m4-thumb-nuts,M4 Thumb Nuts,Fasteners,,2,2,0,0,AliExpress | Amazon,,voron-trident,current,1,,,https://www.aliexpress.com/item/4000010655936.html | https://www.amazon.com/dp/B01IVU642I
all_live,fasteners.m4x6-bhcs,M4x6 BHCS,Fasteners,ISO 7380-1,2,2,0,0,Bolt Depot | McMaster-Carr,,voron-2.4 voron-trident voron-1.8 voron-2.2,current legacy,4,,,https://www.boltdepot.com/Product-Details.aspx?product=18944 | https://www.mcmaster.com/91239A138/
all_live,fasteners.m4x8-bhcs,M4x8 BHCS,Fasteners,ISO 7380-1,1,1,0,0,McMaster-Carr,,voron-switchwire,current,1,,,https://www.mcmaster.com/91239A140/
all_live,fasteners.m5-1-0mm-thick-shim-washer,M5 1.0mm Thick Shim/Washer,Fasteners,DIN 988,2,2,0,0,AliExpress | McMaster-Carr,,voron-trident voron-1.8,current legacy,2,,,https://www.aliexpress.com/item/32917948919.html | https://www.mcmaster.com/98055A099/
all_live,fasteners.m5-heat-set-inserts-m5xd7xl6,M5 Heat Set Inserts (M5xD7xL6),Fasteners,,1,1,0,0,cnckitchenus.store,,voron-trident,current,1,,,https://cnckitchenus.store/products/heat-set-insert-m5-x-5-8-short-version-50-pieces
all_live,fasteners.m5-locknut,M5 Locknut,Fasteners,ISO 10511 / DIN 985,2,2,0,0,Bolt Depot | McMaster-Carr,,voron-2.2,legacy,1,,,https://www.boltdepot.com/Product-Details.aspx?product=4803 | https://www.mcmaster.com/90576A104/
all_live,fasteners.m5-t-nut,M5 T-Nut,Fasteners,,3,3,0,0,AliExpress | Misumi,,voron-trident voron-1.8,current legacy,2,,,https://www.aliexpress.com/item/32805163712.html | https://www.aliexpress.com/item/32706208829.html | https://us.misumi-ec.com/vona2/detail/110302247910
all_live,fasteners.m5-t-nut-for-2020-extrusions,M5 T-nut (For 2020 extrusions),Fasteners,,2,2,0,0,AliExpress,,voron-switchwire,current,1,,,https://www.aliexpress.com/item/32805163712.html | https://www.aliexpress.com/item/32706208829.html
all_live,fasteners.m5-t-nut-hntaj5-5,M5 T-nut HNTAJ5-5,Fasteners,,3,3,0,0,AliExpress | Misumi,,voron-2.4 voron-2.2,current legacy,2,,,https://us.misumi-ec.com/vona2/detail/110302247910 | https://www.aliexpress.com/item/32805163712.html | https://www.aliexpress.com/item/32706208829.html
all_live,fasteners.m5x10-bhcs,M5x10 BHCS,Fasteners,ISO 7380-1,3,3,0,0,Bolt Depot | McMaster-Carr,,voron-2.4 voron-trident voron-switchwire voron-1.8 voron-2.2,current legacy,5,,,https://www.boltdepot.com/Product-Details.aspx?product=15646 | https://www.boltdepot.com/Product-Details.aspx?product=13343 | https://www.mcmaster.com/91239A224/
all_live,fasteners.m5x16-bhcs,M5x16 BHCS,Fasteners,ISO 7380-1,3,3,0,0,Bolt Depot | McMaster-Carr,,voron-2.4 voron-trident voron-switchwire voron-1.8 voron-2.2,current legacy,5,,,https://www.boltdepot.com/Product-Details.aspx?product=15648 | https://www.boltdepot.com/Product-Details.aspx?product=13345 | https://www.mcmaster.com/91239A232/
all_live,fasteners.m5x30-bhcs,M5x30 BHCS,Fasteners,ISO 7380-1,3,3,0,0,Bolt Depot | McMaster-Carr,,voron-2.4 voron-trident voron-switchwire voron-1.8 voron-2.2,current legacy,5,,,https://www.boltdepot.com/Product-Details.aspx?product=15651 | https://www.boltdepot.com/Product-Details.aspx?product=13348 | https://www.mcmaster.com/91239A236/
all_live,fasteners.m5x40-bhcs,M5x40 BHCS,Fasteners,ISO 7380-1,2,2,0,0,Bolt Depot | McMaster-Carr,,voron-trident,current,1,,,https://boltdepot.com/Product-Details?product=18955 | https://www.mcmaster.com/91239A240/
all_live,fasteners.m5x40-shcs,M5x40 SHCS,Fasteners,ISO 4762 / DIN 912,2,2,0,0,Bolt Depot | McMaster-Carr,,voron-2.4 voron-switchwire voron-1.8 voron-2.2,current legacy,4,,,https://www.boltdepot.com/Product-Details.aspx?product=6527 | https://www.mcmaster.com/91290A196/
all_live,fasteners.m8x16-bhcs,M8x16 BHCS,Fasteners,ISO 7380,1,1,0,0,McMaster-Carr,,voron-switchwire,current,1,,,https://www.mcmaster.com/91239A418/
all_live,frame.hfsb5-2020-150-tpw,HFSB5-2020-150-TPW,Frame,,1,1,0,0,Misumi,,voron-1.8,legacy,1,,,https://us.misumi-ec.com/vona2/detail/110302683830?HissuCode=HFSB5-2020-150-TPW&KWSearch=HFSB5-2020-150-TPW&PNSearch=HFSB5-2020-150-TPW&searchFlow=results2type
all_live,frame.hfsb5-2020-230,HFSB5-2020-230,Frame,,1,1,0,0,Misumi,,voron-1.8,legacy,1,,,https://us.misumi-ec.com/vona2/detail/110302683830?HissuCode=HFSB5-2020-250&Keyword=HFSB5-2020-250&PNSearch=HFSB5-2020-250&searchFlow=suggest2products
all_live,frame.hfsb5-2020-232-ltp,HFSB5-2020-232-LTP,Frame,G,1,1,0,0,Misumi,,voron-trident,current,1,,,https://us.misumi-ec.com/vona2/detail/110302683830?HissuCode=HFSB5-2020-232-LTP&KWSearch=HFSB5-2020-232-LTP&PNSearch=HFSB5-2020-232-LTP&searchFlow=results2type
all_live,frame.hfsb5-2020-240,HFSB5-2020-240,Frame,D,1,1,0,0,Misumi,,voron-trident voron-1.8,current legacy,2,,,https://us.misumi-ec.com/vona2/detail/110302683830?HissuCode=HFSB5-2020-240&Keyword=HFSB5-2020-240&PNSearch=HFSB5-2020-240&searchFlow=suggest2products
all_live,frame.hfsb5-2020-282-ltp,HFSB5-2020-282-LTP,Frame,G,1,1,0,0,Misumi,,voron-trident,current,1,,,https://us.misumi-ec.com/vona2/detail/110302683830?HissuCode=HFSB5-2020-282-LTP&KWSearch=HFSB5-2020-282-LTP&PNSearch=HFSB5-2020-282-LTP&searchFlow=results2type
all_live,frame.hfsb5-2020-290,HFSB5-2020-290,Frame,D,1,1,0,0,Misumi,,voron-trident voron-1.8,current legacy,2,,,https://us.misumi-ec.com/vona2/detail/110302683830?HissuCode=HFSB5-2020-290&Keyword=HFSB5-2020-290&PNSearch=HFSB5-2020-290&searchFlow=suggest2products
all_live,frame.hfsb5-2020-330,HFSB5-2020-330,Frame,E,2,2,0,0,Misumi,,voron-trident voron-1.8,current legacy,2,,,https://us.misumi-ec.com/vona2/detail/110302683830?HissuCode=HFSB5-2020-330&Keyword=HFSB5-2020-330&PNSearch=HFSB5-2020-330&searchFlow=suggest2products | https://us.misumi-ec.com/vona2/detail/110302683830?HissuCode=HFSB5-2020-330&KWSearch=HFSB5-2020-330&PNSearch=HFSB5-2020-330&searchFlow=results2type
all_live,frame.hfsb5-2020-330-ltp,HFSB5-2020-330-LTP,Frame,H,1,1,0,0,Misumi,,voron-trident,current,1,,,https://us.misumi-ec.com/vona2/detail/110302683830?HissuCode=HFSB5-2020-330-LTP&KWSearch=HFSB5-2020-330-LTP&PNSearch=HFSB5-2020-330-LTP&searchFlow=results2type
all_live,frame.hfsb5-2020-332-ltp,HFSB5-2020-332-LTP,Frame,G,1,1,0,0,Misumi,,voron-trident,current,1,,,https://us.misumi-ec.com/vona2/detail/110302683830?HissuCode=HFSB5-2020-332-LTP&KWSearch=HFSB5-2020-332-LTP&PNSearch=HFSB5-2020-332-LTP&searchFlow=results2type
all_live,frame.hfsb5-2020-340,HFSB5-2020-340,Frame,D,1,1,0,0,Misumi,,voron-trident voron-switchwire,current,2,,,https://us.misumi-ec.com/vona2/detail/110302683830?HissuCode=HFSB5-2020-340&Keyword=HFSB5-2020-340&PNSearch=HFSB5-2020-340&searchFlow=suggest2products
all_live,frame.hfsb5-2020-370,HFSB5-2020-370,Frame,,1,1,0,0,Misumi,,voron-1.8,legacy,1,,,https://us.misumi-ec.com/vona2/detail/110302683830?HissuCode=HFSB5-2020-370&Keyword=HFSB5-2020-370&PNSearch=HFSB5-2020-370&searchFlow=suggest2products
all_live,frame.hfsb5-2020-370-ah185,HFSB5-2020-370-AH185,Frame,F,1,1,0,0,Misumi,,voron-trident,current,1,,,https://us.misumi-ec.com/vona2/detail/110302683830?HissuCode=HFSB5-2020-370-AH185&Keyword=HFSB5-2020-370-AH185&PNSearch=HFSB5-2020-370-AH185&searchFlow=suggest2products
all_live,frame.hfsb5-2020-370-ah185-tpw,HFSB5-2020-370-AH185-TPW,Frame,C,1,1,0,0,Misumi,,voron-trident,current,1,,,https://us.misumi-ec.com/vona2/detail/110302683830?HissuCode=HFSB5-2020-370-AH185-TPW&KWSearch=HFSB5-2020-370-AH185-TPW&PNSearch=HFSB5-2020-370-AH185-TPW&searchFlow=results2type
all_live,frame.hfsb5-2020-370-ah45-bh325,HFSB5-2020-370-AH45-BH325,Frame,,1,1,0,0,Misumi,,voron-1.8,legacy,1,,,https://us.misumi-ec.com/vona2/detail/110302683830?HissuCode=HFSB5-2020-370-AH45-BH325&KWSearch=HFSB5-2020-370-AH45-BH325&PNSearch=HFSB5-2020-370-AH45-BH325&searchFlow=results2type
all_live,frame.hfsb5-2020-370-tpw,HFSB5-2020-370-TPW,Frame,A,1,1,0,0,Misumi,,voron-trident voron-1.8,current legacy,2,,,https://us.misumi-ec.com/vona2/detail/110302683830?HissuCode=HFSB5-2020-370-TPW&KWSearch=HFSB5-2020-370-TPW&PNSearch=HFSB5-2020-370-TPW&searchFlow=results2type
all_live,frame.hfsb5-2020-380,HFSB5-2020-380,Frame,E,1,1,0,0,Misumi,,voron-trident voron-1.8,current legacy,2,,,https://us.misumi-ec.com/vona2/detail/110302683830?HissuCode=HFSB5-2020-380&Keyword=HFSB5-2020-380&PNSearch=HFSB5-2020-380&searchFlow=suggest2products
all_live,frame.hfsb5-2020-420-ah210,HFSB5-2020-420-AH210,Frame,F,1,1,0,0,Misumi,,voron-trident,current,1,,,https://us.misumi-ec.com/vona2/detail/110302683830?HissuCode=HFSB5-2020-420-AH210&Keyword=HFSB5-2020-420-AH210&PNSearch=HFSB5-2020-420-AH210&searchFlow=suggest2products
all_live,frame.hfsb5-2020-420-ah210-tpw,HFSB5-2020-420-AH210-TPW,Frame,C,1,1,0,0,Misumi,,voron-trident,current,1,,,https://us.misumi-ec.com/vona2/detail/110302683830?HissuCode=HFSB5-2020-420-AH210-TPW&KWSearch=HFSB5-2020-420-AH210-TPW&PNSearch=HFSB5-2020-420-AH210-TPW&searchFlow=results2type
all_live,frame.hfsb5-2020-420-tpw,HFSB5-2020-420-TPW,Frame,A,1,1,0,0,Misumi,,voron-trident voron-1.8,current legacy,2,,,https://us.misumi-ec.com/vona2/detail/110302683830?HissuCode=HFSB5-2020-420-TPW&KWSearch=HFSB5-2020-420-TPW&PNSearch=HFSB5-2020-420-TPW&searchFlow=results2type
all_live,frame.hfsb5-2020-430,HFSB5-2020-430,Frame,E,1,1,0,0,Misumi,,voron-trident,current,1,,,https://us.misumi-ec.com/vona2/detail/110302683830?HissuCode=HFSB5-2020-430&Keyword=HFSB5-2020-430&PNSearch=HFSB5-2020-430&searchFlow=suggest2products
all_live,frame.hfsb5-2020-470-ah235,HFSB5-2020-470-AH235,Frame,F,1,1,0,0,Misumi,,voron-trident,current,1,,,https://us.misumi-ec.com/vona2/detail/110302683830?HissuCode=HFSB5-2020-470-AH235&Keyword=HFSB5-2020-470-AH235&PNSearch=HFSB5-2020-470-AH235&searchFlow=suggest2products
all_live,frame.hfsb5-2020-470-ah235-tpw,HFSB5-2020-470-AH235-TPW,Frame,C,1,1,0,0,Misumi,,voron-trident,current,1,,,https://us.misumi-ec.com/vona2/detail/110302683830?HissuCode=HFSB5-2020-470-AH235-TPW&KWSearch=HFSB5-2020-470-AH235-TPW&PNSearch=HFSB5-2020-470-AH235-TPW&searchFlow=results2type
all_live,frame.hfsb5-2020-470-tpw,HFSB5-2020-470-TPW,Frame,A,1,1,0,0,Misumi,,voron-trident,current,1,,,https://us.misumi-ec.com/vona2/detail/110302683830?HissuCode=HFSB5-2020-470-TPW&KWSearch=HFSB5-2020-470-TPW&PNSearch=HFSB5-2020-470-TPW&searchFlow=results2type
all_live,frame.hfsb5-2020-500-lcp-rcp-av360,HFSB5-2020-500-LCP-RCP-AV360,Frame,B,1,1,0,0,Misumi,,voron-trident,current,1,,,https://us.misumi-ec.com/vona2/detail/110302683830?HissuCode=HFSB5-2020-500-LCP-RCP-AV360&Keyword=HFSB5-2020-500-LCP-RCP-AV360&PNSearch=HFSB5-2020-500-LCP-RCP-AV360&searchFlow=suggest2products
all_live,frame.hfsb5-2020-500-ltp-rcp-av380-ap40,HFSB5-2020-500-LTP-RCP-AV380-AP40,Frame,,1,1,0,0,Misumi,,voron-1.8,legacy,1,,,https://us.misumi-ec.com/vona2/detail/110302683830?HissuCode=HFSB5-2020-500-LTP-RCP-AV380-AP40&Keyword=HFSB5-2020-500-LTP-RCP-AV380-AP40&PNSearch=HFSB5-2020-500-LTP-RCP-AV380-AP40&searchFlow=suggest2products
all_live,frame.misumi-hfsb5-2020-size-depends-use-configurator,Misumi HFSB5-2020 (Size depends - use configurator),Frame,,2,2,0,0,LDO Motors | Misumi,,voron-2.4 voron-trident voron-1.8 voron-2.2,current legacy,4,,,https://us.misumi-ec.com/vona2/detail/110302683830?Inch=0 | https://docs.ldomotors.com/en/voron/LDO_Voron_Distributors
all_live,hardware.3x5x0-5-shim-ring-3mm-id-5mm-od,"3x5x0.5 Shim Ring (3mm ID, 5mm OD)",Hardware,,4,4,0,0,AliExpress | HobbyTown,,voron-0,legacy,1,,,https://s.click.aliexpress.com/e/_d6LLlCu | https://www.hobbytown.com/protek-rc-3x5x0.5mm-clutch-washer-10-ptk-h-5911/p188799 | https://s.click.aliexpress.com/e/_dXI90fG | https://www.aliexpress.com/item/32917948919.html
all_live,hardware.3x7x0-5-shim-ring-3mm-id-7-mm-od,"3x7x0.5 Shim Ring (3mm ID, 7 mm OD)",Hardware,DIN988,3,3,0,0,AliExpress,,voron-0,legacy,1,,,https://s.click.aliexpress.com/e/_dUjNx0o | https://s.click.aliexpress.com/e/_Bf9nOYLc | https://www.aliexpress.com/item/32917948919.html
all_live,hardware.m2-5x12-shcs-for-dragon-hotend-only,M2.5x12 SHCS (for dragon hotend only),Hardware,DIN 912,1,1,0,0,AliExpress,,voron-0,legacy,1,,,https://www.aliexpress.com/item/4000888356182.html
all_live,hardware.m2-5x6-bhcs,M2.5x6 BHCS,Hardware,ISO 7380-1,2,2,0,0,AliExpress | McMaster-Carr,,voron-0.1,legacy,1,,,https://www.mcmaster.com/screws/system-of-measurement~metric/rounded-head-screws/thread-size~m2-5/metric-alloy-steel-button-head-hex-drive-screws | https://s.click.aliexpress.com/e/_d7V4XEq
all_live,hardware.m2x6-bhcs,M2x6 BHCS,Hardware,ISO 7380-1,3,3,0,0,AliExpress,,voron-0,legacy,1,,,https://s.click.aliexpress.com/e/_dWAEssE | https://www.aliexpress.com/item/32966917947.html | https://www.aliexpress.com/item/4000038065691.html
all_live,hardware.m2x6-bhcs-shcs,M2x6 BHCS/SHCS,Hardware,ISO 7380-1,3,3,0,0,AliExpress | Amazon | Bolt Depot,,voron-0.1,legacy,1,,,https://www.boltdepot.com/Metric_socket_cap_Class_12.9_alloy_steel_black_oxide_finish_2mm_x_0.4mm.aspx | https://www.aliexpress.com/item/32966917947.html | https://www.amazon.com/dp/B07W5J19Y5
all_live,hardware.m2x6-fhcs,M2x6 FHCS,Hardware,ISO 10642 / DIN7991,2,2,0,0,AliExpress | McMaster-Carr,,voron-0.2 voron-0.1,current legacy,2,,,https://www.mcmaster.com/91294A004/ | https://www.aliexpress.com/item/32968616563.html
all_live,hardware.m2x6-shcs,M2x6 SHCS,Hardware,ISO 4762 / DIN 912,3,3,0,0,AliExpress | Amazon | Bolt Depot,,voron-0.2,current,1,,,https://www.boltdepot.com/Metric_socket_cap_Class_12.9_alloy_steel_black_oxide_finish_2mm_x_0.4mm.aspx | https://www.aliexpress.com/item/2251832870888463.html | https://www.amazon.com/dp/B07W5J19Y5
all_live,hardware.m2x8-shcs,M2x8 SHCS,Hardware,ISO 4762 / DIN 912,5,5,0,0,AliExpress | Amazon | Bolt Depot,,voron-0.2 voron-0 voron-0.1,current legacy,3,,,https://www.boltdepot.com/Metric_socket_cap_Class_12.9_alloy_steel_black_oxide_finish_2mm_x_0.4mm.aspx | https://s.click.aliexpress.com/e/_d6vrEGq | https://amzn.to/3c0xpEh | https://www.aliexpress.com/item/2251832870888463.html | https://amzn.to/2SiHdlD
all_live,hardware.m3-hexnut,M3 Hexnut,Hardware,ISO 4033 / DIN 934,4,4,0,0,AliExpress | Bolt Depot | McMaster-Carr,,voron-2.4 voron-0.2 voron-switchwire afterburner mobius-3.1 jetpack voron-0 voron-0.1 voron-1.8 voron-2.2,current legacy,10,,,https://www.boltdepot.com/Product-Details.aspx?product=4783 | https://www.boltdepot.com/Metric_hex_nuts_Stainless_steel_18-8_(A-2).aspx | https://www.mcmaster.com/90591A250/ | https://www.aliexpress.com/item/32977174437.html
all_live,hardware.m3-thumb-nuts,M3 Thumb Nuts,Hardware,DIN 467,1,1,0,0,AliExpress,,voron-0,legacy,1,,,https://www.aliexpress.com/item/4000023683078.html
all_live,hardware.m3x10-bhcs,M3x10 BHCS,Hardware,ISO 7380-1,2,2,0,0,AliExpress | Bolt Depot,,voron-0.2 voron-0 voron-0.1,current legacy,3,,,https://www.boltdepot.com/Metric_socket_button_head_Class_12.9_alloy_steel_black_oxide_finish_3mm_x_0.5mm.aspx | https://s.click.aliexpress.com/e/_dTG8kTc
all_live,hardware.m3x12-bhcs,M3x12 BHCS,Hardware,ISO 7380-1,2,2,0,0,AliExpress | Bolt Depot,,voron-0.2 voron-0 voron-0.1,current legacy,3,,,https://www.boltdepot.com/Metric_socket_button_head_Class_12.9_alloy_steel_black_oxide_finish_3mm_x_0.5mm.aspx | https://s.click.aliexpress.com/e/_dWjW7lk
all_live,hardware.m3x16-bhcs,M3x16 BHCS,Hardware,ISO 7380-1,2,2,0,0,AliExpress | Bolt Depot,,voron-0.2 voron-0.1,current legacy,2,,,https://www.boltdepot.com/Metric_socket_button_head_Class_12.9_alloy_steel_black_oxide_finish_3mm_x_0.5mm.aspx | https://s.click.aliexpress.com/e/_dWjW7lk
all_live,hardware.m3x30-bhcs,M3x30 BHCS,Hardware,ISO 7380-1,2,2,0,0,AliExpress | Bolt Depot,,voron-0.2 voron-0 voron-0.1,current legacy,3,,,https://www.boltdepot.com/Product-Details.aspx?product=18943 | https://s.click.aliexpress.com/e/_dUZTaXk
all_live,hardware.m3x50-shcs,M3x50 SHCS,Hardware,,1,1,0,0,McMaster-Carr,,stealthburner,current,1,,,https://www.mcmaster.com/91290A137/
all_live,hardware.m3x8-bhcs,M3x8 BHCS,Hardware,ISO 7380-1,2,2,0,0,AliExpress | Bolt Depot,,voron-0.2 voron-0 voron-0.1,current legacy,3,,,https://www.boltdepot.com/Metric_socket_button_head_Class_12.9_alloy_steel_black_oxide_finish_3mm_x_0.5mm.aspx | https://s.click.aliexpress.com/e/_d69Qoqw
all_live,hardware.m5x25-bhcs,M5x25 BHCS,Hardware,,2,2,0,0,Bolt Depot | McMaster-Carr,,jetpack,legacy,1,,,https://www.boltdepot.com/Product-Details.aspx?product=15650 | https://www.mcmaster.com/91239A234/
all_live,hardware.m5x35mm-bhcs,M5x35mm BHCS,Hardware,ISO 7380-1,2,2,0,0,AliExpress | Bolt Depot,,voron-0,legacy,1,,,https://www.boltdepot.com/Metric_socket_button_head_Class_12.9_alloy_steel_black_oxide_finish_5mm_x_0.8mm.aspx | https://s.click.aliexpress.com/e/_d9EGBZ4
all_live,hardware.shim-washer-6mm-od-3mm-id-0-5mm-thick-thickness-is-important,Shim Washer - 6mm OD - 3mm ID - 0.5mm Thick (thickness is important),Hardware,DIN988,2,2,0,0,AliExpress,,voron-0.2 voron-0.1,current legacy,2,,,https://s.click.aliexpress.com/e/_dUjNx0o | https://s.click.aliexpress.com/e/_Bf9nOYLc
all_live,hardware.thumb-screw-assembly,Thumb Screw Assembly,Hardware,,4,4,0,0,AliExpress | Bondtech | Filastruder,,voron-0.2 afterburner voron-m4 voron-0 voron-0.1,current legacy,5,,,https://www.bondtech.se/en/product/thumbscrew-assembly | https://www.filastruder.com/collections/bondtech/products/bondtech-thumbscrew-assembly | https://s.click.aliexpress.com/e/_dUxr46o | https://www.aliexpress.com/item/32947691813.html
all_live,hotend.2-into-1-y-splitter,2 into 1 Y Splitter,Hotend,,1,1,0,0,AliExpress,,optional-parts,current,1,,,https://www.aliexpress.com/item/32770576556.html
all_live,hotend.copper-v6-heat-block,Copper V6 Heat Block,Hotend,,1,1,0,0,AliExpress,,optional-parts,current,1,,,https://www.aliexpress.com/item/4000011928654.html
all_live,hotend.copper-volcano-heatblock,Copper Volcano Heatblock,Hotend,,1,1,0,0,AliExpress,,optional-parts,current,1,,,https://www.aliexpress.com/item/4000012110390.html
all_live,hotend.e3d-v6-bowden-hotend-kit-12v,E3D V6 Bowden Hotend Kit (12V),Hotend,,2,2,0,0,AliExpress | Filastruder,,voron-1.6.2 voron-2.2,legacy,2,,,https://www.aliexpress.com/item/32844028127.html | https://www.filastruder.com/products/all-metal-e3d-v6-hotend
all_live,hotend.e3d-volcano-bowden-hotend-kit-12v,E3D Volcano Bowden Hotend Kit (12V),Hotend,,1,1,0,0,AliExpress,,optional-parts,current,1,,,https://www.aliexpress.com/item/32844080369.html
all_live,hotend.v6-and-or-mosquito-brass-nozzle,V6 and/or Mosquito Brass Nozzle,Hotend,,1,1,0,0,AliExpress,,optional-parts,current,1,,,https://www.aliexpress.com/item/32835656952.html
all_live,hotend.v6-and-or-mosquito-copper-nozzle,V6 and/or Mosquito Copper Nozzle,Hotend,,1,1,0,0,AliExpress,,optional-parts,current,1,,,https://www.aliexpress.com/item/33044552706.html
all_live,hotend.v6-and-or-mosquito-steel-nozzle,V6 and/or Mosquito Steel Nozzle,Hotend,,1,1,0,0,AliExpress,,optional-parts,current,1,,,https://www.aliexpress.com/item/32850756758.html
all_live,hotend.v6-volcano-heatsink,V6/Volcano Heatsink,Hotend,,2,2,0,0,AliExpress,,optional-parts,current,1,,,https://www.aliexpress.com/item/32842829820.html | https://www.aliexpress.com/item/32895954372.html
all_live,hotend.v6-volcano-titanium-heatbreak,V6/Volcano Titanium Heatbreak,Hotend,,1,1,0,0,AliExpress,,optional-parts,current,1,,,https://www.aliexpress.com/item/32853548000.html
all_live,hotend.volcano-brass-nozzle,Volcano Brass Nozzle,Hotend,,1,1,0,0,AliExpress,,optional-parts,current,1,,,https://www.aliexpress.com/item/32839344108.html
all_live,hotend.volcano-copper-nozzle,Volcano Copper Nozzle,Hotend,,1,1,0,0,AliExpress,,optional-parts,current,1,,,https://www.aliexpress.com/item/4000002246568.html
all_live,hotend.volcano-steel-nozzle,Volcano Steel Nozzle,Hotend,,1,1,0,0,AliExpress,,optional-parts,current,1,,,https://www.aliexpress.com/item/32879512832.html
all_live,kits.voron-v0-1-kit-formbot,Voron V0.1 Kit - FORMBOT,Kits,,1,1,0,0,AliExpress,,voron-0.2 voron-0.1,current legacy,2,,,https://s.click.aliexpress.com/e/_9xE4rJ
all_live,misc.3m-vhb-tape,3M VHB Tape,Misc,,1,1,0,0,Amazon,,optional-parts,current,1,,,https://www.amazon.com/dp/B00GTAB20M
all_live,misc.bmg-extruder-hardware-kit-if-configured-with-direct-feed,BMG Extruder Hardware Kit (if configured with direct feed),Misc,,2,2,0,0,AliExpress,,voron-2.4 voron-switchwire,current,2,,,https://www.aliexpress.com/item/4000021186440.html | https://s.click.aliexpress.com/e/_Alji4k
all_live,misc.din-rail-electronics-enclosure-steel-35mm-wide-7-5mm-tall-steel,"DIN Rail - Electronics Enclosure - Steel - 35mm wide, 7.5mm tall, Steel",Misc,,1,1,0,0,AliExpress,,voron-trident voron-1.8,current legacy,2,,,https://www.aliexpress.com/item/4001002262174.html
all_live,misc.filament-out-switch,Filament Out Switch,Misc,,1,1,0,0,AliExpress,,optional-parts,current,1,,,https://www.aliexpress.com/item/32829808063.html
all_live,misc.foam-panel-tape-5mm-wide-1mm-thick,Foam Panel Tape (5mm Wide/1mm Thick),Misc,,2,2,0,0,AliExpress | Amazon,,optional-parts,current,1,,,https://www.aliexpress.com/item/32885016096.html | https://www.amazon.com/dp/B07L6JKJD1
all_live,misc.foam-panel-tape-5mm-wide-3mm-thick,Foam Panel Tape (5mm wide/3mm thick),Misc,,1,1,0,0,AliExpress,,voron-2.4 voron-trident,current,2,,,https://www.aliexpress.com/item/32885016096.html
all_live,misc.fume-extractor-carbon-filter-element,Fume Extractor Carbon Filter Element,Misc,,3,3,0,0,AliExpress | Amazon,,optional-parts,current,1,,,https://www.amazon.com/dp/B07KWYTCG5 | https://www.aliexpress.com/item/32981088131.html | https://www.aliexpress.com/item/33051112482.html
all_live,misc.needle-bearings-for-bondtech-idler,Needle Bearings for Bondtech Idler,Misc,,1,1,0,0,AliExpress,,mobius-3.1,legacy,1,,,https://www.aliexpress.com/item/32948087238.html
all_live,misc.v6-hotend-sock,V6 Hotend Sock,Misc,,1,1,0,0,AliExpress,,optional-parts,current,1,,,https://www.aliexpress.com/item/32922594383.html
all_live,misc.volcano-hotend-sock,Volcano Hotend Sock,Misc,,1,1,0,0,AliExpress,,optional-parts,current,1,,,https://www.aliexpress.com/item/32970236537.html
all_live,motion.5mm-x-45mm-shaft-grind-flat,5mm x 45mm Shaft - Grind Flat,Motion,,1,1,0,0,AliExpress,,jetpack,legacy,1,,,https://www.aliexpress.com/item/1739093502.html
all_live,motion.5mm-x-50mm-shaft,5mm x 50mm Shaft,Motion,,1,1,0,0,AliExpress,,voron-m4 mobius-3.1,legacy,2,,,https://www.aliexpress.com/item/1739093502.html
all_live,motion.5x26mm-shaft,5x26mm Shaft,Motion,,1,1,0,0,AliExpress,,voron-2.2,legacy,1,,,https://www.aliexpress.com/item/1739093502.html
all_live,motion.5x28mm-shaft-you-can-cut-down-a-30mm-bed-height-will-change-this,"5x28mm Shaft - (You can cut down a 30mm, Bed Height will change this)",Motion,,1,1,0,0,AliExpress,,voron-2.2,legacy,1,,,https://www.aliexpress.com/item/1739093502.html
all_live,motion.5x30mm-shaft,5x30mm Shaft,Motion,,2,2,0,0,AliExpress,,voron-2.4 voron-trident voron-1.8 voron-2.2,current legacy,4,,,https://www.aliexpress.com/item/1739093502.html | https://www.aliexpress.com/item/32769265211.html
all_live,motion.5x50mm-shaft-grind-flat,5x50mm Shaft - Grind Flat,Motion,,1,1,0,0,AliExpress,,voron-2.2,legacy,1,,,https://www.aliexpress.com/item/1739093502.html
all_live,motion.5x60mm-shaft-grind-flat,5x60mm Shaft - Grind Flat,Motion,,1,1,0,0,AliExpress,,voron-2.4 voron-2.2,current legacy,2,,,https://www.aliexpress.com/item/1739093502.html
all_live,motion.625-2rs-bearing,625 2RS Bearing,Motion,,2,2,0,0,AliExpress,,voron-2.4 voron-2.2,current legacy,2,,,https://www.aliexpress.com/item/32991204773.html | https://www.aliexpress.com/item/32802288535.html
all_live,motion.extruder-spring,Extruder Spring,Motion,,1,1,0,0,AliExpress,,jetpack,legacy,1,,,https://www.aliexpress.com/item/32811213869.html
all_live,motion.f688-rs-bearing,F688-RS Bearing,Motion,,2,2,0,0,AliExpress,,voron-0,legacy,1,included in kit,,https://s.click.aliexpress.com/e/_d8sMqn6 | https://s.click.aliexpress.com/e/_dZVGC8K
all_live,motion.f695-2rs-bearing,F695 2RS Bearing,Motion,,3,3,0,0,AliExpress,,voron-2.4 voron-trident voron-switchwire voron-m4 mobius-3.1 voron-1.8 voron-2.2,current legacy,7,,,https://www.aliexpress.com/item/33001186278.html | https://www.aliexpress.com/item/32850989216.html | https://s.click.aliexpress.com/e/FhQBXGmc
all_live,motion.ge5c-spherical-bearing,GE5C Spherical Bearing,Motion,,2,2,0,0,AliExpress | igus.com,,voron-trident,current,1,,,https://www.aliexpress.com/item/4000335932856.html | https://www.igus.com/search?q=EGLM-05
all_live,motion.gt2-16t-6mm-wide-pulley-5mm-bore,GT2 16T (6mm wide) Pulley (5mm bore),Motion,,1,1,0,0,AliExpress,,voron-2.4 jetpack voron-2.2,current legacy,3,,,https://www.aliexpress.com/item/1744808992.html
all_live,motion.gt2-16t-toothed-idler-w-bearing-6mm-wide-3mm-bore-13mmod,GT2 16T Toothed idler w/bearing (6mm wide) (3mm bore) (13mmOD),Motion,,1,1,0,0,Amazon,,voron-0,legacy,1,included in kit,,https://amzn.to/3eiB1CM
all_live,motion.gt2-20t-6mm-wide-8mm-bore,GT2 20T (6mm wide) (8mm bore),Motion,,1,1,0,0,AliExpress,,voron-0,legacy,1,included in kit,,https://s.click.aliexpress.com/e/_dYtoM9A
all_live,motion.gt2-20t-9mm-wide-pulley-5mm-bore,GT2 20T (9mm wide) Pulley (5mm bore),Motion,,1,1,0,0,AliExpress,,voron-2.4 voron-2.2,current legacy,2,,,https://www.aliexpress.com/item/32650675929.html
all_live,motion.gt2-80t-6mm-wide-pulley-5mm-bore,GT2 80T (6mm wide) Pulley (5mm bore),Motion,,1,1,0,0,AliExpress,,voron-2.4,current,1,,,https://www.aliexpress.com/item/32782605159.html
all_live,motion.gt2-belt-loop-6mm-wide-150mm,GT2 Belt Loop (6mm wide) - 150mm,Motion,,1,1,0,0,AliExpress,,jetpack,legacy,1,,,https://www.aliexpress.com/item/1837021682.html
all_live,motion.gt2-open-belt-6mm-2-meters,GT2 Open Belt 6mm (2 meters),Motion,,1,1,0,0,AliExpress,,voron-0,legacy,1,included in kit,,https://s.click.aliexpress.com/e/_dZ6ZPZ2
all_live,motion.gt2-open-belt-6mm-3-meters,GT2 Open Belt 6mm (3 meters),Motion,,2,2,0,0,AliExpress,,voron-0.1,legacy,1,,,https://s.click.aliexpress.com/e/_AWdYSR | https://s.click.aliexpress.com/e/_dZ6ZPZ2
all_live,motion.gt2-open-belt-6mm-3000mm,GT2 Open Belt 6mm (3000mm),Motion,,2,2,0,0,AliExpress,,voron-0.2,current,1,,,https://s.click.aliexpress.com/e/_DBbMKkt | https://s.click.aliexpress.com/e/_dZ6ZPZ2
all_live,motion.key-bak-super48-36-13oz,"Key-bak Super48 36"" 13oz",Motion,,1,1,0,0,Amazon,,voron-switchwire,current,1,,,https://amzn.to/3isiyWo
all_live,motion.linear-bearings-lmuw8,Linear Bearings (LMUW8),Motion,,1,1,0,0,Misumi,,voron-1.6.2,legacy,1,,,https://us.misumi-ec.com/vona2/detail/110300026540?HissuCode=LMUW8&Keyword=LMUW8&PNSearch=LMUW8&searchFlow=suggest2products
all_live,motion.linear-bearings-lm8luu,Linear Bearings - LM8LUU,Motion,,1,1,0,0,AliExpress,,voron-1.8,legacy,1,,,https://www.aliexpress.com/item/32261426948.html
all_live,motion.linear-rail-mgn12h-see-configurator-for-length,Linear Rail MGN12H ** See Configurator for length **,Motion,,5,5,0,0,AliExpress | LDO Motors | RobotDigg | Zyltech,,voron-2.4 voron-trident voron-switchwire,current,3,,,"https://www.aliexpress.com/item/32829826159.html | https://www.robotdigg.com/product/1314/Black-anodized-linear-rail-7,-9,-12-and-15 | https://www.zyltech.com/zyltech-mgn12-h-type-linear-rail-with-single-or-double-carriage-block | https://www.aliexpress.com/item/2251832643511407.html | https://docs.ldomotors.com/en/voron/LDO_Voron_Distributors"
all_live,motion.linear-rail-mgn9h-see-configurator-for-length,Linear Rail MGN9H ** See Configurator for length **,Motion,,3,3,0,0,AliExpress | RobotDigg | Zyltech,,voron-2.4 voron-trident voron-1.8 voron-2.2,current legacy,4,,,"https://www.aliexpress.com/item/32773296501.html | https://www.robotdigg.com/product/1314/Black-anodized-linear-rail-7,-9,-12-and-15 | https://www.zyltech.com/zyltech-mgn9-linear-rail-with-single-or-double-carriage-block"
all_live,motion.linear-rods-psfj8-320,Linear Rods (PSFJ8-320),Motion,,1,1,0,0,Misumi,,voron-1.6.2,legacy,1,,,https://us.misumi-ec.com/vona2/detail/110302634310?HissuCode=PSFJ8-320&KWSearch=PSFJ8-320&PNSearch=PSFJ8-320&searchFlow=results2type
all_live,motion.linear-rods-8mm-320mm-long-for-230mm-z,"Linear Rods - 8mm, 320mm Long (for 230mm Z)",Motion,,1,1,0,0,AliExpress,,voron-1.8,legacy,1,,,https://www.aliexpress.com/item/32676553191.html
all_live,panels.deck-front-deck-back-mid-panel-3mm-thick.voron-0,"(Deck front,Deck back, Mid panel) 3mm thick",Panels,,1,1,0,0,mnlasercutting.com,,voron-0,legacy,1,Hand cut,,https://mnlasercutting.com/
all_live,panels.deck-panel-mid-panel-motor-panel-rear-panel-3mm-thick.voron-0.1,"(Deck Panel, Mid panel, Motor Panel, Rear Panel) 3mm thick",Panels,,1,1,0,0,mnlasercutting.com,,voron-0.1,legacy,1,cut by hand per Drawings,,https://mnlasercutting.com/
all_live,panels.deck-panel-mid-panel-motor-panel-rear-panel-3mm-thick-drawings-and-dxf-on-github.voron-0.2,"(Deck Panel, Mid panel, Motor Panel, Rear Panel) 3mm thick (drawings and dxf on github)",Panels,,1,1,0,0,mnlasercutting.com,,voron-0.2,current,1,cut by hand per Drawings,,https://mnlasercutting.com/
all_live,panels.bottom-back-electronics-bay-panels.voron-2.4,Bottom/Back/Electronics Bay Panels,Panels,,2,2,0,0,michaels.com | mnlasercutting.com,,voron-2.4,current,1,,,https://www.michaels.com/corrugated-board-by-creatology/M10567770.html | https://mnlasercutting.com/
all_live,panels.bottom-back-electronics-bay-panels.voron-1.8,Bottom/Back/Electronics Bay Panels,Panels,,2,2,0,0,michaels.com | mnlasercutting.com,,voron-1.8,legacy,1,,,https://www.michaels.com/corrugated-board-by-creatology/M10567770.html | https://www.mnlasercutting.com/
all_live,panels.bottom-back-electronics-bay-panels.voron-1.6.2,Bottom/Back/Electronics Bay Panels,Panels,,2,2,0,0,michaels.com | mnlasercutting.com,,voron-1.6.2,legacy,1,,,https://www.michaels.com/corrugated-board-by-creatology/M10567770.html | https://www.mnlasercutting.com/
all_live,panels.bottom-back-electronics-bay-panels.voron-2.2,Bottom/Back/Electronics Bay Panels,Panels,,2,2,0,0,michaels.com | mnlasercutting.com,,voron-2.2,legacy,1,,,https://www.michaels.com/corrugated-board-by-creatology/M10567770.html | https://www.mnlasercutting.com/
all_live,panels.deck-bottom-and-back-panels.voron-trident,"Deck, Bottom and Back Panels",Panels,,3,3,0,0,Printed Solid | michaels.com | mnlasercutting.com,,voron-trident,current,1,,,https://www.michaels.com/corrugated-board-by-creatology/M10567770.html | https://www.printedsolid.com/products/voron-trident-panel-set-made-from-aluminum-composite-material-acrylic-sold-separate | https://www.mnlasercutting.com/
all_live,panels.front-door-212mm-x-239mm-x-2-5mm-pc-or-acrylic.voron-0,Front Door 212mm x 239mm x 2.5mm (PC or Acrylic),Panels,,1,1,0,0,tapplastics.com,,voron-0,legacy,1,3mm foam board,,https://www.tapplastics.com/product/plastics/cut_to_size_plastic/polycarbonate_sheets/516
all_live,panels.front-door-212mm-x-239mm-x-2-5mm-pc-or-acrylic.voron-0.1,Front Door 212mm x 239mm x 2.5mm (PC or Acrylic),Panels,,1,1,0,0,tapplastics.com,,voron-0.1,legacy,1,cut by hand per Drawings,,https://www.tapplastics.com/product/plastics/cut_to_size_plastic/polycarbonate_sheets/516
all_live,panels.front-door-212mm-x-239mm-x-3mm-pc-or-acrylic.voron-0.2,Front Door 212mm x 239mm x 3mm (PC or Acrylic),Panels,,1,1,0,0,tapplastics.com,,voron-0.2,current,1,cut by hand per Drawings,,https://www.tapplastics.com/product/plastics/cut_to_size_plastic/polycarbonate_sheets/516
all_live,panels.opaque-enclosure-panels.voron-switchwire,Opaque Enclosure Panels,Panels,,1,1,0,0,mnlasercutting.com,,voron-switchwire,current,1,,,https://mnlasercutting.com/
all_live,panels.rear-panel-212mm-x-248mm-whatever-material-you-want.voron-0.2,Rear Panel 212mm x 248mm (whatever material you want),Panels,,1,1,0,0,tapplastics.com,,voron-0.2,current,1,cut by hand per Drawings,,https://www.tapplastics.com/product/plastics/cut_to_size_plastic/polycarbonate_sheets/516
all_live,panels.rear-panel-212mm-x-248mm-whatever-material-you-want.voron-0.1,Rear Panel 212mm x 248mm (whatever material you want),Panels,,1,1,0,0,tapplastics.com,,voron-0.1,legacy,1,cut by hand per Drawings,,https://www.tapplastics.com/product/plastics/cut_to_size_plastic/polycarbonate_sheets/516
all_live,panels.rear-panel-212mm-x-248mm-x-2-5mm-whatever-material-you-want.voron-0,Rear Panel 212mm x 248mm x 2.5mm (whatever material you want),Panels,,1,1,0,0,tapplastics.com,,voron-0,legacy,1,3mm foam board,,https://www.tapplastics.com/product/plastics/cut_to_size_plastic/polycarbonate_sheets/516
all_live,panels.side-panel-212mm-x-230mm-x-2-5mm-pc-or-acrylic.voron-0,Side Panel 212mm x 230mm x 2.5mm (PC or Acrylic),Panels,,1,1,0,0,tapplastics.com,,voron-0,legacy,1,3mm foam board,,https://www.tapplastics.com/product/plastics/cut_to_size_plastic/polycarbonate_sheets/516
all_live,panels.side-panel-212mm-x-230mm-x-2-5mm-pc-or-acrylic.voron-0.1,Side Panel 212mm x 230mm x 2.5mm (PC or Acrylic),Panels,,1,1,0,0,tapplastics.com,,voron-0.1,legacy,1,cut by hand per Drawings,,https://www.tapplastics.com/product/plastics/cut_to_size_plastic/polycarbonate_sheets/516
all_live,panels.side-panel-212mm-x-230mm-x-3mm-pc-or-acrylic.voron-0.2,Side Panel 212mm x 230mm x 3mm (PC or Acrylic),Panels,,1,1,0,0,tapplastics.com,,voron-0.2,current,1,cut by hand per Drawings,,https://www.tapplastics.com/product/plastics/cut_to_size_plastic/polycarbonate_sheets/516
all_live,panels.side-front-top-acrylic-panels.voron-2.4,Side/Front/Top Acrylic Panels,Panels,,1,1,0,0,tapplastics.com,,voron-2.4,current,1,,,https://www.tapplastics.com/product/plastics/cut_to_size_plastic/acrylic_sheets_clear/508
all_live,panels.side-front-top-polycarbonate-panels.voron-1.8,Side/Front/Top Polycarbonate Panels,Panels,,1,1,0,0,tapplastics.com,,voron-1.8,legacy,1,,,https://www.tapplastics.com/product/plastics/cut_to_size_plastic/polycarbonate_sheets/516
all_live,panels.side-front-top-polycarbonate-panels.voron-2.2,Side/Front/Top Polycarbonate Panels,Panels,,1,1,0,0,tapplastics.com,,voron-2.2,legacy,1,,,https://www.tapplastics.com/product/plastics/cut_to_size_plastic/polycarbonate_sheets/516
all_live,panels.tophat-panels.voron-0.2,TopHat Panels,Panels,,1,1,0,0,mnlasercutting.com,,voron-0.2,current,1,cut by hand per Drawings,,https://mnlasercutting.com/shop/p/voron-0-laser-cut-tophat-panels
all_live,panels.tophat-panels.voron-0.1,TopHat Panels,Panels,,1,1,0,0,mnlasercutting.com,,voron-0.1,legacy,1,cut by hand per Drawings,,https://mnlasercutting.com/shop/p/voron-0-laser-cut-tophat-panels
all_live,panels.tophat-panels-optional.voron-0,TopHat Panels (OPTIONAL),Panels,,1,1,0,0,mnlasercutting.com,,voron-0,legacy,1,,,https://mnlasercutting.com/
all_live,printed-parts.printed-parts,Printed Parts,Printed Parts,,1,1,0,0,Print It Forward,,voron-2.4 voron-trident voron-0.2 voron-switchwire voron-m4 mobius-3.1 voron-0 voron-0.1 voron-1.8 voron-1.6.2 voron-2.2,current legacy,11,Print Yourself,,https://pif.voron.dev/
all_live,tools.auto-adjusting-wire-strippers,Auto Adjusting - Wire Strippers,Tools,,2,2,0,0,Amazon,,tools,current,1,,,https://smile.amazon.com/gp/product/B01018CYV8 | https://www.amazon.com/dp/B000R895YM
all_live,tools.deburring-tool,Deburring Tool,Tools,,2,2,0,0,AliExpress | Amazon,,tools,current,1,,,https://www.amazon.com/dp/B07JGVDRQC | https://www.aliexpress.com/item/33032626707.html
all_live,tools.engineer-pa-09-crimping-tool,Engineer PA-09 Crimping Tool,Tools,,1,1,0,0,Amazon,,tools,current,1,,,https://www.amazon.com/dp/B002AVVO7K
all_live,tools.flush-wire-cutters,Flush Wire Cutters,Tools,,1,1,0,0,Amazon,,tools,current,1,,,https://www.amazon.com/dp/B00FZPDG1K
all_live,tools.hex-ball-driver-kit,Hex Ball Driver Kit,Tools,,2,2,0,0,Amazon,,tools,current,1,,,https://www.amazon.com/dp/B0006O4ADI | https://www.amazon.com/dp/B000NZ5QE2
all_live,tools.loctite-641-or-609-shaft-retaining-compound-medium-strength-good-to-300f,"Loctite 641 or 609 - Shaft Retaining Compound - Medium Strength, Good to 300F",Tools,,2,2,0,0,Grainger | Zoro,,tools,current,1,,,https://www.grainger.com/product/LOCTITE-Retaining-Compound-19TT75 | https://www.zoro.com/loctite-liquid-034-oz-retaining-compound-0006-233546/i/G6219927
all_live,tools.m5-tap,M5 Tap,Tools,,1,1,0,0,AliExpress,,tools,current,1,,,https://www.aliexpress.com/item/1000003765116.html
all_live,tools.m6-tap,M6 Tap,Tools,,1,1,0,0,AliExpress,,tools,current,1,,,https://www.aliexpress.com/item/1000003765116.html
all_live,tools.microfit-depinning-tool,Microfit Depinning Tool,Tools,,1,1,0,0,Digi-Key,,tools,current,1,,,https://www.digikey.com/catalog/en/partgroup/micro-fit-3-0-series/22521
all_live,tools.ratcheting-wire-terminal-crimper,Ratcheting Wire Terminal Crimper,Tools,,1,1,0,0,Amazon,,tools,current,1,,,https://smile.amazon.com/gp/product/B0069TRKJ0
all_live,tools.small-screwdriver-kit-xiaomi-wiha-set,Small Screwdriver Kit - Xiaomi Wiha set,Tools,,1,1,0,0,Amazon,,tools,current,1,,,https://www.amazon.com/dp/B07KF96XQW
all_live,tools.tap-handle-for-tap,Tap Handle - For Tap,Tools,,1,1,0,0,AliExpress,,tools,current,1,,,https://www.aliexpress.com/item/32906558793.html
all_live,vibration-management.astrosyn-dampener,Astrosyn Dampener,Vibration Management,,1,1,0,0,AliExpress,,mobius-3.1 voron-2.2,legacy,2,,,https://www.aliexpress.com/item/32797672879.html
partial,bowden.bowden-tubing-4mmod-2mmid-1-meter,Bowden Tubing 4mmOD 2mmID (1 meter),Bowden,,3,2,1,0,AliExpress,AliExpress,voron-0.2 voron-0 voron-0.1,current legacy,3,,https://s.click.aliexpress.com/e/_dWCbUww,https://s.click.aliexpress.com/e/_dY9tW7w | https://s.click.aliexpress.com/e/_DlmJrQ7
partial,buildplate.high-temperature-magnet,High Temperature Magnet,Buildplate,,3,1,2,0,McMaster-Carr,AliExpress | schallenkammer.de,optional-parts,current,1,,https://www.aliexpress.com/item/33015063641.html | https://www.schallenkammer.de/magnetfolien/magnetfolie-200.html,https://www.mcmaster.com/7301T25/
partial,buildplate.pei-3m-468p-200mp,PEI + 3M 468P (200MP),Buildplate,,8,4,4,0,catalog.cshyde.com,muellerbestellung.de,voron-2.4 voron-trident voron-0.2 voron-0 voron-0.1 voron-1.8 voron-1.6.2 voron-2.2,current legacy,8,,https://www.muellerbestellung.de/Ultem-1000-Schwarz-030-mm-dick-300-x-300-mm-Selbstklebend | https://www.muellerbestellung.de/Ultem-1000-Schwarz-030-mm-dick-420-x-297-mm-5-Stk | https://www.muellerbestellung.de/Ultem-1000-Polyetherimid-3D-Druck-Folie-Abm-und-Farbe-waehlbar-254-x-165-x-03-mm-Selbstklebend-einseitig-Schwarz | https://www.muellerbestellung.de/Ultem-1000-Schwarz-030-mm-dick-350-x-350-mm-Selbstklebend,https://catalog.cshyde.com/item/pei-ultem/int-surface-10-mil-ultem-pei-w-3m-acrylic-adhesive/36-10a-3d-9-84-12-40 | https://catalog.cshyde.com/item/pei-ultem/int-surface-10-mil-ultem-pei-w-3m-acrylic-adhesive/36-10a-3d-12x12 | https://catalog.cshyde.com/item/pei-sheet-3d-printing-build-surface/10-mil-ultem-pei-w-3m-acrylic-adhesive/36-10a-3d-4-7x4-7 | https://catalog.cshyde.com/item/pei-ultem/int-surface-10-mil-ultem-pei-w-3m-acrylic-adhesive/36-10a-3d-14x14
partial,buildplate.silicone-ac-120v-240v-heater-100x100mm-100w,Silicone AC 120V/240V Heater 100x100mm 100W,Buildplate,,2,1,1,0,keenovo.store,AliExpress,voron-0,legacy,1,,https://www.aliexpress.com/item/4000924227913.html,https://keenovo.store/collections/standard-keenovo-silicone-heaters/products/keenovo-square-silicone-heater-3d-printer-build-plate-heatbed-heating-pad?variant=8324020666423
partial,buildplate.spring-steel-bed-kit-with-pei-and-magnet,Spring Steel Bed Kit with PEI and Magnet,Buildplate,,3,1,2,0,AliExpress,AliExpress,optional-parts,current,1,,https://www.aliexpress.com/item/32990786969.html | https://www.aliexpress.com/item/33057100422.html,https://www.aliexpress.com/item/4000138916012.html
partial,buildplate.yellow-die-springs-8x4x20mm,yellow die springs 8x4x20mm,Buildplate,,3,2,1,0,AliExpress | Amazon,AliExpress,voron-0.2 voron-0 voron-0.1 voron-1.8,current legacy,4,,https://www.aliexpress.com/item/4000009273908.html,https://s.click.aliexpress.com/e/_dUTJIFD | https://amzn.to/2KGsHzJ
partial,cables.10x11-cable-chain-openable-1m,10x11 Cable Chain - Openable (1m),Cables,,2,1,1,0,Amazon,AliExpress,voron-switchwire,current,1,,https://www.aliexpress.com/item/33000014666.html,https://www.amazon.com/dp/B07QLGWQ1L
partial,cables.10x11mm-1-meter-with-2-end-sets-2-fixed-end-2-free-end-r18-18mm-radius,"10x11mm - 1 meter with 2 end sets (2 fixed end, 2 free end), R18 (18mm radius)",Cables,,2,1,1,0,Amazon,AliExpress,voron-1.8,legacy,1,,https://www.aliexpress.com/item/33000014666.html,https://www.amazon.com/dp/B07QLGWQ1L
partial,cables.10x11mm-1-meter-with-3-end-sets-3-fixed-end-3-free-end-r18-18mm-radius,"10x11mm - 1 meter with 3 end sets (3 fixed end, 3 free end), R18 (18mm radius)",Cables,,2,1,1,0,Amazon,AliExpress,voron-trident,current,1,,https://www.aliexpress.com/item/33000014666.html,https://www.amazon.com/dp/B07QLGWQ1L
partial,cables.24awg-silicone-cable-120ft-total,24AWG Silicone Cable (120ft total),Cables,,3,2,1,0,AliExpress | Amazon,AliExpress,voron-2.2,legacy,1,,https://www.aliexpress.com/item/32953105957.html,https://www.aliexpress.com/item/32872395185.html | https://www.amazon.com/dp/B01LH1G2IE
partial,cables.24awg-silicone-cable-50ft-total,24AWG Silicone Cable (50ft total),Cables,,3,2,1,0,AliExpress | Amazon,AliExpress,voron-1.8,legacy,1,,https://www.aliexpress.com/item/32953105957.html,https://www.aliexpress.com/item/32872395185.html | https://www.amazon.com/dp/B01LH1G2IE
partial,cables.jst-connectors-2pin-3pin-4pin,"JST connectors (2pin,3pin,4pin)",Cables,,2,1,1,0,Amazon,AliExpress,voron-0,legacy,1,,https://s.click.aliexpress.com/e/_dXhqMto,https://amzn.to/2W3RSl6
partial,cables.jst-xh-female-pin,JST-XH Female Pin,Cables,,5,3,2,0,Amazon | Digi-Key,AliExpress,voron-2.4 voron-trident voron-switchwire voron-1.8,current legacy,4,Molex for Einsy,https://www.aliexpress.com/item/32963843207.html | https://s.click.aliexpress.com/e/_dZtuHpY,https://www.digikey.com/product-detail/en/amphenol-icc-fci/47649-000LF/609-3614-1-ND/2044035 | https://www.amazon.com/dp/B015Y6JOUG | https://www.amazon.com/dp/B01G0I0ZZK
partial,cables.nylon-cable-ties-4,"Nylon Cable Ties 4""",Cables,,2,1,1,0,Amazon,Amazon,voron-2.4 voron-trident voron-switchwire voron-1.8 voron-2.2,current legacy,5,,https://www.amazon.com/dp/B01M06HTVH,https://amzn.to/2mzoRjl
partial,cables.silicon-wire-24gauge-100ft-individual-strand-length-total-example-25ft-of-4p-wire-100ft,Silicon Wire 24gauge 100ft (individual strand length total [example: 25ft of 4p wire=100ft]),Cables,,2,1,1,0,AliExpress,AliExpress,voron-0,legacy,1,,https://s.click.aliexpress.com/e/_dUm7jDS,https://s.click.aliexpress.com/e/_dTGC7SE
partial,controller.2-pin-kk-connector-housing,2 Pin KK Connector Housing,Controller,,2,1,1,0,Digi-Key,AliExpress,optional-parts,current,1,,https://www.aliexpress.com/item/32699021641.html,https://www.digikey.com/products/en
partial,controller.duet-2-duex5,Duet 2 - Duex5,Controller,,2,1,1,0,Filastruder,AliExpress,optional-parts,current,1,,https://www.aliexpress.com/item/32888952843.html,https://www.filastruder.com/collections/electronics/products/duex2-and-duex-5-expansion-board
partial,controller.duet-2-pt100-daughter-board,Duet 2 - PT100 Daughter Board,Controller,,2,1,1,0,Filastruder,AliExpress,optional-parts,current,1,,https://www.aliexpress.com/item/32880076289.html,https://www.filastruder.com/collections/electronics/products/temperature-sensor-boards-for-duet
partial,controller.duet-2-wifi,Duet 2 Wifi,Controller,,2,1,1,0,Filastruder,AliExpress,optional-parts,current,1,,https://www.aliexpress.com/item/32880072214.html,https://www.filastruder.com/collections/electronics/products/duet-wifi
partial,controller.duet-maestro-expansion-board,Duet Maestro Expansion Board,Controller,,2,1,1,0,AliExpress,Filastruder,optional-parts,current,1,,https://www.filastruder.com/collections/electronics/products/duet-maestro-expansion-board,https://www.aliexpress.com/item/4000084426106.html
partial,controller.jst-xhp-2-housing,JST XHP-2 Housing,Controller,,2,1,1,0,Digi-Key,AliExpress,optional-parts,current,1,,https://www.aliexpress.com/item/32959016223.html,https://www.digikey.com/product-detail/en/jst-sales-america-inc/XHP-2/455-2266-ND/555485
partial,controller.raspberrypi4,RaspberryPi4,Controller,,3,1,2,0,Amazon,arrow.com,voron-2.4 voron-trident voron-switchwire voron-1.8,current legacy,4,,https://www.arrow.com/en/products/raspberrypi4-2gb/raspberry-pi-foundation | https://www.arrow.com/en/products/raspberrypi4/raspberry-pi-foundation,https://www.amazon.com/dp/B07TD42S27
partial,controller.reprap-full-graphics-display,RepRap Full Graphics Display,Controller,,2,1,1,0,Zyltech,AliExpress,voron-1.6.2 voron-2.2,legacy,2,,https://www.aliexpress.com/item/32851642822.html,https://www.zyltech.com/genuine-zyltech-ramps-1-4-3d-printer-12864-lcd-smart-controller
partial,controller.skr-1-4,SKR 1.4,Controller,,3,1,2,0,AliExpress,AliExpress | Amazon,voron-2.4 voron-1.8,current legacy,2,,https://www.aliexpress.com/item/4000474140713.html | https://smile.amazon.com/BIQU-Printer-Smoothieboard-Compatible-Ramps1-4/dp/B082HCFL34,https://www.aliexpress.com/item/4000470048293.html
partial,controller.tmc-2209-drivers,TMC 2209 Drivers,Controller,,4,3,1,0,AliExpress,Amazon,voron-2.4 voron-trident optional-parts voron-1.8,current legacy,4,,https://www.amazon.com/dp/B07W5S3KVF,https://www.aliexpress.com/item/33029587820.html | https://www.aliexpress.com/item/4000206288948.html | https://www.aliexpress.com/item/33047241001.html
partial,electronics.3010-blower-fans-24v,3010 blower fans 24V,Electronics,,4,3,1,0,AliExpress | Digi-Key,AliExpress,voron-0.2 voron-0 voron-0.1,current legacy,3,,https://s.click.aliexpress.com/e/_d9eOyxH,https://s.click.aliexpress.com/e/_d8S7D6y | https://s.click.aliexpress.com/e/_DlbccTf | https://www.digikey.com/en/products/detail/delta-electronics/BFB0305HHA-C/11563392
partial,electronics.4010-axial-fan,4010 Axial Fan,Electronics,,3,2,1,0,AliExpress,Amazon,stealthburner,current,1,,https://www.amazon.com/dp/B07WWJF4LG,https://www.aliexpress.com/item/32727867521.html | https://s.click.aliexpress.com/e/_d8MBoAW
partial,electronics.40x40x10-axial-fan-ball-bearing-24v,40x40x10 Axial Fan - Ball Bearing (24V),Electronics,,6,5,1,0,AliExpress | Amazon,Amazon,voron-2.4 voron-trident voron-switchwire afterburner voron-1.8,current legacy,5,X (it's 5V),https://www.amazon.com/dp/B07WWJF4LG,https://www.aliexpress.com/item/32868163248.html | https://www.aliexpress.com/item/32726640438.html | https://www.aliexpress.com/item/32727867521.html | https://www.amazon.com/dp/B07DB5H6K1 | https://s.click.aliexpress.com/e/_d8MBoAW
partial,electronics.60x60x20-axial-fan-24v,60x60x20 Axial Fan (24V),Electronics,,3,2,1,0,AliExpress | Digi-Key,Amazon,voron-2.4 voron-trident voron-switchwire voron-1.8,current legacy,4,Need a mosfet to drive,https://www.amazon.com/dp/B08577444D,https://www.digikey.com/product-detail/en/orion-fans/OD6020-24HB/1053-1234-ND/2621139 | https://www.aliexpress.com/item/32899594270.html
partial,electronics.battery-backup-110v-us-only-1500va-900w,Battery Backup (110V US Only) (1500VA/900w),Electronics,,2,1,1,0,Amazon,Amazon,optional-parts,current,1,,https://www.amazon.com/dp/B07RWMLKFM,https://www.amazon.com/dp/B000FBK3QK
partial,electronics.bigtreetech-skr-mini-e3-v2,Bigtreetech SKR mini E3 (v2),Electronics,,2,1,1,0,AliExpress,AliExpress,voron-0.1,legacy,1,,https://www.aliexpress.com/item/33042554065.html,https://s.click.aliexpress.com/e/_9yHMVF
partial,electronics.bigtreetech-skr-pico,Bigtreetech SKR Pico,Electronics,,2,1,1,0,AliExpress,AliExpress,voron-0.2,current,1,,https://www.aliexpress.com/item/33042554065.html,https://s.click.aliexpress.com/e/_DcyyjH5
partial,electronics.dc-dc-psu-buck-converter-24v-to-5v,DC/DC PSU/buck converter - 24V to 5V,Electronics,,3,2,1,0,AliExpress | Amazon,AliExpress,voron-0.2 voron-0 voron-0.1,current legacy,3,,https://s.click.aliexpress.com/e/_dTqN7aZ,https://amzn.to/2KIBNMw | https://s.click.aliexpress.com/e/_Bfg1Siru
partial,electronics.meanwell-lrs-100-24,Meanwell LRS-100-24,Electronics,,3,1,2,0,Mouser,Digi-Key | eBay,voron-0,legacy,1,,https://www.digikey.com/product-detail/en/mean-well-usa-inc/LRS-100-24/1866-3314-ND/7705008 | https://www.ebay.com/itm/Mean-Well-LRS-100-24-Power-Supply-24V-4-5A-108W-Output-85-264VAC-Input/264628907662?epid=667788813&hash=item3d9d1cae8e%3Ag%3ATTEAAOSwyWFeUWIV,https://www.mouser.com/productdetail/mean-well/lrs-100-24?qs=vDxCgdWo2h8VcCv3wQzZdg%3D%3D
partial,electronics.meanwell-lrs-150-24,Meanwell LRS-150-24,Electronics,,2,1,1,0,Mouser,Digi-Key,voron-0.2 voron-0.1,current legacy,2,,https://www.digikey.com/en/products/detail/mean-well-usa-inc/LRS-150-24/7705015,https://www.mouser.com/ProductDetail/MEAN-WELL/LRS-150-24?qs=%2Fha2pyFadujaj%2F6cO0Hh6kYnnLsf9IOqcNQ0fcoOAnOylsolKT1NZQ%3D%3D
partial,electronics.nema17-motor-17hs15-1504s1,NEMA17 Motor 17HS15-1504S1,Electronics,,3,2,1,0,AliExpress | StepperOnline,AliExpress,voron-switchwire voron-m4,current legacy,2,"X (X, Z and Y)",https://www.aliexpress.com/item/32956138636.html,https://www.omc-stepperonline.com/nema-17-bipolar-45ncm-63-74oz-in-1-5a-42x42x39mm-4-wires-w-1m-cable-and-connector.html | https://www.aliexpress.com/item/32589488227.html
partial,electronics.nema17-motor-with-leadscrew-17ls19-1684e-300g,NEMA17 Motor with Leadscrew (17LS19-1684E-300G),Electronics,,2,1,1,0,StepperOnline,AliExpress,voron-1.6.2,legacy,1,,https://www.aliexpress.com/item/32915193041.html,https://www.omc-stepperonline.com/nema-17-external-48mm-stack-168a-lead-8mm031496-length-300mm-17ls19-1684e-300g.html
partial,electronics.nema17-stepper-motor-with-integrated-lead-screw-200mm-t8x8,NEMA17 Stepper Motor with integrated lead screw 200mm T8x8,Electronics,,2,1,1,0,StepperOnline,AliExpress,voron-0.2 voron-0.1,current legacy,2,,https://s.click.aliexpress.com/e/_9JMcTz,https://www.omc-stepperonline.com/nema-17-external-34mm-stack-04a-lead-8mm031496-length-200mm-17ls13-0404e-200g.html
partial,electronics.omron-mouse-button-micro-switch,Omron Mouse Button - Micro Switch,Electronics,,4,3,1,0,Digi-Key,AliExpress,voron-2.4 voron-trident voron-0.2 voron-switchwire voron-0 voron-0.1 voron-1.8 voron-1.6.2 voron-2.2,current legacy,9,,https://s.click.aliexpress.com/e/_d6Ra2OL,https://www.digikey.com/product-detail/en/omron-electronics-inc-emc-div/D2F-5L/Z8846-ND/8593137 | https://www.digikey.com/en/products/detail/omron-electronics-inc-emc-div/D2F-01L/83264 | https://www.digikey.com/product-detail/en/omron-electronics-inc-emc-div/D2F-5/Z8845-ND/8593136
partial,electronics.omron-tl-q5mc2-npn-nc-5mm-sense,"Omron TL-Q5MC2 - NPN, NC, 5mm Sense",Electronics,,5,4,1,0,AliExpress | Mouser | newark.com,AliExpress,voron-trident voron-switchwire optional-parts,current,3,X (Pinda),https://s.click.aliexpress.com/e/_DBxCtJf,https://www.aliexpress.com/item/2251832663198775.html | https://www.mouser.com/ProductDetail/Omron-Automation-and-Safety/TL-Q5MC2?qs=%2Fha2pyFadujGSyouhW07bDypqQHk8q5KtPum7PUL424%3D | https://www.newark.com/omron-industrial-automation/tl-q5mc2/rect-prx-5mm-npn-nc-unsh/dp/38B1174 | https://s.click.aliexpress.com/e/_DlxY7KJ
partial,electronics.small-12v-psu-for-lights-etc-for-24v-builds,"Small 12v PSU for Lights, etc for 24v Builds",Electronics,,2,1,1,0,Digi-Key,Digi-Key,optional-parts,current,1,,https://www.digikey.com/product-detail/en/mean-well-usa-inc/RS-35-12/1866-4146-ND/7706181,https://www.digikey.com/product-detail/en/mean-well-usa-inc/RS-25-12/1866-4140-ND/7706175
partial,extruder.complete-bmg-extruder-clone,Complete BMG Extruder Clone,Extruder,,15,11,4,0,AliExpress | Bondtech | Filastruder | Printed Solid,AliExpress | Amazon | filamentone.com,voron-trident voron-0.2 stealthburner afterburner voron-m4 mobius-3.1 jetpack voron-0 voron-0.1 voron-1.8,current legacy,10,<< only the TL clones and genuine Bondtech are known to have good machining,https://www.aliexpress.com/item/32917029058.html | https://s.click.aliexpress.com/e/_d8khc8c | https://smile.amazon.com/Bowden-Extruder-Universal-Geared-Printer/dp/B08KP189KN | https://www.filamentone.com/products/bondtech-drivegear-kit-1-75-5-0?_pos=11&_sid=f893ca158&_ss=r,https://www.bondtech.se/en/product/drivegear-kits | https://www.filastruder.com/collections/bondtech/products/drivegear-kit | https://s.click.aliexpress.com/e/_dY14nbA | https://www.aliexpress.com/item/32907327548.html | https://s.click.aliexpress.com/e/_AU7ik2 | https://www.aliexpress.com/item/4000021186440.html | https://www.aliexpress.com/item/2255799834871688.html | https://s.click.aliexpress.com/e/_dS7fWDW | https://www.aliexpress.com/item/32947193804.html | https://www.filastruder.com/products/bondtech-bmg-internals-set?_pos=1&_sid=8f05bd81a&_ss=r | https://www.printedsolid.com/products/bondtech-bmg-extruder
partial,fasteners.10x16x0-2-shim-ring,10x16x0.2 Shim Ring,Fasteners,DIN 988,3,2,1,0,AliExpress | McMaster-Carr,AliExpress,voron-2.2,legacy,1,,https://www.aliexpress.com/item/33009726442.html,https://www.aliexpress.com/item/32918722399.html | https://www.mcmaster.com/98055A119/
partial,fasteners.5x10x0-5-shim-ring,5x10x0.5 Shim Ring,Fasteners,DIN 988,3,2,1,0,AliExpress | McMaster-Carr,AliExpress,voron-2.2,legacy,1,,https://www.aliexpress.com/item/32922422551.html,https://www.aliexpress.com/item/32917948919.html | https://www.mcmaster.com/98055A098/
partial,fasteners.m2x10-self-tapping-screw-for-plastics,M2x10 Self Tapping Screw for Plastics,Fasteners,,6,5,1,0,AliExpress | Amazon | McMaster-Carr,AliExpress,voron-2.4 voron-trident voron-0.2 voron-switchwire stealthburner voron-0 voron-0.1,current legacy,7,,https://www.aliexpress.com/item/32748428213.html,https://www.aliexpress.com/item/33043885403.html | https://www.mcmaster.com/99397A267/ | https://amzn.to/2JFQPSK | https://s.click.aliexpress.com/e/_d6tILYa | https://www.amazon.com/dp/B012THLK1E
partial,fasteners.m2x12-self-tapping-screw-for-plastics,M2x12 Self Tapping Screw for Plastics,Fasteners,,2,1,1,0,McMaster-Carr,AliExpress,mobius-3.1 voron-1.8 voron-2.2,legacy,3,,https://www.aliexpress.com/item/32748428213.html,https://www.mcmaster.com/99397A269/
partial,fasteners.m2x8-self-tapping-screw-for-plastics,M2x8 Self Tapping Screw for Plastics,Fasteners,,2,1,1,0,McMaster-Carr,AliExpress,voron-2.2,legacy,1,,https://s.click.aliexpress.com/e/3m3KoEoY,https://www.mcmaster.com/99397A264/
partial,fasteners.m3-hammer-head-t-nuts,M3 Hammer Head T-Nuts,Fasteners,,2,1,1,0,Amazon,AliExpress,voron-2.4 voron-trident,current,2,,https://www.aliexpress.com/item/33023248880.html,https://www.amazon.com/dp/B07SDFCTD4
partial,fasteners.m5-hexnut,M5 Hexnut,Fasteners,ISO 4033 / DIN 934,3,2,1,0,Bolt Depot,AliExpress,voron-2.4 voron-0 voron-1.8 voron-2.2,current legacy,4,,https://s.click.aliexpress.com/e/_dTGSCls,https://www.boltdepot.com/Product-Details.aspx?product=4785 | https://www.boltdepot.com/Metric_hex_nuts_Stainless_steel_18-8_(A-2).aspx
partial,filament.primary-color-black,Primary Color (Black),Filament,,2,1,1,0,Paramount 3D,villageplastics.com,voron-2.4 voron-trident voron-switchwire voron-m4 mobius-3.1 voron-1.8 voron-1.6.2 voron-2.2,current legacy,8,,https://www.villageplastics.com/product/abs,https://www.paramount-3d.com/product-page/absblack
partial,filament.secondary-color-red,Secondary Color (Red),Filament,,3,2,1,0,Amazon | Paramount 3D,villageplastics.com,voron-2.4 voron-trident voron-switchwire voron-m4 mobius-3.1 voron-1.8 voron-1.6.2 voron-2.2,current legacy,8,,https://www.villageplastics.com/product/abs,https://www.paramount-3d.com/product-page/abs-pantone-enzo-red-485c-1-75mm-1kg-filament-trrl3020485c | https://www.amazon.com/dp/B00J0HB1YI
partial,frame.makerbeam-xl-15x15-200mm,Makerbeam XL 15x15 200mm,Frame,,4,1,3,0,Amazon,AliExpress,voron-0.2 voron-0 voron-0.1,current legacy,3,,https://s.click.aliexpress.com/e/_A6swSt | https://s.click.aliexpress.com/e/_dWk7zQ2 | https://www.aliexpress.com/item/4000924320262.html,https://amzn.to/3aHQ2M1
partial,hardware.m2-nut,M2 Nut,Hardware,ISO 4033 / DIN 934,2,1,1,0,Bolt Depot,AliExpress,voron-0.2 voron-0 voron-0.1,current legacy,3,,https://s.click.aliexpress.com/e/_d8iqkZ0,https://www.boltdepot.com/Metric_hex_nuts_Stainless_steel_18-8_(A-2).aspx
partial,hardware.m2x8mm-self-tapping-screw,M2x8mm Self Tapping Screw,Hardware,,2,1,1,0,McMaster-Carr,AliExpress,jetpack,legacy,1,,https://www.aliexpress.com/item/32748428213.html,https://www.mcmaster.com/99397A264/
partial,hardware.m3x25-bhcs,M3x25 BHCS,Hardware,ISO 7380-1,2,1,1,0,Bolt Depot,AliExpress,voron-0.2 voron-0 voron-0.1,current legacy,3,,https://s.click.aliexpress.com/e/_dYUPJWe,https://www.boltdepot.com/Product-Details.aspx?product=18942
partial,hardware.m3x35-bhcs,M3x35 BHCS,Hardware,ISO 7380-1,2,1,1,0,Bolt Depot,AliExpress,voron-0.2 voron-0 voron-0.1,current legacy,3,,https://www.aliexpress.com/item/32932033872.html,https://www.boltdepot.com/Metric_socket_button_head_Class_12.9_alloy_steel_black_oxide_finish_3mm_x_0.5mm.aspx
partial,hardware.m3x40-bhcs,M3x40 BHCS,Hardware,ISO 7380-1,2,1,1,0,Bolt Depot,AliExpress,voron-0.2 voron-0 voron-0.1,current legacy,3,,https://www.aliexpress.com/item/32932033872.html,https://www.boltdepot.com/Product-Details.aspx?product=15294
partial,hardware.m3x6mm-set-screw,M3x6mm Set Screw,Hardware,,3,2,1,0,Bolt Depot | McMaster-Carr,AliExpress,jetpack,legacy,1,,https://www.aliexpress.com/item/32580033189.html,https://www.boltdepot.com/Product-Details.aspx?product=8828 | https://www.mcmaster.com/91390A100/
partial,hardware.makerbeam-xl-m3-t-nut,Makerbeam XL M3 t-nut,Hardware,,3,2,1,0,Amazon,AliExpress,voron-0.2 voron-0 voron-0.1,current legacy,3,,https://s.click.aliexpress.com/e/_dWBgQGQ,https://amzn.to/2UKJlnQ | https://amzn.to/2YdtWOV
partial,kits.voron-v0-1-kit-ldo,Voron V0.1 Kit - LDO,Kits,,2,1,1,0,mnlasercutting.com,Printed Solid,voron-0.2 voron-0.1,current legacy,2,,https://www.printedsolid.com/collections/voron-collection/products/ldo-voron-v0-1-printer-kit?variant=39760894918741,https://mnlasercutting.com/shop/p/voron-zero-ldo-kit
partial,misc.bowden-coupler-for-4mm-od-tube,Bowden Coupler (for 4mm OD tube),Misc,,2,1,1,0,McMaster-Carr,E3D,voron-2.4,current,1,,https://e3d-online.com/products/threaded-bowden-coupling,https://www.mcmaster.com/5449K171/
partial,misc.bowden-tube,Bowden Tube,Misc,,3,1,2,0,AliExpress,AliExpress,voron-trident mobius-3.1 voron-1.8 voron-2.2,current legacy,4,,https://www.aliexpress.com/item/32433845259.html | https://www.aliexpress.com/item/32811240720.html,https://www.aliexpress.com/item/1005001408141263.html
partial,misc.bowden-tube-4mm-od-id-depends-on-extruder-type,"Bowden Tube (4mm OD, ID depends on extruder type)",Misc,,2,1,1,0,AliExpress,AliExpress,voron-2.4,current,1,,https://www.aliexpress.com/item/32811240720.html,https://www.aliexpress.com/item/1005001408141263.html
partial,misc.john-guest-bowden-coupling-1-8-bspp-4mm-tubing,"John Guest Bowden Coupling (1/8"" BSPP, 4mm Tubing)",Misc,,2,1,1,0,Filastruder,E3D,jetpack,legacy,1,,https://e3d-online.com/threaded-bowden-coupling,https://www.filastruder.com/products/bowden-couplings-all-types?variant=21285997380
partial,misc.little-rubber-feet-14x11x9mm,Little Rubber Feet (14x11x9mm),Misc,,2,1,1,0,AliExpress,AliExpress,voron-0.2 voron-0 voron-0.1,current legacy,3,,https://www.aliexpress.com/item/32757667021.html,https://s.click.aliexpress.com/e/_A8ySFU
partial,misc.ptfe-tube,PTFE Tube,Misc,,2,1,1,0,AliExpress,AliExpress,stealthburner,current,1,,https://www.aliexpress.com/item/32811240720.html,https://www.aliexpress.com/item/1005001408141263.html
partial,motion.8mm-t8x8-trapezoidal-acme-lead-screw-200mm-8mm-lead,8mm T8x8 Trapezoidal ACME Lead Screw 200mm (8mm lead),Motion,,2,1,1,0,AliExpress,AliExpress,voron-0,legacy,1,,https://s.click.aliexpress.com/e/_d61Z1GI,https://s.click.aliexpress.com/e/_dXySUv6
partial,motion.f623-rs-bearing,F623-RS Bearing,Motion,,3,2,1,0,AliExpress,AliExpress,voron-0.2 voron-0 voron-0.1,current legacy,3,,https://s.click.aliexpress.com/e/_d8ZR3hm,https://s.click.aliexpress.com/e/_AOxtwP | https://s.click.aliexpress.com/e/_d6E3oIC
partial,motion.gt2-20t-6mm-wide-pulley-5mm-bore,GT2 20T (6mm wide) Pulley (5mm bore),Motion,,6,4,2,0,AliExpress,AliExpress | SDP/SI,voron-2.4 voron-trident voron-0.2 voron-switchwire voron-m4 mobius-3.1 voron-0 voron-0.1 voron-1.8 voron-2.2,current legacy,10,included in kit,https://www.aliexpress.com/item/1730027940.html | https://shop.sdp-si.com/catalog/product?id=A+6R51M094060,https://www.aliexpress.com/item/32226562320.html | https://s.click.aliexpress.com/e/_AqN4lx | https://s.click.aliexpress.com/e/E1Y0mkUu | https://s.click.aliexpress.com/e/_dYtoM9A
partial,motion.gt2-20t-6mm-wide-toothed-idler-5mm-bore,GT2 20T (6mm wide) Toothed Idler (5mm bore),Motion,,3,2,1,0,AliExpress | Filastruder,E3D,voron-2.4 voron-trident voron-1.8,current legacy,3,,https://e3d-online.com/gates-powergripr-toothed-idler-6mm,https://www.aliexpress.com/item/32726309946.html | https://www.filastruder.com/products/gates-2gt-idler
partial,motion.gt2-20t-9mm-wide-toothed-idler-5mm-bore,GT2 20T (9mm wide) Toothed Idler (5mm bore),Motion,,3,2,1,0,AliExpress | Filastruder,E3D,voron-2.4,current,1,,https://e3d-online.com/gates-powergrip-toothed-idler-9mm,https://www.aliexpress.com/item/32750492452.html | https://www.filastruder.com/products/gates-2gt-idler
partial,motion.gt2-belt-loop-6mm-wide-188mm,GT2 Belt Loop (6mm wide) - 188mm,Motion,,3,2,1,0,AliExpress,SDP/SI,voron-2.4 voron-m4 mobius-3.1 voron-2.2,current legacy,4,,https://shop.sdp-si.com/catalog/product?id=A+6R51M094060,https://www.aliexpress.com/item/4000034021834.html | https://s.click.aliexpress.com/e/ripvAfVQ
partial,motion.gt2-open-belt-ll-2gt-6-6mm-wide,GT2 Open Belt LL-2GT-6 (6mm wide),Motion,,3,1,2,0,AliExpress,AliExpress | SDP/SI,voron-trident voron-1.8,current legacy,2,,https://www.aliexpress.com/item/4000939602453.html | https://shop.sdp-si.com/catalog/product?id=A_6R51MC060,https://www.aliexpress.com/item/32853559638.html
partial,motion.gt2-open-belt-ll-2gt-6-6mm-wide-1500mm,GT2 Open Belt LL-2GT-6 (6mm wide) - 1500mm,Motion,,3,2,1,0,AliExpress,SDP/SI,voron-switchwire,current,1,,https://shop.sdp-si.com/catalog/product?id=A_6R51MC060,https://s.click.aliexpress.com/e/2pncOJKs | https://www.aliexpress.com/item/32987817703.html
partial,motion.gt2-open-belt-ll-2gt-6-6mm-wide-length-dependant-on-config,GT2 Open Belt LL-2GT-6 (6mm wide) - Length Dependant on Config,Motion,,4,2,2,0,AliExpress,AliExpress | SDP/SI,voron-2.4 voron-2.2,current legacy,2,,https://shop.sdp-si.com/catalog/product?id=A_6R51MC060 | https://www.aliexpress.com/item/32991919681.html,https://www.aliexpress.com/item/32853559638.html | https://www.aliexpress.com/item/32987817703.html
partial,motion.mgn7h-linear-rail-with-carriage-150mm,MGN7H Linear Rail with Carriage (150mm),Motion,,2,1,1,0,AliExpress,AliExpress,voron-0.2 voron-0 voron-0.1,current legacy,3,,https://www.aliexpress.com/item/33059623349.html,https://www.aliexpress.com/item/32880801484.html
partial,motion.mr115-2rs-bearing,MR115-2RS Bearing,Motion,,2,1,1,0,AliExpress,AliExpress,jetpack,legacy,1,,https://www.aliexpress.com/item/32959906508.html,https://www.aliexpress.com/item/32955249477.html
partial,motion.t8-flange-nut-8mm-lead-anti-backlash-prefered-see-note-section,T8 flange Nut 8mm Lead --anti-backlash prefered-- (SEE NOTE SECTION),Motion,,3,2,1,0,AliExpress | Amazon,AliExpress,voron-0.2 voron-0 voron-0.1,current legacy,3,,https://s.click.aliexpress.com/e/_d7v3OiO,https://www.amazon.com/dp/B088FPNVVF | https://s.click.aliexpress.com/e/_dSL2ALg
partial,panels.side-front-top-polycarbonate-panels.voron-trident,Side/Front/Top Polycarbonate Panels,Panels,,2,1,1,0,tapplastics.com,Printed Solid,voron-trident,current,1,,https://www.printedsolid.com/products/voron-trident-acrylic-panel-set,https://www.tapplastics.com/product/plastics/cut_to_size_plastic/polycarbonate_sheets/516
partial,tools.6in-digital-calipers,6in Digital Calipers,Tools,,3,2,1,0,AliExpress | harborfreight.com,Amazon,tools,current,1,,https://smile.amazon.com/Tacklife-DC01-Fractions-Millimeter-Conversion/dp/B072KGHRML,https://www.aliexpress.com/item/32690065180.html | https://www.harborfreight.com/6-in-digital-caliper-with-sae-and-metric-fractional-readings-63731.html
partial,tools.center-punch,Center Punch,Tools,,2,1,1,0,Amazon,AliExpress,tools,current,1,,https://www.aliexpress.com/item/32948296338.html,https://www.amazon.com/dp/B0006J4K88
partial,vibration-management.rubber-compressor-foot,Rubber Compressor Foot,Vibration Management,,3,2,1,0,AliExpress | Amazon,AliExpress,voron-2.4 voron-switchwire voron-1.8 voron-2.2,current legacy,4,,https://www.aliexpress.com/item/32996184575.html,https://www.amazon.com/dp/B0711Y6T56 | https://www.aliexpress.com/item/32990144547.html
partial,vibration-management.rubber-foot,Rubber Foot,Vibration Management,,3,2,1,0,AliExpress | Amazon,AliExpress,voron-trident,current,1,,https://www.aliexpress.com/item/32996184575.html,https://www.amazon.com/dp/B00JJ191Z6 | https://a.aliexpress.com/_mseXbAP
none_live,bowden.bowden-tube-4mm-od-3mm-id,Bowden Tube 4mm OD/3mm ID,Bowden,,1,0,1,0,,AliExpress,jetpack,legacy,1,,https://www.aliexpress.com/item/32433845259.html,
none_live,cables.16awg-silicone-cable-10ft-total,16AWG Silicone Cable (10ft total),Cables,,2,0,2,0,,AliExpress | Amazon,voron-switchwire,current,1,,https://www.aliexpress.com/item/32793333567.html | https://www.amazon.com/dp/B01J3LP1HS,
none_live,cables.18awg-ptfe-wire-wire-10ft-total,18AWG PTFE wire wire (10ft total),Cables,,1,0,1,0,,AliExpress,voron-trident,current,1,,https://www.aliexpress.com/item/4000703204793.html,
none_live,cables.20awg-ptfe-wire-10ft-total,20AWG PTFE wire (10ft total),Cables,,1,0,1,0,,AliExpress,voron-trident,current,1,,https://www.aliexpress.com/item/4000703227416.html,
none_live,cables.20awg-silicone-cable-25ft-total,20AWG Silicone Cable (25ft total),Cables,,1,0,1,0,,AliExpress,voron-1.8,legacy,1,,https://www.aliexpress.com/item/32955538744.html,
none_live,cables.20awg-silicone-cable-50ft-total,20AWG Silicone Cable (50ft total),Cables,,1,0,1,0,,AliExpress,voron-2.2,legacy,1,,https://www.aliexpress.com/item/32955538744.html,
none_live,cables.22awg-ptfe-wire-100ft-total,22AWG PTFE wire (100ft total),Cables,,1,0,1,0,,AliExpress,voron-trident,current,1,,https://www.aliexpress.com/item/4000703245035.html,
none_live,cables.22awg-ptfe-wire-250ft-total,22AWG PTFE wire (250ft total),Cables,,1,0,1,0,,AliExpress,voron-2.4,current,1,,https://www.aliexpress.com/item/4000703245035.html,
none_live,cables.microfit-connector-plug-8-position-43025-0800,MicroFit Connector Plug 8 Position (43025-0800),Cables,,1,0,1,0,,arrow.com,optional-parts,current,1,,https://www.arrow.com/en/products/43025-0800/molex,
none_live,cables.ptfe-wire-20gauge-10ft,PTFE Wire 20gauge 10ft,Cables,,1,0,1,0,,AliExpress,voron-0.2 voron-0.1,current legacy,2,,https://s.click.aliexpress.com/e/_AfncFO,
none_live,cables.ptfe-wire-22gauge-100ft-get-5m-of-6-colors-for-30m-total-tin-plated,"PTFE Wire 22gauge 100ft (get 5m of 6 colors for 30m total, tin plated)",Cables,,1,0,1,0,,AliExpress,voron-0.2 voron-0.1,current legacy,2,,https://s.click.aliexpress.com/e/_AfncFO,
none_live,cables.thermal-fuse-125c,Thermal Fuse 125C,Cables,,1,0,1,0,,AliExpress,voron-0 voron-0.1,legacy,2,,https://s.click.aliexpress.com/e/_dU6uGpq,
none_live,cables.thermal-fuse-150c,Thermal Fuse 150C,Cables,,1,0,1,0,,AliExpress,voron-0.2,current,1,,https://s.click.aliexpress.com/e/_dU6uGpq,
none_live,controller.a4988-stepper-motor-driver,A4988 Stepper Motor Driver,Controller,,2,0,2,0,,AliExpress | Zyltech,voron-1.6.2 voron-2.2,legacy,2,,https://www.zyltech.com/ramps-1-4-3d-printer-controller-mega-2560-atmega16u2-atmega2560-5x-a4988-2a-drivers | https://www.aliexpress.com/item/32848965946.html,
none_live,controller.arduino-mega-2560,Arduino Mega 2560,Controller,,2,0,2,0,,AliExpress | Zyltech,voron-1.6.2 voron-2.2,legacy,2,,https://www.zyltech.com/ramps-1-4-3d-printer-controller-mega-2560-atmega16u2-atmega2560-5x-a4988-2a-drivers | https://www.aliexpress.com/item/32913167217.html,
none_live,controller.duet-maestro,Duet Maestro,Controller,,2,0,2,0,,AliExpress | Filastruder,optional-parts,current,1,,https://www.aliexpress.com/item/32947221310.html | https://www.filastruder.com/collections/electronics/products/duet-2-maestro,
none_live,controller.longer-display-cables-60cm,Longer Display Cables (60cm),Controller,,1,0,1,0,,AliExpress,voron-1.8,legacy,1,,https://www.aliexpress.com/item/32883311114.html,
none_live,controller.micro-usb-power-cable,Micro USB Power Cable,Controller,,1,0,1,0,,Amazon,voron-1.6.2 voron-2.2,legacy,2,use a spare from around the house,https://www.amazon.com/dp/B012VWH6PQ,
none_live,controller.ramps-1-4,RAMPs 1.4,Controller,,1,0,1,0,,Zyltech,voron-1.6.2 voron-2.2,legacy,2,,https://www.zyltech.com/ramps-1-4-3d-printer-controller-mega-2560-atmega16u2-atmega2560-5x-a4988-2a-drivers,
none_live,electronics.120x120x15-fan-12v-rear-can-use-120x120x25-fan,120x120x15 Fan (12V) (Rear can use 120x120x25 Fan),Electronics,,1,0,1,0,,Amazon,voron-1.6.2 voron-2.2,legacy,2,,https://smile.amazon.com/Silverstone-Professional-Fine-Tuned-Performance-FW121/dp/B00NOTVCUQ,
none_live,electronics.3m-5952-vhb-tape-20mm-or-so-is-good,3M 5952 VHB tape (20mm or so is good),Electronics,,1,0,1,0,,AliExpress,voron-0.2,current,1,,https://s.click.aliexpress.com/e/_DknVHRP,
none_live,electronics.bigtreetech-skr-mini-e3-v1-2-or-v2,Bigtreetech SKR mini E3 (v1.2 or v2),Electronics,,2,0,2,0,,AliExpress,voron-0,legacy,1,,https://s.click.aliexpress.com/e/_d6jtsAC | https://www.aliexpress.com/item/33042554065.html,
none_live,electronics.nylon-pcb-standoff-kit-m3,Nylon PCB Standoff Kit (M3),Electronics,,1,0,1,0,,AliExpress,voron-0,legacy,1,print them,https://s.click.aliexpress.com/e/_dVf8kck,
none_live,electronics.pl-08n-inductive-probe,PL-08N Inductive Probe,Electronics,,1,0,1,0,,AliExpress,voron-1.8 voron-1.6.2 voron-2.2,legacy,3,,https://www.aliexpress.com/item/32803870919.html,
none_live,electronics.skr-mini-e3-v2,SKR Mini E3 V2,Electronics,,1,0,1,0,,AliExpress,voron-switchwire,current,1,X (Einsy Rambo),https://s.click.aliexpress.com/e/_d6DRiEC,
none_live,electronics.thermal-fuse,Thermal Fuse,Electronics,,1,0,1,0,,AliExpress,voron-2.4 voron-trident voron-1.8 voron-1.6.2 voron-2.2,current legacy,5,,https://www.aliexpress.com/item/32885492280.html,
none_live,electronics.vhb-tape-20mm-or-so-is-good,VHB tape (20mm or so is good),Electronics,,2,0,2,0,,AliExpress,voron-0 voron-0.1,legacy,2,,https://s.click.aliexpress.com/e/_9viGyF | https://www.aliexpress.com/item/4000017095580.html,
none_live,frame.openbuilds-angle-corner-connector,OpenBuilds Angle Corner Connector,Frame,,1,0,1,0,,openbuildspartstore.com,voron-2.4 voron-2.2,current legacy,2,,https://openbuildspartstore.com/black-angle-corner-connector,
none_live,hotend.trianglelab-dragon-hotend,TriangleLab Dragon Hotend,Hotend,,1,0,1,0,,AliExpress,optional-parts afterburner voron-0 voron-0.1,current legacy,4,,https://www.aliexpress.com/item/1005002477263672.html,
none_live,kits.voron-v0-1-kit-fysetc,Voron V0.1 Kit - FYSETC,Kits,,1,0,1,0,,AliExpress,voron-0.2 voron-0.1,current legacy,2,,https://s.click.aliexpress.com/e/_ADOH0H,
none_live,kits.voron-v0-1-kit-siboor,Voron V0.1 Kit - SIBOOR,Kits,,1,0,1,0,,AliExpress,voron-0.2,current,1,,https://s.click.aliexpress.com/e/_Dl1IOoF,
none_live,misc.3m-5952-vhb,3m 5952 VHB,Misc,,1,0,1,0,,AliExpress,voron-0.2 voron-0.1,current legacy,2,,https://s.click.aliexpress.com/e/_A5re2G,
none_live,misc.6mm-x-3mm-round-neodymium-magnets,6mm x 3mm Round Neodymium Magnets,Misc,,5,0,5,0,,AliExpress,voron-2.4 voron-trident voron-0.2 voron-switchwire voron-0 voron-0.1,current legacy,6,,https://www.aliexpress.com/item/1005001418808468.html | https://s.click.aliexpress.com/e/_A7td4j | https://www.aliexpress.com/item/1005001428057323.html | https://www.aliexpress.com/item/32951137017.html | https://s.click.aliexpress.com/e/_AWamq8,
none_live,misc.6x3mm-magnet,6x3mm Magnet,Misc,,2,0,2,0,,AliExpress,stealthburner,current,1,,https://www.aliexpress.com/item/1005001418808468.html | https://www.aliexpress.com/item/32951137017.html,
none_live,misc.bowden-tube-4mm-od-2mm-id,"Bowden Tube (4mm OD, 2mm ID)",Misc,,3,0,3,0,,AliExpress,voron-switchwire jetpack,current legacy,2,,https://www.aliexpress.com/item/32433845259.html | https://s.click.aliexpress.com/e/5OVtqbtq | https://www.aliexpress.com/item/32811240720.html,
none_live,misc.bowden-tube-4mm-od-3mm-id-optional-for-reverse-bowden,"Bowden Tube (4mm OD, 3mm ID) optional for reverse bowden",Misc,,2,0,2,0,,AliExpress,voron-switchwire,current,1,,https://s.click.aliexpress.com/e/5OVtqbtq | https://www.aliexpress.com/item/32811240720.html,
none_live,misc.metal-x-carriage-optional,Metal X Carriage (OPTIONAL),Misc,,1,0,1,0,,AliExpress,voron-0.1,legacy,1,,https://s.click.aliexpress.com/e/_9ih40f,
none_live,misc.mosquito-hotend-sock,Mosquito Hotend Sock,Misc,,1,0,1,0,,AliExpress,optional-parts,current,1,,https://www.aliexpress.com/item/4000172934426.html,
none_live,misc.nozzle-scrubber-brush,Nozzle Scrubber Brush,Misc,,2,0,2,0,,AliExpress | Amazon,optional-parts,current,1,,https://www.aliexpress.com/item/32970253811.html | https://www.amazon.com/dp/B07BBLCFPF,
none_live,motion.110-gt2-belt-loop,110 gt2 belt loop,Motion,,1,0,1,0,,AliExpress,voron-0,legacy,1,included in kit,https://s.click.aliexpress.com/e/_dUvssaY,
none_live,motion.gt2-belt-loop-6mm-wide-110mm,GT2 Belt Loop (6mm wide) - 110mm,Motion,,2,0,2,0,,AliExpress | SDP/SI,voron-2.2,legacy,1,,https://www.aliexpress.com/item/4000033992832.html | https://shop.sdp-si.com/catalog/product?id=A_6R51M055060,
none_live,motion.gt2-open-belt-ll-2gt-6-9mm-wide-length-dependant-on-config,GT2 Open Belt LL-2GT-6 (9mm wide) - Length Dependant on Config,Motion,,1,0,1,0,,SDP/SI,voron-2.2,legacy,1,,https://shop.sdp-si.com/catalog/product?id=A_6R51MC090,
none_live,motion.gt2-open-belt-ll-2gt-9-9mm-wide-length-dependant-on-config,GT2 Open Belt LL-2GT-9 (9mm wide) - Length Dependant on Config,Motion,,1,0,1,0,,SDP/SI,voron-2.4,current,1,,https://shop.sdp-si.com/catalog/product?id=A_6R51MC090,
none_live,motion.integrated-lead-screw-stepper-motors-300mm-2-4-8mm-pitch,"Integrated Lead Screw/Stepper Motors - 300mm, 2/4/8mm pitch",Motion,,2,0,2,0,,AliExpress | Printed Solid,voron-trident voron-1.8,current legacy,2,,https://www.aliexpress.com/item/32749869891.html | https://www.printedsolid.com/products/ldo-v1-z-linear-motor-kit-2-pack-ldo-42sth40-1684l300e-tr8x4,
none_live,motion.kfl08-pillow-bearing-8mm-id,KFL08 pillow bearing 8mm ID,Motion,,1,0,1,0,,AliExpress,voron-0,legacy,1,included in kit,https://www.aliexpress.com/item/32923177043.html,
none_live,motion.mr128-2rs-bearing,MR128-2RS Bearing,Motion,,2,0,2,0,,AliExpress,jetpack,legacy,1,,https://www.aliexpress.com/item/32955193981.html | https://www.aliexpress.com/item/32947017294.html,
none_live,tools.ferrule-crimping-tool,Ferrule Crimping Tool,Tools,,1,0,1,0,,Amazon,tools,current,1,,https://smile.amazon.com/dp/B06XCZC89W,
no_links,buildplate.spring-steel-sheet-for-prusa-mk52-bed-included-with-tl-heated-bed,Spring Steel Sheet for Prusa MK52 Bed (included with TL Heated Bed),Buildplate,,0,0,0,0,,,voron-switchwire,current,1,X,,
no_links,cables.24awg-ptfe-cable-30ft-total,24AWG PTFE Cable (30ft total),Cables,,0,0,0,0,,,stealthburner,current,1,,,
no_links,cables.30awg-ptfe-cable-3ft-total,30AWG PTFE Cable (3ft total),Cables,,0,0,0,0,,,stealthburner,current,1,,,
no_links,cables.dupont-2-pin-connector,Dupont 2 Pin Connector,Cables,,0,0,0,0,,,voron-trident voron-1.8,current legacy,2,,,
no_links,cables.igus-e2-100-10-12pz-chain-ends,IGUS E2-100-10-12PZ Chain Ends,Cables,,0,0,0,0,,,voron-2.4,current,1,,,
no_links,cables.igus-e2-15-10-028-0-chain,IGUS E2-15-10-028-0 Chain,Cables,,0,0,0,0,,,voron-2.4,current,1,,,
no_links,cables.igus-e2-150-10-12pz-chain-ends,IGUS E2-150-10-12PZ Chain Ends,Cables,,0,0,0,0,,,voron-2.4,current,1,,,
no_links,cables.igus-e2i-10-10-018-0-chain,IGUS E2i-10-10-018-0 Chain,Cables,,0,0,0,0,,,voron-2.4,current,1,,,
no_links,controller.usb-cable-a-male-b-male,USB Cable A-male B-male,Controller,,0,0,0,0,,,voron-2.4 voron-1.6.2 voron-2.2,current legacy,3,,,
no_links,electronics.50x50x15-centrifugal-fan-24v,50x50x15 Centrifugal Fan (24V),Electronics,,0,0,0,0,,,voron-trident stealthburner,current,2,,,
no_links,electronics.harness-for-adxl-sensor-module,Harness for ADXL Sensor Module,Electronics,,0,0,0,0,,,stealthburner,current,1,,,
no_links,electronics.mean-well-lrs-350-24-psu,Mean Well LRS-350-24 PSU,Electronics,,0,0,0,0,,,voron-switchwire,current,1,X,,
no_links,electronics.mosfet-trigger-switch-drive-module,MOSFET Trigger Switch Drive Module,Electronics,,0,0,0,0,,,voron-switchwire,current,1,,,
no_links,electronics.neopixel-rgbw-mini-button-pcb,NeoPixel RGBW Mini Button PCB,Electronics,,0,0,0,0,,,stealthburner,current,1,,,
no_links,electronics.usb-cable-a-male-mini-b-male-1-included-with-skr-mini,USB Cable A-male Mini B-male (1 Included with SKR Mini),Electronics,,0,0,0,0,,,voron-switchwire,current,1,,,
no_links,fasteners.m3-t-nut-for-3030-extrusions,M3 T-nut (For 3030 extrusions),Fasteners,,0,0,0,0,,,voron-switchwire,current,1,,,
no_links,fasteners.m4-knurled-nut,M4 knurled nut,Fasteners,DIN 466-B,0,0,0,0,,,voron-2.4,current,1,,,
no_links,fasteners.m5-t-nut-for-3030-extrusions,M5 T-nut (For 3030 extrusions),Fasteners,,0,0,0,0,,,voron-switchwire,current,1,,,
no_links,frame.hfsb5-2020-200-tpw,HFSB5-2020-200-TPW,Frame,,0,0,0,0,,,voron-1.8,legacy,1,,,
no_links,frame.hfsb5-2020-420,HFSB5-2020-420,Frame,,0,0,0,0,,,voron-1.8,legacy,1,,,
no_links,frame.hfsb5-2020-420-ah45-bh375,HFSB5-2020-420-AH45-BH375,Frame,,0,0,0,0,,,voron-1.8,legacy,1,,,
no_links,frame.makerbeam-xl-15x15-100mm,Makerbeam XL 15x15 100mm,Frame,,0,0,0,0,,,voron-0.2 voron-0 voron-0.1,current legacy,3,,,
no_links,frame.makerbeam-xl-15x15-80-100mm,Makerbeam XL 15x15 80-100mm,Frame,,0,0,0,0,,,voron-0.2,current,1,,,
no_links,frame.misumi-2020-x-340mm-hfsb5-2020-340-ah15-bh325,Misumi 2020 x 340mm - HFSB5-2020-340-AH15-BH325,Frame,,0,0,0,0,,,voron-switchwire,current,1,,,
no_links,frame.misumi-3030-x-300mm-hfsb6-3030-300-tpw,Misumi 3030 x 300mm - HFSB6-3030-300-TPW,Frame,,0,0,0,0,,,voron-switchwire,current,1,,,
no_links,frame.misumi-3030-x-360mm-hfsb6-3030-360-lch-rch,Misumi 3030 x 360mm - HFSB6-3030-360-LCH-RCH,Frame,,0,0,0,0,,,voron-switchwire,current,1,,,
no_links,frame.misumi-3030-x-400mm-hfsb6-3030-400-tpw,Misumi 3030 x 400mm - HFSB6-3030-400-TPW,Frame,,0,0,0,0,,,voron-switchwire,current,1,,,
no_links,frame.misumi-3060-x-520mm-hfsb6-3060-520-ah105-bh415-av180,Misumi 3060 x 520mm - HFSB6-3060-520-AH105-BH415-AV180,Frame,,0,0,0,0,,,voron-switchwire,current,1,,,
no_links,hardware.hotend-mounting-screws-m2-5-m3,Hotend Mounting Screws (M2.5/M3),Hardware,,0,0,0,0,,,stealthburner,current,1,,,
no_links,hardware.m3x10-shcs,M3x10 SHCS,Hardware,,0,0,0,0,,,stealthburner,current,1,,,
no_links,hardware.m3x10mm-bhcs,M3x10mm BHCS,Hardware,ISO 7380-1,0,0,0,0,,,voron-0,legacy,1,,,
no_links,hardware.m3x12mm-bhcs,M3x12mm BHCS,Hardware,ISO 7380-1,0,0,0,0,,,voron-0,legacy,1,,,
no_links,hardware.m3x30mm-bhcs,M3x30mm BHCS,Hardware,ISO 7380-1,0,0,0,0,,,voron-0,legacy,1,,,
no_links,hardware.m3x6mm-bhcs,M3x6mm BHCS,Hardware,ISO 7380-1,0,0,0,0,,,voron-0,legacy,1,,,
no_links,hardware.m3x8-fhcs,M3x8 FHCS,Hardware,ISO 10642,0,0,0,0,,,voron-0.2 voron-0.1,current legacy,2,,,
no_links,hotend.e3d-v6-hotend-bowden,E3D V6 Hotend Bowden,Hotend,,0,0,0,0,,,afterburner,legacy,1,,,
no_links,misc.medium-strength-thread-locker,medium strength thread locker,Misc,,0,0,0,0,,,voron-0.2,current,1,,,
no_links,motion.gt2-20t-6mm-wide-pulley-5mm-bore-no-set-screw-hub,GT2 20T (6mm wide) Pulley (5mm bore) - No Set Screw Hub,Motion,,0,0,0,0,,,voron-2.2,legacy,1,Build from 2x POWGE 20t 6mm Pulley,,
no_links,motion.gt2-open-belt-ll-2gt-6-6mm-wide-800mm,GT2 Open Belt LL-2GT-6 (6mm wide) - 800mm,Motion,,0,0,0,0,,,voron-switchwire,current,1,,,
no_links,panels.side-front-top-acrylic-panels.voron-switchwire,Side/Front/Top Acrylic Panels,Panels,,0,0,0,0,,,voron-switchwire,current,1,,,
no_links,tools.nlgi1-or-2-grease-eg-mobilux-ep1-ep2-polyrex-222-shc-220,"NLGI1 or 2 Grease eg:Mobilux EP1/EP2, Polyrex 222, SHC 220",Tools,,0,0,0,0,,,tools,current,1,,,
no_links,misc.the-2-x-guides-should-have-the-rest-of-the-required-parts,The 2.x guides should have the rest of the required parts,,,0,0,0,0,,,voron-1.6.2,legacy,1,,,
