status,http,reason,vendor_host,url,final_url,checked_at,items
no,200,listing has no title (removed),aliexpress.com,https://www.aliexpress.com/item/1005001418808468.html,https://www.aliexpress.us/item/3256801232493716.html?gatewayAdapt=glo2usa4itemAdapt,2026-08-30T15:35:00+00:00,misc.6mm-x-3mm-round-neodymium-magnets misc.6x3mm-magnet
no,200,listing has no title (removed),aliexpress.com,https://www.aliexpress.com/item/1005001428057323.html,https://www.aliexpress.us/item/3256801241742571.html?gatewayAdapt=glo2usa4itemAdapt,2026-08-30T15:35:19+00:00,misc.6mm-x-3mm-round-neodymium-magnets
no,200,listing has no title (removed),aliexpress.com,https://www.aliexpress.com/item/1005002477263672.html,https://www.aliexpress.us/item/3256802290948920.html?gatewayAdapt=glo2usa4itemAdapt,2026-08-30T15:34:09+00:00,hotend.trianglelab-dragon-hotend
no,200,listing has no title (removed),aliexpress.com,https://www.aliexpress.com/item/1730027940.html,https://www.aliexpress.us/item/2251801543713188.html?gatewayAdapt=glo2usa4itemAdapt,2026-08-30T15:38:20+00:00,motion.gt2-20t-6mm-wide-pulley-5mm-bore
no,200,listing has no title (removed),aliexpress.com,https://www.aliexpress.com/item/32433845259.html,https://www.aliexpress.us/item/2251832247530507.html?gatewayAdapt=glo2usa4itemAdapt&_randl_shipto=US,2026-08-30T14:53:58+00:00,bowden.bowden-tube-4mm-od-3mm-id misc.bowden-tube misc.bowden-tube-4mm-od-2mm-id
no,200,listing has no title (removed),aliexpress.com,https://www.aliexpress.com/item/32580033189.html,https://www.aliexpress.us/item/2251832393718437.html?gatewayAdapt=glo2usa4itemAdapt,2026-08-30T15:33:33+00:00,hardware.m3x6mm-set-screw
no,200,listing has no title (removed),aliexpress.com,https://www.aliexpress.com/item/32699021641.html,https://www.aliexpress.us/item/2251832512706889.html?gatewayAdapt=glo2usa4itemAdapt,2026-08-30T16:24:42+00:00,controller.2-pin-kk-connector-housing
no,200,listing has no title (removed),aliexpress.com,https://www.aliexpress.com/item/32748428213.html,https://www.aliexpress.us/item/2251832562113461.html?gatewayAdapt=glo2usa4itemAdapt,2026-08-30T15:31:21+00:00,fasteners.m2-x-12-or-13mm-plastite-self-tapping-screw fasteners.m2x10-self-tapping-screw-for-plastics fasteners.m2x12-self-tapping-screw-for-plastics hardware.m2x8mm-self-tapping-screw
no,200,listing has no title (removed),aliexpress.com,https://www.aliexpress.com/item/32749869891.html,https://www.aliexpress.us/item/2251832563555139.html?gatewayAdapt=glo2usa4itemAdapt,2026-08-30T15:39:54+00:00,motion.integrated-lead-screw-stepper-motors-300mm-2-4-8mm-pitch
no,200,listing has no title (removed),aliexpress.com,https://www.aliexpress.com/item/32757667021.html,https://www.aliexpress.us/item/2251832571352269.html?gatewayAdapt=glo2usa4itemAdapt,2026-08-30T15:36:37+00:00,misc.little-rubber-feet-14x11x9mm
no,200,listing has no title (removed),aliexpress.com,https://www.aliexpress.com/item/32793333567.html,https://www.aliexpress.us/item/2251832607018815.html?gatewayAdapt=glo2usa4itemAdapt,2026-08-30T16:22:33+00:00,cables.16awg-silicone-cable-10ft-total
no,200,listing has no title (removed),aliexpress.com,https://www.aliexpress.com/item/32803870919.html,https://www.aliexpress.us/item/2251832617556167.html?gatewayAdapt=glo2usa4itemAdapt,2026-08-30T15:28:59+00:00,electronics.pl-08n-inductive-probe
no,200,listing has no title (removed),aliexpress.com,https://www.aliexpress.com/item/32811240720.html,https://www.aliexpress.us/item/2251832624925968.html?gatewayAdapt=glo2usa4itemAdapt,2026-08-30T15:35:58+00:00,misc.bowden-tube misc.bowden-tube-4mm-od-2mm-id misc.bowden-tube-4mm-od-3mm-id-optional-for-reverse-bowden misc.bowden-tube-4mm-od-id-depends-on-extruder-type misc.ptfe-tube
no,200,listing has no title (removed),aliexpress.com,https://www.aliexpress.com/item/32848965946.html,https://www.aliexpress.us/item/2251832662651194.html?gatewayAdapt=glo2usa4itemAdapt,2026-08-30T16:25:05+00:00,controller.a4988-stepper-motor-driver
no,200,listing has no title (removed),aliexpress.com,https://www.aliexpress.com/item/32851642822.html,https://www.aliexpress.us/item/2251832665328070.html?gatewayAdapt=glo2usa4itemAdapt,2026-08-30T15:26:11+00:00,controller.reprap-full-graphics-display
no,200,listing has no title (removed),aliexpress.com,https://www.aliexpress.com/item/32880072214.html,https://www.aliexpress.us/item/2251832693757462.html?gatewayAdapt=glo2usa4itemAdapt,2026-08-30T15:24:52+00:00,controller.duet-2-wifi
no,200,listing has no title (removed),aliexpress.com,https://www.aliexpress.com/item/32880076289.html,https://www.aliexpress.us/item/2251832693761537.html?gatewayAdapt=glo2usa4itemAdapt,2026-08-30T15:24:35+00:00,controller.duet-2-pt100-daughter-board
no,200,listing has no title (removed),aliexpress.com,https://www.aliexpress.com/item/32883311114.html,https://www.aliexpress.us/item/2251832696996362.html?gatewayAdapt=glo2usa4itemAdapt,2026-08-30T15:25:54+00:00,controller.longer-display-cables-60cm
no,200,listing has no title (removed),aliexpress.com,https://www.aliexpress.com/item/32885492280.html,https://www.aliexpress.us/item/2251832699177528.html?gatewayAdapt=glo2usa4itemAdapt,2026-08-30T15:29:25+00:00,electronics.thermal-fuse
no,200,listing has no title (removed),aliexpress.com,https://www.aliexpress.com/item/32888952843.html,https://www.aliexpress.us/item/2251832702638091.html?gatewayAdapt=glo2usa4itemAdapt,2026-08-30T15:24:18+00:00,controller.duet-2-duex5
no,200,listing has no title (removed),aliexpress.com,https://www.aliexpress.com/item/32913167217.html,https://www.aliexpress.us/item/2251832726852465.html?gatewayAdapt=glo2usa4itemAdapt,2026-08-30T16:25:22+00:00,controller.arduino-mega-2560
no,200,listing has no title (removed),aliexpress.com,https://www.aliexpress.com/item/32915193041.html,https://www.aliexpress.us/item/2251832728878289.html?gatewayAdapt=glo2usa4itemAdapt,2026-08-30T15:28:34+00:00,electronics.nema17-motor-with-leadscrew-17ls19-1684e-300g
no,200,listing has no title (removed),aliexpress.com,https://www.aliexpress.com/item/32917029058.html,https://www.aliexpress.us/item/2251832730714306.html?gatewayAdapt=glo2usa4itemAdapt,2026-08-30T15:30:07+00:00,extruder.bmg-extruder-kit-used-for-gears extruder.complete-bmg-extruder-clone
no,200,listing has no title (removed),aliexpress.com,https://www.aliexpress.com/item/32922422551.html,https://www.aliexpress.us/item/2251832736107799.html?gatewayAdapt=glo2usa4itemAdapt,2026-08-30T15:31:04+00:00,fasteners.5x10x0-5-shim-ring
no,200,listing has no title (removed),aliexpress.com,https://www.aliexpress.com/item/32923177043.html,https://www.aliexpress.us/item/2251832736862291.html?gatewayAdapt=glo2usa4itemAdapt,2026-08-30T15:40:11+00:00,motion.kfl08-pillow-bearing-8mm-id
no,200,listing has no title (removed),aliexpress.com,https://www.aliexpress.com/item/32932033872.html,https://www.aliexpress.us/item/2251832745719120.html?gatewayAdapt=glo2usa4itemAdapt,2026-08-30T15:33:15+00:00,hardware.m3x35-bhcs hardware.m3x40-bhcs
no,200,listing has no title (removed),aliexpress.com,https://www.aliexpress.com/item/32947017294.html,https://www.aliexpress.us/item/2251832760702542.html?gatewayAdapt=glo2usa4itemAdapt,2026-08-30T15:42:42+00:00,motion.mr128-2rs-bearing
no,200,listing has no title (removed),aliexpress.com,https://www.aliexpress.com/item/32947221310.html,https://www.aliexpress.us/item/2251832760906558.html?gatewayAdapt=glo2usa4itemAdapt,2026-08-30T15:25:10+00:00,controller.duet-maestro
no,200,listing has no title (removed),aliexpress.com,https://www.aliexpress.com/item/32948296338.html,https://www.aliexpress.us/item/2251832761981586.html?gatewayAdapt=glo2usa4itemAdapt,2026-08-30T15:43:02+00:00,tools.center-punch
no,200,listing has no title (removed),aliexpress.com,https://www.aliexpress.com/item/32951137017.html,https://www.aliexpress.us/item/2251832764822265.html?gatewayAdapt=glo2usa4itemAdapt,2026-08-30T15:35:36+00:00,misc.6mm-x-3mm-round-neodymium-magnets misc.6x3mm-magnet
no,200,listing has no title (removed),aliexpress.com,https://www.aliexpress.com/item/32953105957.html,https://www.aliexpress.us/item/2251832766791205.html?gatewayAdapt=glo2usa4itemAdapt,2026-08-30T16:24:08+00:00,cables.24awg-silicone-cable-120ft-total cables.24awg-silicone-cable-50ft-total
no,200,listing has no title (removed),aliexpress.com,https://www.aliexpress.com/item/32955193981.html,https://www.aliexpress.us/item/2251832768879229.html?gatewayAdapt=glo2usa4itemAdapt,2026-08-30T15:42:25+00:00,motion.mr128-2rs-bearing
no,200,listing has no title (removed),aliexpress.com,https://www.aliexpress.com/item/32955538744.html,https://www.aliexpress.us/item/2251832769223992.html?gatewayAdapt=glo2usa4itemAdapt,2026-08-30T16:23:34+00:00,cables.20awg-silicone-cable-25ft-total cables.20awg-silicone-cable-50ft-total
no,200,listing has no title (removed),aliexpress.com,https://www.aliexpress.com/item/32956138636.html,https://www.aliexpress.us/item/2251832769823884.html?gatewayAdapt=glo2usa4itemAdapt,2026-08-30T15:28:05+00:00,electronics.nema17-motor-17hs15-1504s1
no,200,listing has no title (removed),aliexpress.com,https://www.aliexpress.com/item/32959016223.html,https://www.aliexpress.us/item/2251832772701471.html?gatewayAdapt=glo2usa4itemAdapt,2026-08-30T15:25:36+00:00,controller.jst-xhp-2-housing
no,200,listing has no title (removed),aliexpress.com,https://www.aliexpress.com/item/32959906508.html,https://www.aliexpress.us/item/2251832773591756.html?gatewayAdapt=glo2usa4itemAdapt,2026-08-30T15:42:08+00:00,motion.mr115-2rs-bearing
no,200,listing has no title (removed),aliexpress.com,https://www.aliexpress.com/item/32963843207.html,https://www.aliexpress.us/item/2251832777528455.html?gatewayAdapt=glo2usa4itemAdapt,2026-08-30T16:24:25+00:00,cables.jst-xh-female-pin
no,200,listing has no title (removed),aliexpress.com,https://www.aliexpress.com/item/32970253811.html,https://www.aliexpress.us/item/2251832783939059.html?gatewayAdapt=glo2usa4itemAdapt,2026-08-30T15:37:15+00:00,misc.nozzle-scrubber-brush
no,200,listing has no title (removed),aliexpress.com,https://www.aliexpress.com/item/32990786969.html,https://www.aliexpress.us/item/2251832804472217.html?gatewayAdapt=glo2usa4itemAdapt,2026-08-30T16:21:08+00:00,buildplate.spring-steel-bed-kit-with-pei-and-magnet
no,200,listing has no title (removed),aliexpress.com,https://www.aliexpress.com/item/32991919681.html,https://www.aliexpress.us/item/2251832805604929.html?gatewayAdapt=glo2usa4itemAdapt,2026-08-30T15:39:37+00:00,motion.gt2-open-belt-ll-2gt-6-6mm-wide-length-dependant-on-config
no,200,listing has no title (removed),aliexpress.com,https://www.aliexpress.com/item/32996184575.html,https://www.aliexpress.us/item/2251832809869823.html?gatewayAdapt=glo2usa4itemAdapt,2026-08-30T15:43:39+00:00,vibration-management.rubber-compressor-foot vibration-management.rubber-foot
no,200,listing has no title (removed),aliexpress.com,https://www.aliexpress.com/item/33000014666.html,https://www.aliexpress.us/item/2251832813699914.html?gatewayAdapt=glo2usa4itemAdapt,2026-08-30T16:22:16+00:00,cables.10x11-cable-chain-openable-1m cables.10x11mm-1-meter-with-2-end-sets-2-fixed-end-2-free-end-r18-18mm-radius cables.10x11mm-1-meter-with-3-end-sets-3-fixed-end-3-free-end-r18-18mm-radius
no,200,listing has no title (removed),aliexpress.com,https://www.aliexpress.com/item/33009726442.html,https://www.aliexpress.us/item/2251832823411690.html?gatewayAdapt=glo2usa4itemAdapt,2026-08-30T15:30:42+00:00,fasteners.10x16x0-2-shim-ring
no,200,listing has no title (removed),aliexpress.com,https://www.aliexpress.com/item/33015063641.html,https://www.aliexpress.us/item/2251832828748889.html?gatewayAdapt=glo2usa4itemAdapt&_randl_shipto=US,2026-08-30T14:54:01+00:00,buildplate.high-temperature-magnet
no,200,listing has no title (removed),aliexpress.com,https://www.aliexpress.com/item/33023248880.html,https://www.aliexpress.us/item/2251832836934128.html?gatewayAdapt=glo2usa4itemAdapt,2026-08-30T15:31:44+00:00,fasteners.m3-hammer-head-t-nuts
no,200,listing has no title (removed),aliexpress.com,https://www.aliexpress.com/item/33042554065.html,https://www.aliexpress.us/item/2251832856239313.html?gatewayAdapt=glo2usa4itemAdapt,2026-08-30T15:27:31+00:00,electronics.bigtreetech-skr-mini-e3-v1-2-or-v2 electronics.bigtreetech-skr-mini-e3-v2 electronics.bigtreetech-skr-pico
no,200,listing has no title (removed),aliexpress.com,https://www.aliexpress.com/item/33057100422.html,https://www.aliexpress.us/item/2251832870785670.html?gatewayAdapt=glo2usa4itemAdapt,2026-08-30T16:21:39+00:00,buildplate.spring-steel-bed-kit-with-pei-and-magnet
no,200,listing has no title (removed),aliexpress.com,https://www.aliexpress.com/item/33059623349.html,https://www.aliexpress.us/item/2251832873308597.html?gatewayAdapt=glo2usa4itemAdapt,2026-08-30T15:41:44+00:00,motion.mgn7h-linear-rail-with-carriage-150mm
no,200,listing has no title (removed),aliexpress.com,https://www.aliexpress.com/item/4000009273908.html,https://www.aliexpress.us/item/2255799822959156.html?gatewayAdapt=glo2usa4itemAdapt,2026-08-30T16:21:58+00:00,buildplate.yellow-die-springs-8x4x20mm
no,200,listing has no title (removed),aliexpress.com,https://www.aliexpress.com/item/4000017095580.html,https://www.aliexpress.us/item/2255799830780828.html?gatewayAdapt=glo2usa4itemAdapt,2026-08-30T15:29:45+00:00,electronics.vhb-tape-20mm-or-so-is-good
no,200,listing has no title (removed),aliexpress.com,https://www.aliexpress.com/item/4000033992832.html,https://www.aliexpress.us/item/2255799847678080.html?gatewayAdapt=glo2usa4itemAdapt,2026-08-30T15:38:50+00:00,motion.gt2-belt-loop-6mm-wide-110mm
no,200,listing has no title (removed),aliexpress.com,https://www.aliexpress.com/item/4000172934426.html,https://www.aliexpress.us/item/2255799986619674.html?gatewayAdapt=glo2usa4itemAdapt,2026-08-30T15:36:54+00:00,misc.mosquito-hotend-sock
no,200,listing has no title (removed),aliexpress.com,https://www.aliexpress.com/item/4000474140713.html,https://www.aliexpress.us/item/2255800287825961.html?gatewayAdapt=glo2usa4itemAdapt,2026-08-30T15:26:28+00:00,controller.skr-1-4
no,200,listing has no title (removed),aliexpress.com,https://www.aliexpress.com/item/4000703204793.html,https://www.aliexpress.us/item/2255800516890041.html?gatewayAdapt=glo2usa4itemAdapt,2026-08-30T16:55:31+00:00,cables.18awg-ptfe-wire-wire-10ft-total
no,200,listing has no title (removed),aliexpress.com,https://www.aliexpress.com/item/4000703227416.html,https://www.aliexpress.us/item/2255800516912664.html?gatewayAdapt=glo2usa4itemAdapt,2026-08-30T16:23:17+00:00,cables.20awg-ptfe-wire-10ft-total
no,200,listing has no title (removed),aliexpress.com,https://www.aliexpress.com/item/4000703245035.html,https://www.aliexpress.us/item/2255800516930283.html?gatewayAdapt=glo2usa4itemAdapt,2026-08-30T16:23:51+00:00,cables.22awg-ptfe-wire-100ft-total cables.22awg-ptfe-wire-250ft-total
no,200,listing has no title (removed),aliexpress.com,https://www.aliexpress.com/item/4000924227913.html,https://www.aliexpress.us/item/2255800737913161.html?gatewayAdapt=glo2usa4itemAdapt,2026-08-30T16:20:51+00:00,buildplate.silicone-ac-120v-240v-heater-100x100mm-100w
no,200,listing has no title (removed),aliexpress.com,https://www.aliexpress.com/item/4000924320262.html,https://www.aliexpress.us/item/2255800738005510.html?gatewayAdapt=glo2usa4itemAdapt,2026-08-30T15:32:22+00:00,frame.makerbeam-xl-15x15-200mm
no,200,listing has no title (removed),aliexpress.com,https://www.aliexpress.com/item/4000939602453.html,https://www.aliexpress.us/item/2255800753287701.html?gatewayAdapt=glo2usa4itemAdapt,2026-08-30T15:39:17+00:00,motion.gt2-open-belt-ll-2gt-6-6mm-wide
no,404,http 404,amazon.com,https://www.amazon.com/dp/B07BBLCFPF,,2026-08-30T17:06:01+00:00,misc.nozzle-scrubber-brush
no,404,http 404,amzn.to,https://amzn.to/2nbJUc5,https://www.amazon.com/Tacklife-DC01-Fractions-Millimeter-Conversion/dp/B072KGHRML/ref=as_li_ss_tl?ie=UTF8&linkCode=sl1&tag=docjeevescom-20&linkId=199cb3d21fe1f9ed075fb78a9d299413&language=en_US,2026-08-30T15:12:10+00:00,tools.6in-digital-calipers
no,404,http 404,amzn.to,https://amzn.to/31Y3hEX,https://www.amazon.com/gp/product/B07BBLCFPF/ref=as_li_ss_tl?ie=UTF8&linkCode=sl1&tag=docjeevescom-20&linkId=58653ca781c33dad287ba53317e1c9d1&language=en_US,2026-08-30T15:12:00+00:00,misc.nozzle-scrubber-brush
no,404,http 404,arrow.com,https://www.arrow.com/en/products/43025-0800/molex,https://www.arrow.com/en/products/43025-0800/molex.html,2026-08-30T16:26:20+00:00,cables.microfit-connector-plug-8-position-43025-0800
no,200,page says the listing is gone,digikey.com,https://www.digikey.com/en/products/detail/mean-well-usa-inc/LRS-150-24/7705015,,2026-08-30T17:01:40+00:00,electronics.meanwell-lrs-150-24
no,200,page says the listing is gone,digikey.com,https://www.digikey.com/product-detail/en/mean-well-usa-inc/LRS-100-24/1866-3314-ND/7705008,https://www.digikey.com/en/products/detail/mean-well-usa-inc/LRS-100-24/1866-3314-ND/7705008,2026-08-30T17:01:36+00:00,electronics.meanwell-lrs-100-24
no,200,page says the listing is gone,digikey.com,https://www.digikey.com/product-detail/en/mean-well-usa-inc/RS-35-12/1866-4146-ND/7706181,https://www.digikey.com/en/products/detail/mean-well-usa-inc/RS-35-12/1866-4146-ND/7706181,2026-08-30T17:01:59+00:00,electronics.small-12v-psu-for-lights-etc-for-24v-builds
no,404,http 404,e3d-online.com,https://e3d-online.com/gates-powergrip-toothed-idler-9mm,https://e3d-online.com/products/gates?_pos=1&_sid=49bd3d99b&_ss=r,2026-08-30T15:14:49+00:00,motion.gt2-20t-9mm-wide-toothed-idler-5mm-bore
no,404,http 404,e3d-online.com,https://e3d-online.com/gates-powergripr-toothed-idler-6mm,https://e3d-online.com/collections/printer-parts-mechanical/products/gates,2026-08-30T15:14:47+00:00,motion.gt2-20t-6mm-wide-toothed-idler-5mm-bore
no,404,http 404,e3d-online.com,https://e3d-online.com/products/threaded-bowden-coupling,,2026-08-30T15:14:43+00:00,misc.bowden-coupler-for-4mm-od-tube
no,404,http 404,e3d-online.com,https://e3d-online.com/threaded-bowden-coupling,https://e3d-online.com/products/threaded-bowden-coupling?_pos=2&_sid=b4f15e80d&_ss=r,2026-08-30T15:14:45+00:00,misc.john-guest-bowden-coupling-1-8-bspp-4mm-tubing
no,404,http 404,ebay.com,https://www.ebay.com/itm/Mean-Well-LRS-100-24-Power-Supply-24V-4-5A-108W-Output-85-264VAC-Input/264628907662?epid=667788813&hash=item3d9d1cae8e%3Ag%3ATTEAAOSwyWFeUWIV,,2026-08-30T16:29:28+00:00,electronics.meanwell-lrs-100-24
no,200,domain is parked or for sale,filamentone.com,https://www.filamentone.com/products/bondtech-drivegear-kit-1-75-5-0?_pos=11&_sid=f893ca158&_ss=r,https://www.hugedomains.com/domain_profile.cfm?d=filamentone.com,2026-08-30T16:37:50+00:00,motion.bondtech-drive-gear-set
no,404,http 404,filastruder.com,https://www.filastruder.com/collections/electronics/products/duet-2-maestro,,2026-08-30T15:14:58+00:00,controller.duet-maestro
no,404,http 404,filastruder.com,https://www.filastruder.com/collections/electronics/products/duet-maestro-expansion-board,,2026-08-30T15:15:03+00:00,controller.duet-maestro-expansion-board
no,404,http 404,muellerbestellung.de,https://www.muellerbestellung.de/Ultem-1000-Polyetherimid-3D-Druck-Folie-Abm-und-Farbe-waehlbar-254-x-165-x-03-mm-Selbstklebend-einseitig-Schwarz,,2026-08-30T15:15:17+00:00,buildplate.pei-3m-468p-200mp
no,404,http 404,muellerbestellung.de,https://www.muellerbestellung.de/Ultem-1000-Schwarz-030-mm-dick-300-x-300-mm-Selbstklebend,,2026-08-30T15:15:14+00:00,buildplate.pei-3m-468p-200mp
no,404,http 404,muellerbestellung.de,https://www.muellerbestellung.de/Ultem-1000-Schwarz-030-mm-dick-350-x-350-mm-Selbstklebend,,2026-08-30T15:15:19+00:00,buildplate.pei-3m-468p-200mp
no,404,http 404,muellerbestellung.de,https://www.muellerbestellung.de/Ultem-1000-Schwarz-030-mm-dick-420-x-297-mm-5-Stk,,2026-08-30T15:15:16+00:00,buildplate.pei-3m-468p-200mp
no,404,http 404,printedsolid.com,https://www.printedsolid.com/collections/voron-collection/products/ldo-voron-v0-1-printer-kit?variant=39760894918741,,2026-08-30T15:15:33+00:00,kits.voron-v0-1-kit-ldo
no,404,http 404,printedsolid.com,https://www.printedsolid.com/products/ldo-v1-z-linear-motor-kit-2-pack-ldo-42sth40-1684l300e-tr8x4,,2026-08-30T15:15:34+00:00,motion.integrated-lead-screw-stepper-motors-300mm-2-4-8mm-pitch
no,404,http 404,printedsolid.com,https://www.printedsolid.com/products/voron-trident-acrylic-panel-set,,2026-08-30T16:22:23+00:00,panels.side-front-top-polycarbonate-panels.voron-trident
no,200,listing has no title (removed),s.click.aliexpress.com,https://s.click.aliexpress.com/e/24kCsx6s,https://www.aliexpress.us/item/2251832624925968.html?aff_fcid=7d653790e5eb46b08eec05957f968f0f-1788107124767-00513-24kCsx6s&aff_fsk=24kCsx6s&aff_platform=link-c-tool&sk=24kCsx6s&aff_trace_key=7d653790e5eb46b08eec05957f968f0f-1788107124767-00513-24kCsx6s&terminal_id=b6cf602e55c147bc876b5703aca0949c&afSmartRedirect=y&gatewayAdapt=glo2usa4itemAdapt,2026-08-30T16:25:41+00:00,misc.bowden-tube
no,200,listing has no title (removed),s.click.aliexpress.com,https://s.click.aliexpress.com/e/2xNW6GwU,https://www.aliexpress.us/item/2251832702638091.html?aff_fcid=df83fa9312484ee389d2351ecd9b21ba-1788104991578-06032-2xNW6GwU&aff_fsk=2xNW6GwU&aff_platform=link-c-tool&sk=2xNW6GwU&aff_trace_key=df83fa9312484ee389d2351ecd9b21ba-1788104991578-06032-2xNW6GwU&terminal_id=b6cf602e55c147bc876b5703aca0949c&afSmartRedirect=y&gatewayAdapt=glo2usa4itemAdapt,2026-08-30T15:50:07+00:00,controller.duet-2-duex5
no,200,listing has no title (removed),s.click.aliexpress.com,https://s.click.aliexpress.com/e/3m3KoEoY,https://www.aliexpress.us/item/2251832562113461.html?aff_fcid=e14ccf06e5d540e881d2e9fbee661070-1788105773542-00683-3m3KoEoY&aff_fsk=3m3KoEoY&aff_platform=link-c-tool&sk=3m3KoEoY&aff_trace_key=e14ccf06e5d540e881d2e9fbee661070-1788105773542-00683-3m3KoEoY&terminal_id=b6cf602e55c147bc876b5703aca0949c&afSmartRedirect=y&gatewayAdapt=glo2usa4itemAdapt,2026-08-30T16:03:09+00:00,fasteners.m2x8-self-tapping-screw-for-plastics
no,200,listing has no title (removed),s.click.aliexpress.com,https://s.click.aliexpress.com/e/45PZubCc,https://www.aliexpress.us/item/2251832693757462.html?aff_fcid=a181a40aefed44c8aa85765d0254cdf5-1788105026203-00362-45PZubCc&aff_fsk=45PZubCc&aff_platform=link-c-tool&sk=45PZubCc&aff_trace_key=a181a40aefed44c8aa85765d0254cdf5-1788105026203-00362-45PZubCc&terminal_id=b6cf602e55c147bc876b5703aca0949c&afSmartRedirect=y&gatewayAdapt=glo2usa4itemAdapt,2026-08-30T15:50:42+00:00,controller.duet-2-wifi
no,200,listing has no title (removed),s.click.aliexpress.com,https://s.click.aliexpress.com/e/5OVtqbtq,https://www.aliexpress.us/item/2251832247530507.html?aff_fcid=848d27f89aca4c728a11e1e0532801b5-1788106199208-03627-5OVtqbtq&aff_fsk=5OVtqbtq&aff_platform=link-c-tool&sk=5OVtqbtq&aff_trace_key=848d27f89aca4c728a11e1e0532801b5-1788106199208-03627-5OVtqbtq&terminal_id=b6cf602e55c147bc876b5703aca0949c&afSmartRedirect=y&gatewayAdapt=glo2usa4itemAdapt,2026-08-30T16:10:15+00:00,misc.bowden-tube misc.bowden-tube-4mm-od-2mm-id misc.bowden-tube-4mm-od-3mm-id-optional-for-reverse-bowden misc.bowden-tube-4mm-od-id-depends-on-extruder-type
no,200,listing has no title (removed),s.click.aliexpress.com,https://s.click.aliexpress.com/e/D7QNRBCk,https://www.aliexpress.us/item/2251832624925968.html?aff_fcid=52ce35f7ba2f4feca00c8fef5898eafd-1788106282758-04524-D7QNRBCk&aff_fsk=D7QNRBCk&aff_platform=link-c-tool&sk=D7QNRBCk&aff_trace_key=52ce35f7ba2f4feca00c8fef5898eafd-1788106282758-04524-D7QNRBCk&terminal_id=b6cf602e55c147bc876b5703aca0949c&afSmartRedirect=y&gatewayAdapt=glo2usa4itemAdapt,2026-08-30T16:11:38+00:00,misc.bowden-tube misc.bowden-tube-4mm-od-2mm-id misc.bowden-tube-4mm-od-3mm-id-optional-for-reverse-bowden misc.bowden-tube-4mm-od-id-depends-on-extruder-type
no,200,listing has no title (removed),s.click.aliexpress.com,https://s.click.aliexpress.com/e/Dfsbf1zA,https://www.aliexpress.us/item/2251832662651194.html?aff_fcid=6632fe6150ee44f98454836d68144420-1788104939592-00150-Dfsbf1zA&aff_fsk=Dfsbf1zA&aff_platform=link-c-tool&sk=Dfsbf1zA&aff_trace_key=6632fe6150ee44f98454836d68144420-1788104939592-00150-Dfsbf1zA&terminal_id=b6cf602e55c147bc876b5703aca0949c&gatewayAdapt=glo2usa4itemAdapt,2026-08-30T15:49:15+00:00,controller.a4988-stepper-motor-driver
no,200,listing has no title (removed),s.click.aliexpress.com,https://s.click.aliexpress.com/e/DjCBXNJi,https://www.aliexpress.us/item/2251832823411690.html?cpt=1571270505532&aff_fcid=a8251a071c78472694bd42c1db9d8943-1788105695407-03547-DjCBXNJi&aff_fsk=DjCBXNJi&aff_platform=link-c-tool&sk=DjCBXNJi&aff_trace_key=a8251a071c78472694bd42c1db9d8943-1788105695407-03547-DjCBXNJi&terminal_id=b6cf602e55c147bc876b5703aca0949c&afSmartRedirect=y&gatewayAdapt=glo2usa4itemAdapt,2026-08-30T16:01:51+00:00,fasteners.10x16x0-2-shim-ring
no,200,listing has no title (removed),s.click.aliexpress.com,https://s.click.aliexpress.com/e/DxeGsT3E,https://www.aliexpress.us/item/2251832804472217.html?aff_fcid=fb094adb931648dcbc26716cab2bc8bb-1788104679974-02103-DxeGsT3E&aff_fsk=DxeGsT3E&aff_platform=link-c-tool&sk=DxeGsT3E&aff_trace_key=fb094adb931648dcbc26716cab2bc8bb-1788104679974-02103-DxeGsT3E&terminal_id=b6cf602e55c147bc876b5703aca0949c&afSmartRedirect=y&gatewayAdapt=glo2usa4itemAdapt,2026-08-30T15:44:55+00:00,buildplate.spring-steel-bed-kit-with-pei-and-magnet
no,200,listing has no title (removed),s.click.aliexpress.com,https://s.click.aliexpress.com/e/Ert8fuDw,https://www.aliexpress.us/item/2251832870785670.html?aff_fcid=771e0c8bc56e47b0a7400caeb567b342-1788104730676-09518-Ert8fuDw&aff_fsk=Ert8fuDw&aff_platform=link-c-tool&sk=Ert8fuDw&aff_trace_key=771e0c8bc56e47b0a7400caeb567b342-1788104730676-09518-Ert8fuDw&terminal_id=b6cf602e55c147bc876b5703aca0949c&afSmartRedirect=y&gatewayAdapt=glo2usa4itemAdapt,2026-08-30T15:45:46+00:00,buildplate.spring-steel-bed-kit-with-pei-and-magnet
no,200,listing has no title (removed),s.click.aliexpress.com,https://s.click.aliexpress.com/e/FIzMxqrQ,https://www.aliexpress.us/item/2251832617556167.html?aff_fcid=2ecc6dcf8d3d4811bcb09919bfa8cb5e-1788105466068-00025-FIzMxqrQ&aff_fsk=FIzMxqrQ&aff_platform=link-c-tool&sk=FIzMxqrQ&aff_trace_key=2ecc6dcf8d3d4811bcb09919bfa8cb5e-1788105466068-00025-FIzMxqrQ&terminal_id=b6cf602e55c147bc876b5703aca0949c&gatewayAdapt=glo2usa4itemAdapt,2026-08-30T15:58:02+00:00,electronics.pl-08n-inductive-probe
no,200,listing has no title (removed),s.click.aliexpress.com,https://s.click.aliexpress.com/e/FoFREgKU,https://www.aliexpress.us/item/2255799847678080.html?aff_fcid=ec190fdafebe479893e8da5a30e44569-1788106601302-09736-FoFREgKU&aff_fsk=FoFREgKU&aff_platform=link-c-tool&sk=FoFREgKU&aff_trace_key=ec190fdafebe479893e8da5a30e44569-1788106601302-09736-FoFREgKU&terminal_id=b6cf602e55c147bc876b5703aca0949c&afSmartRedirect=y&gatewayAdapt=glo2usa4itemAdapt,2026-08-30T16:16:57+00:00,motion.gt2-belt-loop-6mm-wide-110mm
no,200,listing has no title (removed),s.click.aliexpress.com,https://s.click.aliexpress.com/e/KaNFsCWk,https://www.aliexpress.us/item/2251832804472217.html?aff_fcid=ac19fed1202e41d7afb48170a5fdd4de-1788104713788-02031-KaNFsCWk&aff_fsk=KaNFsCWk&aff_platform=link-c-tool&sk=KaNFsCWk&aff_trace_key=ac19fed1202e41d7afb48170a5fdd4de-1788104713788-02031-KaNFsCWk&terminal_id=b6cf602e55c147bc876b5703aca0949c&afSmartRedirect=y&gatewayAdapt=glo2usa4itemAdapt,2026-08-30T15:45:29+00:00,buildplate.spring-steel-bed-kit-with-pei-and-magnet
no,200,listing has no title (removed),s.click.aliexpress.com,https://s.click.aliexpress.com/e/M8p5G5AY,https://www.aliexpress.us/item/2255799986619674.html?aff_fcid=d968bd26f197433e90bd68af5f106a0c-1788106365672-04830-M8p5G5AY&aff_fsk=M8p5G5AY&aff_platform=link-c-tool&sk=M8p5G5AY&aff_trace_key=d968bd26f197433e90bd68af5f106a0c-1788106365672-04830-M8p5G5AY&terminal_id=b6cf602e55c147bc876b5703aca0949c&afSmartRedirect=y&gatewayAdapt=glo2usa4itemAdapt,2026-08-30T16:13:01+00:00,misc.mosquito-hotend-sock
no,200,listing has no title (removed),s.click.aliexpress.com,https://s.click.aliexpress.com/e/MCR810Q4,https://www.aliexpress.us/item/2251832699177528.html?aff_fcid=1a27e98934e84fe6845c4e5f03127b24-1788105506751-06907-MCR810Q4&aff_fsk=MCR810Q4&aff_platform=link-c-tool&sk=MCR810Q4&aff_trace_key=1a27e98934e84fe6845c4e5f03127b24-1788105506751-06907-MCR810Q4&terminal_id=b6cf602e55c147bc876b5703aca0949c&afSmartRedirect=y&gatewayAdapt=glo2usa4itemAdapt,2026-08-30T15:58:42+00:00,electronics.thermal-fuse
no,200,redirected off the product page,s.click.aliexpress.com,https://s.click.aliexpress.com/e/Oe8WqhF2,https://www.aliexpress.com/s/error/404,2026-08-30T16:08:03+00:00,hotend.v6-and-or-mosquito-copper-nozzle
no,200,listing has no title (removed),s.click.aliexpress.com,https://s.click.aliexpress.com/e/_97zgoG,https://www.aliexpress.us/item/2251832624925968.html?aff_fcid=f5f5837729a14be0b1480bb433e2b6ca-1788106233303-02177-_97zgoG&tt=CPS_NORMAL&aff_fsk=_97zgoG&aff_platform=portals-tool&sk=_97zgoG&aff_trace_key=f5f5837729a14be0b1480bb433e2b6ca-1788106233303-02177-_97zgoG&terminal_id=b6cf602e55c147bc876b5703aca0949c&afSmartRedirect=y&gatewayAdapt=glo2usa4itemAdapt,2026-08-30T16:10:49+00:00,misc.bowden-tube
no,200,listing has no title (removed),s.click.aliexpress.com,https://s.click.aliexpress.com/e/_9JMcTz,https://www.aliexpress.us/item/2251832778100375.html?spm=a2g0o.productlist.0.0.1ec034a5c2VQLq&algo_pvid=f76b592b-daa5-48a4-90a0-3ab1b55fbcd6&algo_expid=f76b592b-daa5-48a4-90a0-3ab1b55fbcd6-0&btsid=0bb0620316189574026531730ec5f2&ws_ab_test=searchweb0_0%2Csearchweb201602_%2Csearchweb201603_&aff_fcid=d331ce3eb42d40b7941687636a3d3c2e-1788105377715-02176-_9JMcTz&aff_fsk=_9JMcTz&aff_platform=portals-tool&sk=_9JMcTz&aff_trace_key=d331ce3eb42d40b7941687636a3d3c2e-1788105377715-02176-_9JMcTz&terminal_id=b6cf602e55c147bc876b5703aca0949c&afSmartRedirect=y&gatewayAdapt=glo2usa4itemAdapt,2026-08-30T15:56:33+00:00,electronics.nema17-stepper-motor-34mm-max-with-integrated-lead-screw-200mm-t8x8 electronics.nema17-stepper-motor-with-integrated-lead-screw-200mm-t8x8
no,200,listing has no title (removed),s.click.aliexpress.com,https://s.click.aliexpress.com/e/_9ih40f,https://www.aliexpress.us/item/3256802718415243.html?aff_fcid=bb1a073467d1410087affc3c9daf5548-1788106348838-06284-_9ih40f&tt=CPS_NORMAL&aff_fsk=_9ih40f&aff_platform=portals-tool&sk=_9ih40f&aff_trace_key=bb1a073467d1410087affc3c9daf5548-1788106348838-06284-_9ih40f&terminal_id=b6cf602e55c147bc876b5703aca0949c&afSmartRedirect=y&gatewayAdapt=glo2usa4itemAdapt,2026-08-30T16:12:44+00:00,misc.metal-x-carriage-optional
no,200,listing has no title (removed),s.click.aliexpress.com,https://s.click.aliexpress.com/e/_9u8JFO,https://www.aliexpress.us/item/2251832730714306.html?aff_fcid=1f5dbb6e7f0d4718b79e8fc01ac2dd9a-1788105642363-05899-_9u8JFO&aff_fsk=_9u8JFO&aff_platform=portals-tool&sk=_9u8JFO&aff_trace_key=1f5dbb6e7f0d4718b79e8fc01ac2dd9a-1788105642363-05899-_9u8JFO&terminal_id=b6cf602e55c147bc876b5703aca0949c&afSmartRedirect=y&gatewayAdapt=glo2usa4itemAdapt,2026-08-30T16:00:58+00:00,extruder.complete-bmg-extruder-clone
no,200,listing has no title (removed),s.click.aliexpress.com,https://s.click.aliexpress.com/e/_9viGyF,https://www.aliexpress.us/item/3256801829313065.html?spm=a2g0o.productlist.0.0.55c45fe076yi4y&algo_pvid=null&algo_expid=null&btsid=0bb0622f16188879985697177e6221&ws_ab_test=searchweb0_0%2Csearchweb201602_%2Csearchweb201603_&aff_fcid=67390b3464f84b38a4e2c028c1f75f54-1788105567921-05751-_9viGyF&aff_fsk=_9viGyF&aff_platform=portals-tool&sk=_9viGyF&aff_trace_key=67390b3464f84b38a4e2c028c1f75f54-1788105567921-05751-_9viGyF&terminal_id=b6cf602e55c147bc876b5703aca0949c&afSmartRedirect=y&gatewayAdapt=glo2usa4itemAdapt,2026-08-30T15:59:43+00:00,electronics.vhb-tape-20mm-or-so-is-good
no,200,listing has no title (removed),s.click.aliexpress.com,https://s.click.aliexpress.com/e/_9vwNdi,https://www.aliexpress.us/item/2251832562113461.html?aff_fcid=db2d3b366a4a4216959799e6baca4213-1788105753206-06263-_9vwNdi&tt=CPS_NORMAL&aff_fsk=_9vwNdi&aff_platform=portals-tool&sk=_9vwNdi&aff_trace_key=db2d3b366a4a4216959799e6baca4213-1788105753206-06263-_9vwNdi&terminal_id=b6cf602e55c147bc876b5703aca0949c&afSmartRedirect=y&gatewayAdapt=glo2usa4itemAdapt,2026-08-30T16:02:49+00:00,fasteners.m2x10-self-tapping-screw-for-plastics
no,200,listing has no title (removed),s.click.aliexpress.com,https://s.click.aliexpress.com/e/_9zdkMk,https://www.aliexpress.us/item/2251832836934128.html?aff_fcid=31203a40ccb3464793f21200282da393-1788105807785-00530-_9zdkMk&tt=CPS_NORMAL&aff_fsk=_9zdkMk&aff_platform=portals-tool&sk=_9zdkMk&aff_trace_key=31203a40ccb3464793f21200282da393-1788105807785-00530-_9zdkMk&terminal_id=b6cf602e55c147bc876b5703aca0949c&afSmartRedirect=y&gatewayAdapt=glo2usa4itemAdapt,2026-08-30T16:03:44+00:00,fasteners.m3-hammer-head-t-nuts
no,200,listing has no title (removed),s.click.aliexpress.com,https://s.click.aliexpress.com/e/_A0sKDI,https://www.aliexpress.us/item/2251832563555139.html?aff_fcid=5169ad0d6bfb4ae491afb72b5e706621-1788106667058-04013-_A0sKDI&tt=CPS_NORMAL&aff_fsk=_A0sKDI&aff_platform=portals-tool&sk=_A0sKDI&aff_trace_key=5169ad0d6bfb4ae491afb72b5e706621-1788106667058-04013-_A0sKDI&terminal_id=b6cf602e55c147bc876b5703aca0949c&afSmartRedirect=y&gatewayAdapt=glo2usa4itemAdapt,2026-08-30T16:18:03+00:00,motion.integrated-lead-screw-stepper-motors-300mm-2-4-8mm-pitch
no,200,listing has no title (removed),s.click.aliexpress.com,https://s.click.aliexpress.com/e/_A1zOk4,https://www.aliexpress.us/item/2251801543713188.html?aff_fcid=7c5cd5402c2e43069d81eebaaa2deaae-1788106544717-02506-_A1zOk4&tt=CPS_NORMAL&aff_fsk=_A1zOk4&aff_platform=portals-tool&sk=_A1zOk4&aff_trace_key=7c5cd5402c2e43069d81eebaaa2deaae-1788106544717-02506-_A1zOk4&terminal_id=b6cf602e55c147bc876b5703aca0949c&afSmartRedirect=y&gatewayAdapt=glo2usa4itemAdapt,2026-08-30T16:16:00+00:00,motion.gt2-20t-6mm-wide-pulley-5mm-bore
no,200,listing has no title (removed),s.click.aliexpress.com,https://s.click.aliexpress.com/e/_A5re2G,https://www.aliexpress.us/item/3256801772176799.html?aff_fcid=35d21c9593b945d290646c7c302977d2-1788106144696-07374-_A5re2G&tt=CPS_NORMAL&aff_fsk=_A5re2G&aff_platform=portals-tool&sk=_A5re2G&aff_trace_key=35d21c9593b945d290646c7c302977d2-1788106144696-07374-_A5re2G&terminal_id=b6cf602e55c147bc876b5703aca0949c&afSmartRedirect=y&gatewayAdapt=glo2usa4itemAdapt,2026-08-30T16:09:20+00:00,misc.3m-5952-vhb
no,200,listing has no title (removed),s.click.aliexpress.com,https://s.click.aliexpress.com/e/_A6swSt,https://www.aliexpress.us/item/3256802054007297.html?spm=a2g0o.productlist.0.0.72b114d4pko5Ox&algo_pvid=717160d9-d115-4ca8-b09d-e3c492509187&algo_expid=717160d9-d115-4ca8-b09d-e3c492509187-9&btsid=0bb0623a16212782976281961e1a61&ws_ab_test=searchweb0_0%2Csearchweb201602_%2Csearchweb201603_&aff_fcid=fcb50dce80b7471abf1aed49fdf01da0-1788105887415-01843-_A6swSt&aff_fsk=_A6swSt&aff_platform=portals-tool&sk=_A6swSt&aff_trace_key=fcb50dce80b7471abf1aed49fdf01da0-1788105887415-01843-_A6swSt&terminal_id=b6cf602e55c147bc876b5703aca0949c&afSmartRedirect=y&gatewayAdapt=glo2usa4itemAdapt,2026-08-30T16:05:03+00:00,frame.makerbeam-xl-15x15-200mm
no,200,listing has no title (removed),s.click.aliexpress.com,https://s.click.aliexpress.com/e/_A7td4j,https://www.aliexpress.us/item/2251832764822265.html?aff_fcid=2d0b42230c594957ac8b187837e6220d-1788106178721-01458-_A7td4j&aff_fsk=_A7td4j&aff_platform=portals-tool&sk=_A7td4j&aff_trace_key=2d0b42230c594957ac8b187837e6220d-1788106178721-01458-_A7td4j&terminal_id=b6cf602e55c147bc876b5703aca0949c&afSmartRedirect=y&gatewayAdapt=glo2usa4itemAdapt,2026-08-30T16:09:54+00:00,misc.6mm-x-3mm-round-neodymium-magnets
no,200,listing has no title (removed),s.click.aliexpress.com,https://s.click.aliexpress.com/e/_ADOH0H,https://www.aliexpress.us/item/3256802937177320.html?spm=a2g0o.productlist.0.0.12e73952aaxQ5B&algo_pvid=daadbb0d-0824-4139-95f4-dfbe96e8446c&algo_exp_id=daadbb0d-0824-4139-95f4-dfbe96e8446c-0&pdp_ext_f=%7B%22sku_id%22%3A%2212000028197487394%22%7D&pdp_npi=2%40dis%21USD%21%21339.3%21%21%21%21%21%40210318d116542100987224801e0f95%2112000028197487394%21sea&aff_fcid=0fe630c62d93445db28439c61dd26cf9-1788106110624-03856-_ADOH0H&tt=CPS_NORMAL&aff_fsk=_ADOH0H&aff_platform=portals-tool&sk=_ADOH0H&aff_trace_key=0fe630c62d93445db28439c61dd26cf9-1788106110624-03856-_ADOH0H&terminal_id=b6cf602e55c147bc876b5703aca0949c&afSmartRedirect=y&gatewayAdapt=glo2usa,2026-08-30T16:08:46+00:00,kits.voron-v0-1-kit-fysetc
no,200,listing has no title (removed),s.click.aliexpress.com,https://s.click.aliexpress.com/e/_AO1X1S,https://www.aliexpress.us/item/2255800516930283.html?spm=a2g0s.9042311.0.0.27424c4dRd7FIZ&aff_fcid=03efa606a44f49f1bac62811c9cc38be-1788104788308-04038-_AO1X1S&tt=CPS_NORMAL&aff_fsk=_AO1X1S&aff_platform=portals-tool&sk=_AO1X1S&aff_trace_key=03efa606a44f49f1bac62811c9cc38be-1788104788308-04038-_AO1X1S&terminal_id=b6cf602e55c147bc876b5703aca0949c&afSmartRedirect=y&gatewayAdapt=glo2usa4itemAdapt,2026-08-30T15:46:44+00:00,cables.22awg-ptfe-wire-250ft-total
no,200,listing has no title (removed),s.click.aliexpress.com,https://s.click.aliexpress.com/e/_AWamq8,https://www.aliexpress.us/item/3256801232493716.html?aff_fcid=62b4ba040bc848e290ede562acf57e13-1788106161743-03890-_AWamq8&aff_fsk=_AWamq8&aff_platform=portals-tool&sk=_AWamq8&aff_trace_key=62b4ba040bc848e290ede562acf57e13-1788106161743-03890-_AWamq8&terminal_id=b6cf602e55c147bc876b5703aca0949c&afSmartRedirect=y&gatewayAdapt=glo2usa4itemAdapt,2026-08-30T16:09:37+00:00,misc.6mm-x-3mm-round-neodymium-magnets
no,200,listing has no title (removed),s.click.aliexpress.com,https://s.click.aliexpress.com/e/_AccRIc,https://www.aliexpress.us/item/2251832813699914.html?aff_fcid=6bd61be6156140baac7a87a41ca256f2-1788104768062-09344-_AccRIc&tt=CPS_NORMAL&aff_fsk=_AccRIc&aff_platform=portals-tool&sk=_AccRIc&aff_trace_key=6bd61be6156140baac7a87a41ca256f2-1788104768062-09344-_AccRIc&terminal_id=b6cf602e55c147bc876b5703aca0949c&afSmartRedirect=y&gatewayAdapt=glo2usa4itemAdapt,2026-08-30T15:46:23+00:00,cables.10x11mm-1-meter-with-3-end-sets-3-fixed-end-3-free-end-r18-18mm-radius
no,200,listing has no title (removed),s.click.aliexpress.com,https://s.click.aliexpress.com/e/_AfncFO,https://www.aliexpress.us/item/2255800516930283.html?spm=a2g0s.9042311.0.0.27424c4dRd7FIZ&aff_fcid=29406038ce5d4b6186397de7662497f9-1788104842221-04506-_AfncFO&tt=CPS_NORMAL&aff_fsk=_AfncFO&aff_platform=portals-tool&sk=_AfncFO&aff_trace_key=29406038ce5d4b6186397de7662497f9-1788104842221-04506-_AfncFO&terminal_id=b6cf602e55c147bc876b5703aca0949c&afSmartRedirect=y&gatewayAdapt=glo2usa4itemAdapt,2026-08-30T15:47:38+00:00,cables.ptfe-wire-20gauge-10ft cables.ptfe-wire-22gauge-100ft-get-5m-of-6-colors-for-30m-total-tin-plated
no,200,listing has no title (removed),s.click.aliexpress.com,https://s.click.aliexpress.com/e/_AkDKU4,https://www.aliexpress.us/item/2251832699177528.html?aff_fcid=a377883de03345d19a2a383199a2da3e-1788105523771-07281-_AkDKU4&tt=CPS_NORMAL&aff_fsk=_AkDKU4&aff_platform=portals-tool&sk=_AkDKU4&aff_trace_key=a377883de03345d19a2a383199a2da3e-1788105523771-07281-_AkDKU4&terminal_id=b6cf602e55c147bc876b5703aca0949c&afSmartRedirect=y&gatewayAdapt=glo2usa4itemAdapt,2026-08-30T15:59:00+00:00,electronics.thermal-fuse
no,200,listing has no title (removed),s.click.aliexpress.com,https://s.click.aliexpress.com/e/_Asx8EC,https://www.aliexpress.us/item/2251832730714306.html?aff_fcid=624716aa004841729f76f8c50da45f31-1788105587960-01146-_Asx8EC&tt=CPS_NORMAL&aff_fsk=_Asx8EC&aff_platform=portals-tool&sk=_Asx8EC&aff_trace_key=624716aa004841729f76f8c50da45f31-1788105587960-01146-_Asx8EC&terminal_id=b6cf602e55c147bc876b5703aca0949c&afSmartRedirect=y&gatewayAdapt=glo2usa4itemAdapt,2026-08-30T16:00:04+00:00,extruder.bmg-extruder-kit-used-for-gears
no,200,listing has no title (removed),s.click.aliexpress.com,https://s.click.aliexpress.com/e/_DBxCtJf,https://www.aliexpress.us/item/2255800003191221.html?aff_fcid=4195369b94e74c2b99696ccf23f357d8-1788105432581-01294-_DBxCtJf&tt=CPS_NORMAL&aff_fsk=_DBxCtJf&aff_platform=shareComponent-detail&sk=_DBxCtJf&aff_trace_key=4195369b94e74c2b99696ccf23f357d8-1788105432581-01294-_DBxCtJf&terminal_id=b6cf602e55c147bc876b5703aca0949c&afSmartRedirect=y&gatewayAdapt=glo2usa,2026-08-30T15:57:27+00:00,electronics.omron-tl-q5mc2-npn-nc-5mm-sense
no,200,listing has no title (removed),s.click.aliexpress.com,https://s.click.aliexpress.com/e/_DknVHRP,https://www.aliexpress.us/item/3256804091360258.html?aff_fcid=51d740070ba5478bb2818c711dc891e3-1788105205237-06300-_DknVHRP&tt=CPS_NORMAL&aff_fsk=_DknVHRP&aff_platform=shareComponent-detail&sk=_DknVHRP&aff_trace_key=51d740070ba5478bb2818c711dc891e3-1788105205237-06300-_DknVHRP&terminal_id=b6cf602e55c147bc876b5703aca0949c&afSmartRedirect=y&gatewayAdapt=glo2usa,2026-08-30T15:53:41+00:00,electronics.3m-5952-vhb-tape-20mm-or-so-is-good
no,200,listing has no title (removed),s.click.aliexpress.com,https://s.click.aliexpress.com/e/_Dl1IOoF,https://www.aliexpress.us/item/3256805810704479.html?aff_fcid=42fd9c09d7c0484294bf80f5b4ccaeef-1788106127773-06988-_Dl1IOoF&tt=CPS_NORMAL&aff_fsk=_Dl1IOoF&aff_platform=shareComponent-detail&sk=_Dl1IOoF&aff_trace_key=42fd9c09d7c0484294bf80f5b4ccaeef-1788106127773-06988-_Dl1IOoF&terminal_id=b6cf602e55c147bc876b5703aca0949c&afSmartRedirect=y&gatewayAdapt=glo2usa,2026-08-30T16:09:03+00:00,kits.voron-v0-1-kit-siboor
no,200,listing has no title (removed),s.click.aliexpress.com,https://s.click.aliexpress.com/e/_d61Z1GI,https://www.aliexpress.us/item/2255801044260145.html?aff_fcid=25f6562c49f44fb6b0d6ef700ad96825-1788106459757-01077-_d61Z1GI&aff_fsk=_d61Z1GI&aff_platform=portals-tool&sk=_d61Z1GI&aff_trace_key=25f6562c49f44fb6b0d6ef700ad96825-1788106459757-01077-_d61Z1GI&terminal_id=b6cf602e55c147bc876b5703aca0949c&afSmartRedirect=y&gatewayAdapt=glo2usa4itemAdapt,2026-08-30T16:14:35+00:00,motion.8mm-t8x8-trapezoidal-acme-lead-screw-200mm-8mm-lead
no,200,listing has no title (removed),s.click.aliexpress.com,https://s.click.aliexpress.com/e/_d6DRiEC,https://www.aliexpress.us/item/2255800863304079.html?aff_fcid=6e20218da2664e44a95603410fce139d-1788105483394-02877-_d6DRiEC&aff_fsk=_d6DRiEC&aff_platform=portals-tool&sk=_d6DRiEC&aff_trace_key=6e20218da2664e44a95603410fce139d-1788105483394-02877-_d6DRiEC&terminal_id=b6cf602e55c147bc876b5703aca0949c&afSmartRedirect=y&gatewayAdapt=glo2usa4itemAdapt,2026-08-30T15:58:19+00:00,electronics.skr-mini-e3-v2
no,200,listing has no title (removed),s.click.aliexpress.com,https://s.click.aliexpress.com/e/_d6GRFTr,https://www.aliexpress.us/item/2251832563555139.html?spm=2114.12010612.8148356.46.2fe37514v5dEe6&aff_fcid=7f956864ab644b0789dff81639ee8ffc-1788106684125-04306-_d6GRFTr&aff_fsk=_d6GRFTr&aff_platform=portals-tool&sk=_d6GRFTr&aff_trace_key=7f956864ab644b0789dff81639ee8ffc-1788106684125-04306-_d6GRFTr&terminal_id=b6cf602e55c147bc876b5703aca0949c&afSmartRedirect=y&gatewayAdapt=glo2usa4itemAdapt,2026-08-30T16:18:19+00:00,motion.integrated-lead-screw-stepper-motors-300mm-2-4-8mm-pitch
no,200,listing has no title (removed),s.click.aliexpress.com,https://s.click.aliexpress.com/e/_d6Ra2OL,https://www.aliexpress.us/item/2251832716939604.html?spm=a2g0o.productlist.0.0.6a897390mFjEsr&algo_pvid=5cc76790-9c03-4d6e-92b9-c8e9b824d149&algo_expid=5cc76790-9c03-4d6e-92b9-c8e9b824d149-8&btsid=0ab50f4915912135560751597e2c8f&ws_ab_test=searchweb0_0%2Csearchweb201602_%2Csearchweb201603_&aff_fcid=db99c76f0f614afeba54fb659331aa1f-1788105411968-07451-_d6Ra2OL&aff_fsk=_d6Ra2OL&aff_platform=portals-tool&sk=_d6Ra2OL&aff_trace_key=db99c76f0f614afeba54fb659331aa1f-1788105411968-07451-_d6Ra2OL&terminal_id=b6cf602e55c147bc876b5703aca0949c&afSmartRedirect=y&gatewayAdapt=glo2usa4itemAdapt,2026-08-30T15:57:08+00:00,electronics.omron-mouse-button-micro-switch
no,200,listing has no title (removed),s.click.aliexpress.com,https://s.click.aliexpress.com/e/_d6jtsAC,https://www.aliexpress.us/item/2251832856239313.html?aff_fcid=25a0afc874094c67a8b0507f2c80fcc2-1788105251017-02462-_d6jtsAC&aff_fsk=_d6jtsAC&aff_platform=link-c-tool&sk=_d6jtsAC&aff_trace_key=25a0afc874094c67a8b0507f2c80fcc2-1788105251017-02462-_d6jtsAC&terminal_id=b6cf602e55c147bc876b5703aca0949c&afSmartRedirect=y&gatewayAdapt=glo2usa4itemAdapt,2026-08-30T15:54:26+00:00,electronics.bigtreetech-skr-mini-e3-v1-2-or-v2
no,200,listing has no title (removed),s.click.aliexpress.com,https://s.click.aliexpress.com/e/_d6r4LYv,https://www.aliexpress.us/item/2251801543713188.html?spm=2114.12010612.8148356.2.5ccb751eoTqsnX&aff_fcid=cc90548d5a7e4d9990f8419cb718d1b1-1788106561724-09479-_d6r4LYv&aff_fsk=_d6r4LYv&aff_platform=portals-tool&sk=_d6r4LYv&aff_trace_key=cc90548d5a7e4d9990f8419cb718d1b1-1788106561724-09479-_d6r4LYv&terminal_id=b6cf602e55c147bc876b5703aca0949c&afSmartRedirect=y&gatewayAdapt=glo2usa4itemAdapt,2026-08-30T16:16:17+00:00,motion.gt2-20t-6mm-wide-pulley-5mm-bore
no,200,listing has no title (removed),s.click.aliexpress.com,https://s.click.aliexpress.com/e/_d7JJtiz,https://www.aliexpress.us/item/2255800287825961.html?spm=a2g0o.productlist.0.0.638976f1G06UcL&algo_pvid=701e6495-5177-4c1b-a199-ece6725fbc88&algo_expid=701e6495-5177-4c1b-a199-ece6725fbc88-0&btsid=0ab6f81615862277987373593e28e1&ws_ab_test=searchweb0_0%2Csearchweb201602_%2Csearchweb201603_&aff_fcid=1b7054b68a9e478594faa4fff73487af-1788105138160-06541-_d7JJtiz&aff_fsk=_d7JJtiz&aff_platform=portals-tool&sk=_d7JJtiz&aff_trace_key=1b7054b68a9e478594faa4fff73487af-1788105138160-06541-_d7JJtiz&terminal_id=b6cf602e55c147bc876b5703aca0949c&afSmartRedirect=y&gatewayAdapt=glo2usa4itemAdapt,2026-08-30T15:52:34+00:00,controller.skr-1-4
no,200,listing has no title (removed),s.click.aliexpress.com,https://s.click.aliexpress.com/e/_d7v3OiO,https://www.aliexpress.us/item/2255800844283115.html?aff_fcid=e9613631e1094d7baa1e192d7680159f-1788106700929-02633-_d7v3OiO&aff_fsk=_d7v3OiO&aff_platform=portals-tool&sk=_d7v3OiO&aff_trace_key=e9613631e1094d7baa1e192d7680159f-1788106700929-02633-_d7v3OiO&terminal_id=b6cf602e55c147bc876b5703aca0949c&afSmartRedirect=y&gatewayAdapt=glo2usa4itemAdapt,2026-08-30T16:18:36+00:00,motion.t8-flange-nut-8mm-lead-anti-backlash-prefered-see-note-section
no,200,listing has no title (removed),s.click.aliexpress.com,https://s.click.aliexpress.com/e/_d8ZR3hm,https://www.aliexpress.us/item/2255800753040099.html?spm=a2g0o.productlist.0.0.5c652150SJUmbo&algo_pvid=2a0e9eed-bfeb-48e0-b1dd-afc5c3d0e17e&algo_expid=2a0e9eed-bfeb-48e0-b1dd-afc5c3d0e17e-0&btsid=0ab6f81e15872321657567466e1e3d&ws_ab_test=searchweb0_0%2Csearchweb201602_%2Csearchweb201603_&aff_fcid=5dedf3526ef84879a6796e85bd304d7b-1788106482924-04419-_d8ZR3hm&aff_fsk=_d8ZR3hm&aff_platform=portals-tool&sk=_d8ZR3hm&aff_trace_key=5dedf3526ef84879a6796e85bd304d7b-1788106482924-04419-_d8ZR3hm&terminal_id=b6cf602e55c147bc876b5703aca0949c&afSmartRedirect=y&gatewayAdapt=glo2usa4itemAdapt,2026-08-30T16:14:58+00:00,motion.f623-rs-bearing
no,200,listing has no title (removed),s.click.aliexpress.com,https://s.click.aliexpress.com/e/_d8iqkZ0,https://www.aliexpress.us/item/2251832787868560.html?spm=a2g0o.productlist.0.0.10965111KqeXad&s=p&ad_pvid=202004141909009680024235955150001794795_2&algo_pvid=15a52890-1ad5-41a5-bf7f-344adaa3db12&algo_expid=15a52890-1ad5-41a5-bf7f-344adaa3db12-1&btsid=0ab6fab215869165405383166e2580&ws_ab_test=searchweb0_0%2Csearchweb201602_%2Csearchweb201603_&aff_fcid=dac80423ae65406e85c5c4e515a1d496-1788105941930-09203-_d8iqkZ0&aff_fsk=_d8iqkZ0&aff_platform=portals-tool&sk=_d8iqkZ0&aff_trace_key=dac80423ae65406e85c5c4e515a1d496-1788105941930-09203-_d8iqkZ0&terminal_id=b6cf602e55c147bc876b5703aca0949c&afSmartRedirect=y&gatewayAdapt=glo2usa4itemAdapt,2026-08-30T16:05:57+00:00,hardware.m2-nut
no,200,listing has no title (removed),s.click.aliexpress.com,https://s.click.aliexpress.com/e/_d8khc8c,https://www.aliexpress.us/item/2251832730714306.html?aff_fcid=409eeaff3f5b494ebd1dd601ba582081-1788105659411-00082-_d8khc8c&aff_fsk=_d8khc8c&aff_platform=portals-tool&sk=_d8khc8c&aff_trace_key=409eeaff3f5b494ebd1dd601ba582081-1788105659411-00082-_d8khc8c&terminal_id=b6cf602e55c147bc876b5703aca0949c&afSmartRedirect=y&gatewayAdapt=glo2usa4itemAdapt,2026-08-30T16:01:15+00:00,extruder.complete-bmg-extruder-clone
no,200,listing has no title (removed),s.click.aliexpress.com,https://s.click.aliexpress.com/e/_d9eOyxH,https://www.aliexpress.us/item/2255800014670770.html?spm=a2g0o.productlist.0.0.726f50c1sorBML&algo_pvid=938e8af4-044b-419c-b6dd-ea9bfe55e589&algo_expid=938e8af4-044b-419c-b6dd-ea9bfe55e589-4&btsid=0ab6f83115911197366996415e3b6e&ws_ab_test=searchweb0_0%2Csearchweb201602_%2Csearchweb201603_&aff_fcid=349ece0d3fa448e3b2ede22cf636fce9-1788105188271-06299-_d9eOyxH&aff_fsk=_d9eOyxH&aff_platform=portals-tool&sk=_d9eOyxH&aff_trace_key=349ece0d3fa448e3b2ede22cf636fce9-1788105188271-06299-_d9eOyxH&terminal_id=b6cf602e55c147bc876b5703aca0949c&afSmartRedirect=y&gatewayAdapt=glo2usa4itemAdapt,2026-08-30T15:53:24+00:00,electronics.3010-blower-fans-24v
no,200,listing has no title (removed),s.click.aliexpress.com,https://s.click.aliexpress.com/e/_dSjU9WW,https://www.aliexpress.us/item/2251832836934128.html?spm=a2g0o.productlist.0.0.6e6123c3PgszKg&algo_pvid=2a8b617c-0699-4def-ae5b-62f695c5ccb1&algo_expid=2a8b617c-0699-4def-ae5b-62f695c5ccb1-5&btsid=0ab6f83115864794312104054e5a51&ws_ab_test=searchweb0_0%2Csearchweb201602_%2Csearchweb201603_&aff_fcid=dccc21949fd44f058ad2cbfa4c73531d-1788105790614-01733-_dSjU9WW&aff_fsk=_dSjU9WW&aff_platform=link-c-tool&sk=_dSjU9WW&aff_trace_key=dccc21949fd44f058ad2cbfa4c73531d-1788105790614-01733-_dSjU9WW&terminal_id=b6cf602e55c147bc876b5703aca0949c&afSmartRedirect=y&gatewayAdapt=glo2usa4itemAdapt,2026-08-30T16:03:26+00:00,fasteners.m3-hammer-head-t-nuts
no,200,listing has no title (removed),s.click.aliexpress.com,https://s.click.aliexpress.com/e/_dTGSCls,https://www.aliexpress.us/item/2251832768280743.html?spm=a2g0o.productlist.0.0.ebfffdc3RtgaPM&algo_pvid=dbdce937-e77e-45aa-9d06-8e5b2623ff40&algo_expid=dbdce937-e77e-45aa-9d06-8e5b2623ff40-24&btsid=0ab6f81e15869565174798788e771a&ws_ab_test=searchweb0_0%2Csearchweb201602_%2Csearchweb201603_&aff_fcid=104d58b03dfc400db934b2a8ef18e6de-1788105857993-05668-_dTGSCls&aff_fsk=_dTGSCls&aff_platform=portals-tool&sk=_dTGSCls&aff_trace_key=104d58b03dfc400db934b2a8ef18e6de-1788105857993-05668-_dTGSCls&terminal_id=b6cf602e55c147bc876b5703aca0949c&afSmartRedirect=y&gatewayAdapt=glo2usa4itemAdapt,2026-08-30T16:04:34+00:00,fasteners.m5-hexnut
no,200,listing has no title (removed),s.click.aliexpress.com,https://s.click.aliexpress.com/e/_dTqN7aZ,https://www.aliexpress.us/item/2251832793316477.html?aff_fcid=7a48d658f6f14a34ab9f846ac959ed92-1788105277613-03888-_dTqN7aZ&aff_fsk=_dTqN7aZ&aff_platform=portals-tool&sk=_dTqN7aZ&aff_trace_key=7a48d658f6f14a34ab9f846ac959ed92-1788105277613-03888-_dTqN7aZ&terminal_id=b6cf602e55c147bc876b5703aca0949c&afSmartRedirect=y&gatewayAdapt=glo2usa4itemAdapt,2026-08-30T15:54:54+00:00,electronics.dc-dc-psu-buck-converter-24v-to-5v
no,200,listing has no title (removed),s.click.aliexpress.com,https://s.click.aliexpress.com/e/_dU6uGpq,https://www.aliexpress.us/item/2251832699177528.html?aff_fcid=c805efc7e5ed4fada1a3590d6880363f-1788104879239-00216-_dU6uGpq&aff_fsk=_dU6uGpq&aff_platform=link-c-tool&sk=_dU6uGpq&aff_trace_key=c805efc7e5ed4fada1a3590d6880363f-1788104879239-00216-_dU6uGpq&terminal_id=b6cf602e55c147bc876b5703aca0949c&afSmartRedirect=y&gatewayAdapt=glo2usa4itemAdapt,2026-08-30T15:48:15+00:00,cables.thermal-fuse-125c cables.thermal-fuse-150c
no,200,listing has no title (removed),s.click.aliexpress.com,https://s.click.aliexpress.com/e/_dUm7jDS,https://www.aliexpress.us/item/2251832766791205.html?aff_fcid=7eb87ea9c10840fd85f294fe790582cc-1788104859074-04244-_dUm7jDS&aff_fsk=_dUm7jDS&aff_platform=link-c-tool&sk=_dUm7jDS&aff_trace_key=7eb87ea9c10840fd85f294fe790582cc-1788104859074-04244-_dUm7jDS&terminal_id=b6cf602e55c147bc876b5703aca0949c&afSmartRedirect=y&gatewayAdapt=glo2usa4itemAdapt,2026-08-30T15:47:54+00:00,cables.silicon-wire-24gauge-100ft-individual-strand-length-total-example-25ft-of-4p-wire-100ft
no,200,listing has no title (removed),s.click.aliexpress.com,https://s.click.aliexpress.com/e/_dUvssaY,https://www.aliexpress.us/item/2255799847678080.html?aff_fcid=4ca6784f7fff4d02a822d56bef5916d1-1788106409098-03210-_dUvssaY&aff_fsk=_dUvssaY&aff_platform=link-c-tool&sk=_dUvssaY&aff_trace_key=4ca6784f7fff4d02a822d56bef5916d1-1788106409098-03210-_dUvssaY&terminal_id=b6cf602e55c147bc876b5703aca0949c&afSmartRedirect=y&gatewayAdapt=glo2usa4itemAdapt,2026-08-30T16:13:45+00:00,motion.110-gt2-belt-loop
no,200,listing has no title (removed),s.click.aliexpress.com,https://s.click.aliexpress.com/e/_dVf8kck,https://www.aliexpress.us/item/2251832630921326.html?spm=a2g0o.productlist.0.0.338d7629cS4QvT&algo_pvid=f25c3df8-e3d5-429c-ad04-7ae6b8ba9800&algo_expid=f25c3df8-e3d5-429c-ad04-7ae6b8ba9800-4&btsid=0ab50f4915841098400648244ee2ba&ws_ab_test=searchweb0_0%2Csearchweb201602_%2Csearchweb201603_&aff_fcid=34cbf8120cad4c12bbf7193600287c87-1788105394641-00000-_dVf8kck&aff_fsk=_dVf8kck&aff_platform=link-c-tool&sk=_dVf8kck&aff_trace_key=34cbf8120cad4c12bbf7193600287c87-1788105394641-00000-_dVf8kck&terminal_id=b6cf602e55c147bc876b5703aca0949c&afSmartRedirect=y&gatewayAdapt=glo2usa4itemAdapt,2026-08-30T15:56:50+00:00,electronics.nylon-pcb-standoff-kit-m3
no,200,listing has no title (removed),s.click.aliexpress.com,https://s.click.aliexpress.com/e/_dWBgQGQ,https://www.aliexpress.us/item/2255800699988280.html?spm=a2g0o.productlist.0.0.299d38f6YkNC8B&algo_pvid=de33ec77-1a86-4816-afb9-714ff6e89a0f&algo_expid=de33ec77-1a86-4816-afb9-714ff6e89a0f-5&btsid=0ab6f82c15869570116432111e7d1a&ws_ab_test=searchweb0_0%2Csearchweb201602_%2Csearchweb201603_&aff_fcid=9aa044a05378432390c66d123f065254-1788105998444-04977-_dWBgQGQ&aff_fsk=_dWBgQGQ&aff_platform=portals-tool&sk=_dWBgQGQ&aff_trace_key=9aa044a05378432390c66d123f065254-1788105998444-04977-_dWBgQGQ&terminal_id=b6cf602e55c147bc876b5703aca0949c&afSmartRedirect=y&gatewayAdapt=glo2usa4itemAdapt,2026-08-30T16:06:54+00:00,hardware.makerbeam-xl-m3-t-nut
no,200,listing has no title (removed),s.click.aliexpress.com,https://s.click.aliexpress.com/e/_dWCbUww,https://www.aliexpress.us/item/2251832651771930.html?spm=a2g0o.productlist.0.0.164d2a73dLztHB&algo_pvid=ee718ab9-f243-4569-9166-eef4d568bbb7&algo_expid=ee718ab9-f243-4569-9166-eef4d568bbb7-21&btsid=0ab50f6115869657118738996e9524&ws_ab_test=searchweb0_0%2Csearchweb201602_%2Csearchweb201603_&aff_fcid=0c459d92f26e4f42a1ad8f0163d653df-1788104636404-01712-_dWCbUww&aff_fsk=_dWCbUww&aff_platform=portals-tool&sk=_dWCbUww&aff_trace_key=0c459d92f26e4f42a1ad8f0163d653df-1788104636404-01712-_dWCbUww&terminal_id=b6cf602e55c147bc876b5703aca0949c&afSmartRedirect=y&gatewayAdapt=glo2usa4itemAdapt,2026-08-30T15:44:12+00:00,bowden.bowden-tubing-4mmod-2mmid-1-meter
no,200,listing has no title (removed),s.click.aliexpress.com,https://s.click.aliexpress.com/e/_dWk7zQ2,https://www.aliexpress.us/item/2255800884526130.html?spm=a2g0s.13010208.0.0.7bceLm6QLm6Qpt&gps-id=pay_success&scm=1007.13409.84631.0&scm_id=1007.13409.84631.0&scm-url=1007.13409.84631.0&pvid=43712d9e-5f5c-47d3-ab99-a583d2ff5a86&aff_fcid=6623613a7cd84bee8b8c7afd454a52e9-1788105904562-01321-_dWk7zQ2&aff_fsk=_dWk7zQ2&aff_platform=portals-tool&sk=_dWk7zQ2&aff_trace_key=6623613a7cd84bee8b8c7afd454a52e9-1788105904562-01321-_dWk7zQ2&terminal_id=b6cf602e55c147bc876b5703aca0949c&afSmartRedirect=y&gatewayAdapt=glo2usa4itemAdapt,2026-08-30T16:05:20+00:00,frame.makerbeam-xl-15x15-200mm
no,200,listing has no title (removed),s.click.aliexpress.com,https://s.click.aliexpress.com/e/_dXhqMto,https://www.aliexpress.us/item/2251832777528455.html?spm=a2g0o.productlist.0.0.3d9e18bc3c7gWk&s=p&ad_pvid=2020041505352510923201811649400003050191_2&algo_pvid=277d1cee-99eb-41b8-bf87-223da786e2e5&algo_expid=277d1cee-99eb-41b8-bf87-223da786e2e5-1&btsid=0ab50f0815869541255021935e8948&ws_ab_test=searchweb0_0%2Csearchweb201602_%2Csearchweb201603_&aff_fcid=9b227268302f43ff9001a8688ef97f1b-1788104808329-06186-_dXhqMto&aff_fsk=_dXhqMto&aff_platform=portals-tool&sk=_dXhqMto&aff_trace_key=9b227268302f43ff9001a8688ef97f1b-1788104808329-06186-_dXhqMto&terminal_id=b6cf602e55c147bc876b5703aca0949c&afSmartRedirect=y&gatewayAdapt=glo2usa4itemAdapt,2026-08-30T15:47:04+00:00,cables.jst-connectors-2pin-3pin-4pin
no,200,listing has no title (removed),s.click.aliexpress.com,https://s.click.aliexpress.com/e/_dYUPJWe,https://www.aliexpress.us/item/2251832817452042.html?spm=a2g0o.productlist.0.0.22025b74kqMCRu&algo_pvid=6baf89c6-22a3-4d4b-95f4-06a461709058&algo_expid=6baf89c6-22a3-4d4b-95f4-06a461709058-1&btsid=0ab50f4915869568648372875e2df2&ws_ab_test=searchweb0_0%2Csearchweb201602_%2Csearchweb201603_&aff_fcid=41a4b9cd9696495aa6c5992e4f3f941d-1788105971376-04809-_dYUPJWe&aff_fsk=_dYUPJWe&aff_platform=portals-tool&sk=_dYUPJWe&aff_trace_key=41a4b9cd9696495aa6c5992e4f3f941d-1788105971376-04809-_dYUPJWe&terminal_id=b6cf602e55c147bc876b5703aca0949c&afSmartRedirect=y&gatewayAdapt=glo2usa4itemAdapt,2026-08-30T16:06:27+00:00,hardware.m3x25-bhcs
no,200,listing has no title (removed),s.click.aliexpress.com,https://s.click.aliexpress.com/e/_dZMQYRT,https://www.aliexpress.us/item/2255800287825961.html?spm=a2g0o.productlist.0.0.3dfc1f62ViYTj3&algo_pvid=6e7d0bfe-c3c1-4695-b227-184672367f9c&algo_expid=6e7d0bfe-c3c1-4695-b227-184672367f9c-0&btsid=0ab6d70515862093587446949e30ef&ws_ab_test=searchweb0_0%2Csearchweb201602_%2Csearchweb201603_&aff_fcid=5dcaa097a6794de181a2725d0ed16121-1788105121172-07136-_dZMQYRT&aff_fsk=_dZMQYRT&aff_platform=portals-tool&sk=_dZMQYRT&aff_trace_key=5dcaa097a6794de181a2725d0ed16121-1788105121172-07136-_dZMQYRT&terminal_id=b6cf602e55c147bc876b5703aca0949c&afSmartRedirect=y&gatewayAdapt=glo2usa4itemAdapt,2026-08-30T15:52:17+00:00,controller.skr-1-4
no,200,listing has no title (removed),s.click.aliexpress.com,https://s.click.aliexpress.com/e/_dZtuHpY,https://www.aliexpress.us/item/2251832777528455.html?aff_fcid=e5b0b080cadf485ead3918fee120a975-1788104825428-05958-_dZtuHpY&aff_fsk=_dZtuHpY&aff_platform=link-c-tool&sk=_dZtuHpY&aff_trace_key=e5b0b080cadf485ead3918fee120a975-1788104825428-05958-_dZtuHpY&terminal_id=b6cf602e55c147bc876b5703aca0949c&afSmartRedirect=y&gatewayAdapt=glo2usa4itemAdapt,2026-08-30T15:47:21+00:00,cables.jst-xh-female-pin
no,200,listing has no title (removed),s.click.aliexpress.com,https://s.click.aliexpress.com/e/d0f9GzOY,https://www.aliexpress.us/item/2251832828748889.html?aff_fcid=d97c121c4bd3479aa92f0b24fed60f72-1788104653618-01395-d0f9GzOY&aff_fsk=d0f9GzOY&aff_platform=link-c-tool&sk=d0f9GzOY&aff_trace_key=d97c121c4bd3479aa92f0b24fed60f72-1788104653618-01395-d0f9GzOY&terminal_id=b6cf602e55c147bc876b5703aca0949c&afSmartRedirect=y&gatewayAdapt=glo2usa4itemAdapt,2026-08-30T15:44:29+00:00,buildplate.high-temperature-magnet
no,200,listing has no title (removed),s.click.aliexpress.com,https://s.click.aliexpress.com/e/d6RFuj4y,https://www.aliexpress.us/item/2251832805604929.html?aff_fcid=86ac872b129b427587dfcea575959bbb-1788106650075-08851-d6RFuj4y&aff_fsk=d6RFuj4y&aff_platform=link-c-tool&sk=d6RFuj4y&aff_trace_key=86ac872b129b427587dfcea575959bbb-1788106650075-08851-d6RFuj4y&terminal_id=b6cf602e55c147bc876b5703aca0949c&gatewayAdapt=glo2usa4itemAdapt,2026-08-30T16:17:45+00:00,motion.gt2-open-belt-ll-2gt-6-6mm-wide-length-dependant-on-config
no,200,listing has no title (removed),s.click.aliexpress.com,https://s.click.aliexpress.com/e/dPyoa9Vq,https://www.aliexpress.us/item/2251832728878289.html?aff_fcid=2f3e64c95d5342618e53effc79b0f96b-1788105360598-06095-dPyoa9Vq&aff_fsk=dPyoa9Vq&aff_platform=link-c-tool&sk=dPyoa9Vq&aff_trace_key=2f3e64c95d5342618e53effc79b0f96b-1788105360598-06095-dPyoa9Vq&terminal_id=b6cf602e55c147bc876b5703aca0949c&afSmartRedirect=y&gatewayAdapt=glo2usa4itemAdapt,2026-08-30T15:56:16+00:00,electronics.nema17-motor-with-leadscrew-17ls19-1684e-300g
no,200,listing has no title (removed),s.click.aliexpress.com,https://s.click.aliexpress.com/e/dvRGxOu0,https://www.aliexpress.us/item/2251832699177528.html?aff_fcid=4a74d2500f4b49ea8b5166a983768dbc-1788105541090-08270-dvRGxOu0&aff_fsk=dvRGxOu0&aff_platform=link-c-tool&sk=dvRGxOu0&aff_trace_key=4a74d2500f4b49ea8b5166a983768dbc-1788105541090-08270-dvRGxOu0&terminal_id=b6cf602e55c147bc876b5703aca0949c&afSmartRedirect=y&gatewayAdapt=glo2usa4itemAdapt,2026-08-30T15:59:16+00:00,electronics.thermal-fuse
no,200,listing has no title (removed),s.click.aliexpress.com,https://s.click.aliexpress.com/e/dwLwtM7O,https://www.aliexpress.us/item/2251832662651194.html?aff_fcid=9c1e543b8eb642ba86e5d61d0a54b20b-1788104922524-09625-dwLwtM7O&aff_fsk=dwLwtM7O&aff_platform=link-c-tool&sk=dwLwtM7O&aff_trace_key=9c1e543b8eb642ba86e5d61d0a54b20b-1788104922524-09625-dwLwtM7O&terminal_id=b6cf602e55c147bc876b5703aca0949c&gatewayAdapt=glo2usa4itemAdapt,2026-08-30T15:48:58+00:00,controller.a4988-stepper-motor-driver
no,200,listing has no title (removed),s.click.aliexpress.com,https://s.click.aliexpress.com/e/kff2VwTW,https://www.aliexpress.us/item/2251832617556167.html?aff_fcid=0c9f75dafbf94421bee7ad47a265b28b-1788105449046-05885-kff2VwTW&aff_fsk=kff2VwTW&aff_platform=link-c-tool&sk=kff2VwTW&aff_trace_key=0c9f75dafbf94421bee7ad47a265b28b-1788105449046-05885-kff2VwTW&terminal_id=b6cf602e55c147bc876b5703aca0949c&gatewayAdapt=glo2usa4itemAdapt,2026-08-30T15:57:45+00:00,electronics.pl-08n-inductive-probe
no,200,listing has no title (removed),s.click.aliexpress.com,https://s.click.aliexpress.com/e/kptqUO68,https://www.aliexpress.us/item/2251832783939059.html?aff_fcid=50b87363de5b47f49a310dfbe3ba3ad6-1788106385765-00473-kptqUO68&aff_fsk=kptqUO68&aff_platform=link-c-tool&sk=kptqUO68&aff_trace_key=50b87363de5b47f49a310dfbe3ba3ad6-1788106385765-00473-kptqUO68&terminal_id=b6cf602e55c147bc876b5703aca0949c&afSmartRedirect=y&gatewayAdapt=glo2usa4itemAdapt,2026-08-30T16:13:21+00:00,misc.nozzle-scrubber-brush
no,200,listing has no title (removed),s.click.aliexpress.com,https://s.click.aliexpress.com/e/lDGrz3WY,https://www.aliexpress.us/item/2251832247530507.html?aff_fcid=2a3149b6dbe3412f9324f72385e42d9d-1788106216272-00711-lDGrz3WY&aff_fsk=lDGrz3WY&aff_platform=link-c-tool&sk=lDGrz3WY&aff_trace_key=2a3149b6dbe3412f9324f72385e42d9d-1788106216272-00711-lDGrz3WY&terminal_id=b6cf602e55c147bc876b5703aca0949c&afSmartRedirect=y&gatewayAdapt=glo2usa4itemAdapt,2026-08-30T16:10:32+00:00,misc.bowden-tube
no,200,listing has no title (removed),s.click.aliexpress.com,https://s.click.aliexpress.com/e/lYwkoQrW,https://www.aliexpress.us/item/2251832693761537.html?aff_fcid=c23670fc164442c081d650b4755775bf-1788105008682-06093-lYwkoQrW&aff_fsk=lYwkoQrW&aff_platform=link-c-tool&sk=lYwkoQrW&aff_trace_key=c23670fc164442c081d650b4755775bf-1788105008682-06093-lYwkoQrW&terminal_id=b6cf602e55c147bc876b5703aca0949c&afSmartRedirect=y&gatewayAdapt=glo2usa4itemAdapt,2026-08-30T15:50:25+00:00,controller.duet-2-pt100-daughter-board
no,200,listing has no title (removed),s.click.aliexpress.com,https://s.click.aliexpress.com/e/lZCUQlFa,https://www.aliexpress.us/item/2251832562113461.html?aff_fcid=7a0ac34e68d447d196824ae568f38da6-1788105736093-05187-lZCUQlFa&aff_fsk=lZCUQlFa&aff_platform=link-c-tool&sk=lZCUQlFa&aff_trace_key=7a0ac34e68d447d196824ae568f38da6-1788105736093-05187-lZCUQlFa&terminal_id=b6cf602e55c147bc876b5703aca0949c&afSmartRedirect=y&gatewayAdapt=glo2usa4itemAdapt,2026-08-30T16:02:32+00:00,fasteners.m2x10-self-tapping-screw-for-plastics fasteners.m2x12-self-tapping-screw-for-plastics
no,200,listing has no title (removed),s.click.aliexpress.com,https://s.click.aliexpress.com/e/lmwjkE8o,https://www.aliexpress.us/item/2251832726852465.html?aff_fcid=8116dd87c8bc4fe794504b636e6b2529-1788104956987-06654-lmwjkE8o&aff_fsk=lmwjkE8o&aff_platform=link-c-tool&sk=lmwjkE8o&aff_trace_key=8116dd87c8bc4fe794504b636e6b2529-1788104956987-06654-lmwjkE8o&terminal_id=b6cf602e55c147bc876b5703aca0949c&gatewayAdapt=glo2usa4itemAdapt,2026-08-30T15:49:33+00:00,controller.arduino-mega-2560
no,200,listing has no title (removed),s.click.aliexpress.com,https://s.click.aliexpress.com/e/nBMZN9KC,https://www.aliexpress.us/item/2251832562113461.html?aff_fcid=81f04e0886ad43eab4d506de19b30f04-1788105719074-06080-nBMZN9KC&aff_fsk=nBMZN9KC&aff_platform=link-c-tool&sk=nBMZN9KC&aff_trace_key=81f04e0886ad43eab4d506de19b30f04-1788105719074-06080-nBMZN9KC&terminal_id=b6cf602e55c147bc876b5703aca0949c&afSmartRedirect=y&gatewayAdapt=glo2usa4itemAdapt,2026-08-30T16:02:15+00:00,fasteners.m2-x-12-or-13mm-plastite-self-tapping-screw
no,200,listing has no title (removed),s.click.aliexpress.com,https://s.click.aliexpress.com/e/nUxz35FK,https://www.aliexpress.us/item/2251832665328070.html?aff_fcid=33edeaccd4b64d2299b24875ef659041-1788105103268-06377-nUxz35FK&aff_fsk=nUxz35FK&aff_platform=link-c-tool&sk=nUxz35FK&aff_trace_key=33edeaccd4b64d2299b24875ef659041-1788105103268-06377-nUxz35FK&terminal_id=b6cf602e55c147bc876b5703aca0949c&gatewayAdapt=glo2usa4itemAdapt,2026-08-30T15:52:00+00:00,controller.reprap-full-graphics-display
no,200,listing has no title (removed),s.click.aliexpress.com,https://s.click.aliexpress.com/e/nmBEDWOM,https://www.aliexpress.us/item/2251832726852465.html?aff_fcid=0176ba263e8e4d3d893af6d97e235c53-1788104974427-06152-nmBEDWOM&aff_fsk=nmBEDWOM&aff_platform=link-c-tool&sk=nmBEDWOM&aff_trace_key=0176ba263e8e4d3d893af6d97e235c53-1788104974427-06152-nmBEDWOM&terminal_id=b6cf602e55c147bc876b5703aca0949c&gatewayAdapt=glo2usa4itemAdapt,2026-08-30T15:49:50+00:00,controller.arduino-mega-2560
no,200,listing has no title (removed),s.click.aliexpress.com,https://s.click.aliexpress.com/e/o13WMHVe,https://www.aliexpress.us/item/2251832760906558.html?aff_fcid=b818fd1607a547a98021cae75f17cd79-1788105043765-05260-o13WMHVe&aff_fsk=o13WMHVe&aff_platform=link-c-tool&sk=o13WMHVe&aff_trace_key=b818fd1607a547a98021cae75f17cd79-1788105043765-05260-o13WMHVe&terminal_id=b6cf602e55c147bc876b5703aca0949c&afSmartRedirect=y&gatewayAdapt=glo2usa4itemAdapt,2026-08-30T15:51:00+00:00,controller.duet-maestro
no,200,listing has no title (removed),s.click.aliexpress.com,https://s.click.aliexpress.com/e/pqgskdNI,https://www.aliexpress.us/item/2251832665328070.html?aff_fcid=098f2dd0ba4745b9a04213a37a9eeeee-1788105070565-09539-pqgskdNI&aff_fsk=pqgskdNI&aff_platform=link-c-tool&sk=pqgskdNI&aff_trace_key=098f2dd0ba4745b9a04213a37a9eeeee-1788105070565-09539-pqgskdNI&terminal_id=b6cf602e55c147bc876b5703aca0949c&gatewayAdapt=glo2usa4itemAdapt,2026-08-30T15:51:26+00:00,controller.reprap-full-graphics-display
no,200,listing has no title (removed),s.click.aliexpress.com,https://s.click.aliexpress.com/e/rj7xkF04,https://www.aliexpress.us/item/2251832512706889.html?aff_fcid=a32795de69db417dbe45a524ca461c2b-1788104899300-07062-rj7xkF04&aff_fsk=rj7xkF04&aff_platform=link-c-tool&sk=rj7xkF04&aff_trace_key=a32795de69db417dbe45a524ca461c2b-1788104899300-07062-rj7xkF04&terminal_id=b6cf602e55c147bc876b5703aca0949c&afSmartRedirect=y&gatewayAdapt=glo2usa4itemAdapt,2026-08-30T15:48:35+00:00,controller.2-pin-kk-connector-housing
no,200,listing has no title (removed),s.click.aliexpress.com,https://s.click.aliexpress.com/e/rmMnnj2o,https://www.aliexpress.us/item/2251832804472217.html?aff_fcid=50b85ba6d76644b5b5df2d7aeaf67073-1788104696918-04855-rmMnnj2o&aff_fsk=rmMnnj2o&aff_platform=link-c-tool&sk=rmMnnj2o&aff_trace_key=50b85ba6d76644b5b5df2d7aeaf67073-1788104696918-04855-rmMnnj2o&terminal_id=b6cf602e55c147bc876b5703aca0949c&afSmartRedirect=y&gatewayAdapt=glo2usa4itemAdapt,2026-08-30T15:45:12+00:00,buildplate.spring-steel-bed-kit-with-pei-and-magnet
no,404,http 404,schallenkammer.de,https://www.schallenkammer.de/magnetfolien/magnetfolie-200.html,,2026-08-30T15:28:38+00:00,buildplate.high-temperature-magnet
no,404,http 404,shop.sdp-si.com,https://shop.sdp-si.com/catalog/product?id=A+6R51M094060,,2026-08-30T16:58:52+00:00,motion.gt2-20t-6mm-wide-pulley-5mm-bore motion.gt2-belt-loop-6mm-wide-188mm
no,404,http 404,shop.sdp-si.com,https://shop.sdp-si.com/catalog/product?id=A_6R51M055060,,2026-08-30T16:46:05+00:00,motion.gt2-belt-loop-6mm-wide-110mm
no,404,http 404,shop.sdp-si.com,https://shop.sdp-si.com/catalog/product?id=A_6R51MC060,,2026-08-30T16:40:17+00:00,motion.gt2-open-belt-ll-2gt-6-6mm-wide motion.gt2-open-belt-ll-2gt-6-6mm-wide-1500mm motion.gt2-open-belt-ll-2gt-6-6mm-wide-length-dependant-on-config
no,404,http 404,shop.sdp-si.com,https://shop.sdp-si.com/catalog/product?id=A_6R51MC090,,2026-08-30T16:40:21+00:00,motion.gt2-open-belt-ll-2gt-6-9mm-wide-length-dependant-on-config motion.gt2-open-belt-ll-2gt-9-9mm-wide-length-dependant-on-config
no,404,http 404,smile.amazon.com,https://smile.amazon.com/Tacklife-DC01-Fractions-Millimeter-Conversion/dp/B072KGHRML,https://www.amazon.com:443/Tacklife-DC01-Fractions-Millimeter-Conversion/dp/B072KGHRML,2026-08-30T17:06:36+00:00,tools.6in-digital-calipers
no,404,http 404,villageplastics.com,https://www.villageplastics.com/product/abs,https://www.villageplastics.com/product-page/abs-filament,2026-08-30T15:28:47+00:00,filament.primary-color-black filament.secondary-color-red
no,404,http 404,zyltech.com,https://www.zyltech.com/ramps-1-4-3d-printer-controller-mega-2560-atmega16u2-atmega2560-5x-a4988-2a-drivers,https://www.zyltech.com/ramps-1-4-3d-printer-controller-mega-2560-atmega16u2-atmega2560-5x-a4988-2a-drivers/,2026-08-30T15:28:52+00:00,controller.a4988-stepper-motor-driver controller.arduino-mega-2560 controller.ramps-1-4
maybe,403,http 403,arrow.com,https://www.arrow.com/en/products/raspberrypi3b/raspberry-pi-foundation,,2026-08-30T17:00:42+00:00,controller.raspberrypi3-b controller.raspberrypi3-b-dont-get-a-4-they-have-issues
maybe,403,bot check or login wall,arrow.com,https://www.arrow.com/en/products/raspberrypi4-2gb/raspberry-pi-foundation,https://www.arrow.com/en/products/raspberrypi4-2gb/raspberry-pi-foundation,2026-08-30T17:00:42+00:00,controller.raspberry-pi-4-2gb
maybe,403,http 403,arrow.com,https://www.arrow.com/en/products/raspberrypi4/raspberry-pi-foundation,,2026-08-30T17:00:44+00:00,controller.raspberrypi4
maybe,,skipped - bot check cannot be cleared,cnckitchenus.store,https://cnckitchenus.store/products/heat-set-insert-m5-x-5-8-short-version-50-pieces,,2026-08-30T17:00:44+00:00,fasteners.m5-heat-set-inserts-m5xd7xl6
maybe,,skipped - bot check cannot be cleared,cnckitchenus.store,https://cnckitchenus.store/products/made-for-voron-gewindeeinsatz-threaded-insert-m3x5x4-100-stk-pcs,,2026-08-30T17:00:44+00:00,fasteners.m3-heat-set-insert-m3x5x4
maybe,,skipped - bot check cannot be cleared,harborfreight.com,https://www.harborfreight.com/6-in-digital-caliper-with-sae-and-metric-fractional-readings-63731.html,,2026-08-30T17:02:03+00:00,tools.6in-digital-calipers
maybe,403,bot check or login wall,mouser.com,https://www.mouser.com/ProductDetail/Crydom/ED24D3?qs=C7H2C2ytqFX%2Fs1r7lyp2Iw%3D%3D,https://www.mouser.com/ProductDetail/Crydom/ED24D3?qs=C7H2C2ytqFX%2Fs1r7lyp2Iw%3D%3D,2026-08-30T16:58:39+00:00,electronics.crydom-ed24d3-ssr
maybe,403,http 403,mouser.com,https://www.mouser.com/ProductDetail/MEAN-WELL/LRS-150-24?qs=%2Fha2pyFadujaj%2F6cO0Hh6kYnnLsf9IOqcNQ0fcoOAnOylsolKT1NZQ%3D%3D,,2026-08-30T17:03:35+00:00,electronics.meanwell-lrs-150-24
maybe,200,bot check or login wall,mouser.com,https://www.mouser.com/ProductDetail/Omron-Automation-and-Safety/TL-Q5MC2?qs=%2Fha2pyFadujGSyouhW07bDypqQHk8q5KtPum7PUL424%3D,,2026-08-30T17:03:36+00:00,electronics.omron-tl-q5mc2-npn-nc-5mm-sense
maybe,200,bot check or login wall,mouser.com,https://www.mouser.com/ProductDetail/TE-Connectivity-PB/10EGG1-1?qs=vcjNRp8H9z1CsIf%2F5OknUw%3D%3D,,2026-08-30T17:03:38+00:00,electronics.tycoelectronics-10egg1-1-normal-or-10ehg1-1-medical-filtered-power-inlet
maybe,200,bot check or login wall,mouser.com,https://www.mouser.com/ProductDetail/TE-Connectivity-PB/10EGG1-2?qs=vcjNRp8H9z2nhEkRL4AXYw%3D%3D,,2026-08-30T17:03:39+00:00,electronics.tycoelectronics-10egg1-2-normal-or-10ehg1-2-medical-filtered-power-inlet
maybe,200,bot check or login wall,mouser.com,https://www.mouser.com/ProductDetail/ZF/WRG32F2BBRLN?qs=%2Fha2pyFadugTPgk3aI89ZNgIRYXUDJ2iew%252BR%252BPzJE%2FSagvnd6sid0w%3D%3D,,2026-08-30T17:03:41+00:00,electronics.zf-rocker-switches-dpst-16a-on-off
maybe,200,bot check or login wall,mouser.com,https://www.mouser.com/productdetail/mean-well/lrs-100-24?qs=vDxCgdWo2h8VcCv3wQzZdg%3D%3D,https://www.mouser.com/productdetail/mean-well/lrs-100-24?qs=vDxCgdWo2h8VcCv3wQzZdg%3D%3D,2026-08-30T17:03:34+00:00,electronics.meanwell-lrs-100-24
maybe,,browser error: WebDriverException,openbuildspartstore.com,https://openbuildspartstore.com/black-angle-corner-connector,,2026-08-30T17:03:42+00:00,frame.openbuilds-angle-corner-connector
maybe,403,bot check or login wall,tapplastics.com,https://www.tapplastics.com/product/plastics/cut_to_size_plastic/acrylic_sheets_clear/508,https://www.tapplastics.com/product/plastics/cut_to_size_plastic/acrylic_sheets_clear/508,2026-08-30T16:48:07+00:00,panels.side-front-top-acrylic-panels.voron-2.4
yes,200,listing has a title,a.aliexpress.com,https://a.aliexpress.com/_mseXbAP,https://www.aliexpress.us/item/3256801282730627.html?srcSns=sns_Copy&spreadType=socialShare&bizType=ProductDetail&social_params=20279310410&aff_fcid=a619ceede44e4e2e844e118612d398da-1788101619462-01683-_mseXbAP&tt=MG&aff_fsk=_mseXbAP&aff_platform=default&sk=_mseXbAP&aff_trace_key=a619ceede44e4e2e844e118612d398da-1788101619462-01683-_mseXbAP&shareId=20279310410&businessType=ProductDetail&platform=AE&terminal_id=f619b8131428493092802deeb50f4058&afSmartRedirect=y&gatewayAdapt=glo2usa4itemAdapt&_randl_shipto=US,2026-08-30T14:53:39+00:00,vibration-management.rubber-foot
yes,200,http 200,adafruit.com,https://www.adafruit.com/product/3775,,2026-08-30T14:53:38+00:00,electronics.raspberry-pi-3
yes,200,listing has a title,aliexpress.com,https://www.aliexpress.com/item/1000003765116.html,https://www.aliexpress.us/item/2252799817450364.html?gatewayAdapt=glo2usa4itemAdapt,2026-08-30T15:43:11+00:00,tools.m5-tap tools.m6-tap
yes,200,listing has a title,aliexpress.com,https://www.aliexpress.com/item/1005001408141263.html,https://www.aliexpress.us/item/3256801221826511.html?gatewayAdapt=glo2usa4itemAdapt,2026-08-30T15:35:39+00:00,misc.bowden-tube misc.bowden-tube-4mm-od-id-depends-on-extruder-type misc.ptfe-tube
yes,200,listing has a title,aliexpress.com,https://www.aliexpress.com/item/1005001464730686.html,https://www.aliexpress.us/item/3256801278415934.html?gatewayAdapt=glo2usa4itemAdapt,2026-08-30T15:27:00+00:00,electronics.40x40x20-centrifugal-blower-fan-ball-bearing-24v
yes,200,listing has a title,aliexpress.com,https://www.aliexpress.com/item/1005002324070189.html,https://www.aliexpress.us/item/3256802137755437.html?gatewayAdapt=glo2usa4itemAdapt,2026-08-30T16:24:43+00:00,controller.6-stepper-controller-or-multiple-to-equal-6-steppers
yes,200,listing has a title,aliexpress.com,https://www.aliexpress.com/item/1005002611654405.html,https://www.aliexpress.us/item/3256802425339653.html?gatewayAdapt=glo2usa4itemAdapt,2026-08-30T16:24:47+00:00,controller.6-stepper-controller-or-multiple-to-equal-6-steppers
yes,200,listing has a title,aliexpress.com,https://www.aliexpress.com/item/1739093502.html,https://www.aliexpress.us/item/2251801552778750.html?gatewayAdapt=glo2usa4itemAdapt,2026-08-30T15:37:24+00:00,motion.5mm-x-45mm-shaft-grind-flat motion.5mm-x-50mm-shaft motion.5x26mm-shaft motion.5x28mm-shaft-you-can-cut-down-a-30mm-bed-height-will-change-this motion.5x30mm-shaft motion.5x50mm-shaft-grind-flat motion.5x60mm-shaft-grind-flat
yes,200,listing has a title,aliexpress.com,https://www.aliexpress.com/item/1744808992.html,https://www.aliexpress.us/item/2251801558494240.html?gatewayAdapt=glo2usa4itemAdapt,2026-08-30T15:37:59+00:00,motion.gt2-16t-6mm-wide-pulley-5mm-bore
yes,200,listing has a title,aliexpress.com,https://www.aliexpress.com/item/1837021682.html,https://www.aliexpress.us/item/2251801650706930.html?gatewayAdapt=glo2usa4itemAdapt,2026-08-30T15:38:52+00:00,motion.gt2-belt-loop-6mm-wide-150mm
yes,200,listing has a title,aliexpress.com,https://www.aliexpress.com/item/2251832643511407.html,https://www.aliexpress.us/item/2251832643511407.html?gatewayAdapt=glo2usa,2026-08-30T15:40:23+00:00,motion.linear-rail-mgn12h-see-configurator-for-length
yes,200,listing has a title,aliexpress.com,https://www.aliexpress.com/item/2251832663198775.html,https://www.aliexpress.us/item/2251832663198775.html?gatewayAdapt=glo2usa,2026-08-30T15:27:41+00:00,electronics.inductive-probe electronics.omron-tl-q5mc2-npn-nc-5mm-sense
yes,200,listing has a title,aliexpress.com,https://www.aliexpress.com/item/2251832800625551.html,https://www.aliexpress.us/item/2251832800625551.html?gatewayAdapt=glo2usa&_randl_shipto=US,2026-08-30T14:53:51+00:00,buildplate.magnetic-sheet-pei-optional
yes,200,listing has a title,aliexpress.com,https://www.aliexpress.com/item/2251832870888463.html,https://www.aliexpress.us/item/2251832870888463.html?gatewayAdapt=glo2usa,2026-08-30T15:32:49+00:00,hardware.m2x6-shcs hardware.m2x8-shcs
yes,200,listing has a title,aliexpress.com,https://www.aliexpress.com/item/2255799834871688.html,https://www.aliexpress.us/item/2255799834871688.html?gatewayAdapt=glo2usa,2026-08-30T15:29:49+00:00,extruder.bmg-extruder-kit-used-for-gears
yes,200,listing has a title,aliexpress.com,https://www.aliexpress.com/item/32226562320.html,https://www.aliexpress.us/item/2251832040247568.html?gatewayAdapt=glo2usa4itemAdapt,2026-08-30T15:38:03+00:00,motion.gt2-20t-6mm-wide-pulley-5mm-bore
yes,200,listing has a title,aliexpress.com,https://www.aliexpress.com/item/32261426948.html,https://www.aliexpress.us/item/2251832075112196.html?gatewayAdapt=glo2usa4itemAdapt,2026-08-30T15:40:18+00:00,motion.linear-bearings-lm8luu
yes,200,listing has a title,aliexpress.com,https://www.aliexpress.com/item/32572890101.html,https://www.aliexpress.us/item/2251832386575349.html?gatewayAdapt=glo2usa4itemAdapt,2026-08-30T15:28:15+00:00,electronics.nema17-motor-17hs19-2004s electronics.nema17-motor-17hs19-2004s-min-35mm-shaft-for-double-shear
yes,200,listing has a title,aliexpress.com,https://www.aliexpress.com/item/32585429251.html,https://www.aliexpress.us/item/2251832399114499.html?gatewayAdapt=glo2usa4itemAdapt,2026-08-30T15:27:44+00:00,electronics.nema17-motor-17hs08-1004s
yes,200,listing has a title,aliexpress.com,https://www.aliexpress.com/item/32589488227.html,https://www.aliexpress.us/item/2251832403173475.html?gatewayAdapt=glo2usa4itemAdapt,2026-08-30T15:28:12+00:00,electronics.nema17-motor-17hs15-1504s1 electronics.nema17-motor-17hs19-2004s
yes,200,listing has a title,aliexpress.com,https://www.aliexpress.com/item/32650675929.html,https://www.aliexpress.us/item/2251832464361177.html?gatewayAdapt=glo2usa4itemAdapt,2026-08-30T15:38:27+00:00,motion.gt2-20t-9mm-wide-pulley-5mm-bore
yes,200,listing has a title,aliexpress.com,https://www.aliexpress.com/item/32676553191.html,https://www.aliexpress.us/item/2251832490238439.html?gatewayAdapt=glo2usa4itemAdapt,2026-08-30T15:41:24+00:00,motion.linear-rods-8mm-320mm-long-for-230mm-z
yes,200,listing has a title,aliexpress.com,https://www.aliexpress.com/item/32690065180.html,https://www.aliexpress.us/item/2251832503750428.html?gatewayAdapt=glo2usa4itemAdapt,2026-08-30T15:42:44+00:00,tools.6in-digital-calipers
yes,200,listing has a title,aliexpress.com,https://www.aliexpress.com/item/32706208829.html,https://www.aliexpress.us/item/2251832519894077.html?gatewayAdapt=glo2usa4itemAdapt,2026-08-30T15:31:56+00:00,fasteners.m3-roll-in-t-nut fasteners.m3-t-nut-for-2020-extrusions fasteners.m3-t-nut-hntaj5-3 fasteners.m5-t-nut fasteners.m5-t-nut-for-2020-extrusions fasteners.m5-t-nut-hntaj5-5
yes,200,listing has a title,aliexpress.com,https://www.aliexpress.com/item/32726309946.html,https://www.aliexpress.us/item/2251832539995194.html?gatewayAdapt=glo2usa4itemAdapt,2026-08-30T15:38:23+00:00,motion.gt2-20t-6mm-wide-toothed-idler-5mm-bore
yes,200,listing has a title,aliexpress.com,https://www.aliexpress.com/item/32726640438.html,https://www.aliexpress.us/item/2251832540325686.html?gatewayAdapt=glo2usa4itemAdapt,2026-08-30T15:26:53+00:00,electronics.40x40x10-axial-fan-ball-bearing-24v
yes,200,listing has a title,aliexpress.com,https://www.aliexpress.com/item/32727867521.html,https://www.aliexpress.us/item/2251832541552769.html?gatewayAdapt=glo2usa4itemAdapt,2026-08-30T15:26:41+00:00,electronics.4010-axial-fan electronics.40x40x10-axial-fan-ball-bearing-24v
yes,200,listing has a title,aliexpress.com,https://www.aliexpress.com/item/32750492452.html,https://www.aliexpress.us/item/2251832564177700.html?gatewayAdapt=glo2usa4itemAdapt,2026-08-30T15:38:29+00:00,motion.gt2-20t-9mm-wide-toothed-idler-5mm-bore
yes,200,listing has a title,aliexpress.com,https://www.aliexpress.com/item/32769265211.html,https://www.aliexpress.us/item/2251832582950459.html?gatewayAdapt=glo2usa4itemAdapt,2026-08-30T15:37:27+00:00,motion.5x30mm-shaft
yes,200,listing has a title,aliexpress.com,https://www.aliexpress.com/item/32770576556.html,https://www.aliexpress.us/item/2251832584261804.html?gatewayAdapt=glo2usa4itemAdapt,2026-08-30T15:33:39+00:00,hotend.2-into-1-y-splitter
yes,200,listing has a title,aliexpress.com,https://www.aliexpress.com/item/32773296501.html,https://www.aliexpress.us/item/2251832586981749.html?gatewayAdapt=glo2usa4itemAdapt,2026-08-30T15:40:26+00:00,motion.linear-rail-mgn9h-for-y-axis motion.linear-rail-mgn9h-see-configurator-for-length
yes,200,listing has a title,aliexpress.com,https://www.aliexpress.com/item/32782605159.html,https://www.aliexpress.us/item/2251832596290407.html?gatewayAdapt=glo2usa4itemAdapt,2026-08-30T15:38:32+00:00,motion.gt2-80t-6mm-wide-pulley-5mm-bore
yes,200,listing has a title,aliexpress.com,https://www.aliexpress.com/item/32797672879.html,https://www.aliexpress.us/item/2251832611358127.html?gatewayAdapt=glo2usa4itemAdapt,2026-08-30T15:43:17+00:00,vibration-management.astrosyn-dampener
yes,200,listing has a title,aliexpress.com,https://www.aliexpress.com/item/32798634077.html,https://www.aliexpress.us/item/2251832612319325.html?gatewayAdapt=glo2usa4itemAdapt,2026-08-30T15:26:57+00:00,electronics.40x40x10-centrifugal-blower-fan-12v
yes,200,listing has a title,aliexpress.com,https://www.aliexpress.com/item/32802288535.html,https://www.aliexpress.us/item/2251832615973783.html?gatewayAdapt=glo2usa4itemAdapt,2026-08-30T15:37:39+00:00,motion.625-2rs-bearing
yes,200,listing has a title,aliexpress.com,https://www.aliexpress.com/item/32805163712.html,https://www.aliexpress.us/item/2251832618848960.html?gatewayAdapt=glo2usa4itemAdapt,2026-08-30T15:31:53+00:00,fasteners.m3-roll-in-t-nut fasteners.m3-t-nut-for-2020-extrusions fasteners.m3-t-nut-hntaj5-3 fasteners.m5-t-nut fasteners.m5-t-nut-for-2020-extrusions fasteners.m5-t-nut-hntaj5-5
yes,200,listing has a title,aliexpress.com,https://www.aliexpress.com/item/32811213869.html,https://www.aliexpress.us/item/2251832624899117.html?gatewayAdapt=glo2usa4itemAdapt,2026-08-30T15:37:48+00:00,motion.extruder-spring
yes,200,listing has a title,aliexpress.com,https://www.aliexpress.com/item/32815934251.html,https://www.aliexpress.us/item/2251832629619499.html?gatewayAdapt=glo2usa4itemAdapt,2026-08-30T15:26:46+00:00,electronics.40w-heater-cartridge
yes,200,listing has a title,aliexpress.com,https://www.aliexpress.com/item/32828593452.html,https://www.aliexpress.us/item/2251832642278700.html?gatewayAdapt=glo2usa4itemAdapt,2026-08-30T15:29:02+00:00,electronics.pt100-rtd-sensor
yes,200,listing has a title,aliexpress.com,https://www.aliexpress.com/item/32829808063.html,https://www.aliexpress.us/item/2251832643493311.html?gatewayAdapt=glo2usa4itemAdapt,2026-08-30T15:36:05+00:00,misc.filament-out-switch
yes,200,listing has a title,aliexpress.com,https://www.aliexpress.com/item/32829826159.html,https://www.aliexpress.us/item/2251832643511407.html?gatewayAdapt=glo2usa4itemAdapt,2026-08-30T15:40:20+00:00,motion.linear-rail-mgn12h-300mm motion.linear-rail-mgn12h-for-x-axis
yes,200,listing has a title,aliexpress.com,https://www.aliexpress.com/item/32835656952.html,https://www.aliexpress.us/item/2251832649342200.html?gatewayAdapt=glo2usa4itemAdapt,2026-08-30T15:34:12+00:00,hotend.v6-and-or-mosquito-brass-nozzle
yes,200,listing has a title,aliexpress.com,https://www.aliexpress.com/item/32839344108.html,https://www.aliexpress.us/item/2251832653029356.html?gatewayAdapt=glo2usa4itemAdapt,2026-08-30T15:34:33+00:00,hotend.volcano-brass-nozzle
yes,200,listing has a title,aliexpress.com,https://www.aliexpress.com/item/32842829820.html,https://www.aliexpress.us/item/2251832656515068.html?gatewayAdapt=glo2usa4itemAdapt,2026-08-30T15:34:21+00:00,hotend.v6-volcano-heatsink
yes,200,listing has a title,aliexpress.com,https://www.aliexpress.com/item/32844028127.html,https://www.aliexpress.us/item/2251832657713375.html?gatewayAdapt=glo2usa4itemAdapt,2026-08-30T15:27:37+00:00,electronics.e3d-v6-bowden-hotend-kit-24v hotend.e3d-v6-bowden-hotend-kit-12v
yes,200,listing has a title,aliexpress.com,https://www.aliexpress.com/item/32844080369.html,https://www.aliexpress.us/item/2251832657765617.html?gatewayAdapt=glo2usa4itemAdapt,2026-08-30T15:33:49+00:00,hotend.e3d-volcano-bowden-hotend-kit-12v
yes,200,listing has a title,aliexpress.com,https://www.aliexpress.com/item/32850756758.html,https://www.aliexpress.us/item/2251832664442006.html?gatewayAdapt=glo2usa4itemAdapt,2026-08-30T15:34:18+00:00,hotend.v6-and-or-mosquito-steel-nozzle
yes,200,listing has a title,aliexpress.com,https://www.aliexpress.com/item/32850989216.html,https://www.aliexpress.us/item/2251832664674464.html?gatewayAdapt=glo2usa4itemAdapt,2026-08-30T15:37:53+00:00,motion.f695-2rs motion.f695-2rs-bearing motion.f695-bearing motion.f695-bearing-add-two-for-stepper-double-shear
yes,200,listing has a title,aliexpress.com,https://www.aliexpress.com/item/32853548000.html,https://www.aliexpress.us/item/2251832667233248.html?gatewayAdapt=glo2usa4itemAdapt,2026-08-30T15:34:28+00:00,hotend.v6-volcano-titanium-heatbreak
yes,200,listing has a title,aliexpress.com,https://www.aliexpress.com/item/32853559638.html,https://www.aliexpress.us/item/2251832667244886.html?gatewayAdapt=glo2usa4itemAdapt,2026-08-30T15:38:58+00:00,motion.gt2-open-belt-ll-2gt-6-6mm-wide motion.gt2-open-belt-ll-2gt-6-6mm-wide-length-dependant-on-config
yes,200,listing has a title,aliexpress.com,https://www.aliexpress.com/item/32867138904.html,https://www.aliexpress.us/item/2251832680824152.html?gatewayAdapt=glo2usa4itemAdapt,2026-08-30T15:27:02+00:00,electronics.40x40x20-centrifugal-blower-fan-ball-bearing-24v
yes,200,listing has a title,aliexpress.com,https://www.aliexpress.com/item/32868163248.html,https://www.aliexpress.us/item/2251832681848496.html?gatewayAdapt=glo2usa4itemAdapt,2026-08-30T15:26:50+00:00,electronics.40x40x10-axial-fan-ball-bearing-24v
yes,200,listing has a title,aliexpress.com,https://www.aliexpress.com/item/32872395185.html,https://www.aliexpress.us/item/2251832686080433.html?gatewayAdapt=glo2usa4itemAdapt,2026-08-30T16:22:59+00:00,cables.18awg-silicone-cable-10ft-total cables.20awg-silicone-cable-10ft-total cables.24awg-silicone-cable-100ft-total cables.24awg-silicone-cable-120ft-total cables.24awg-silicone-cable-50ft-total
yes,200,listing has a title,aliexpress.com,https://www.aliexpress.com/item/32879512832.html,https://www.aliexpress.us/item/2251832693198080.html?gatewayAdapt=glo2usa4itemAdapt,2026-08-30T15:34:39+00:00,hotend.volcano-steel-nozzle
yes,200,listing has a title,aliexpress.com,https://www.aliexpress.com/item/32880801484.html,https://www.aliexpress.us/item/2251832694486732.html?gatewayAdapt=glo2usa4itemAdapt,2026-08-30T15:41:25+00:00,motion.mgn7h-linear-rail-with-carriage-150mm
yes,200,listing has a title,aliexpress.com,https://www.aliexpress.com/item/32885016096.html,https://www.aliexpress.us/item/2251832698701344.html?gatewayAdapt=glo2usa4itemAdapt,2026-08-30T15:36:08+00:00,misc.foam-panel-tape-5mm-wide-1mm-thick misc.foam-panel-tape-5mm-wide-3mm-thick
yes,200,listing has a title,aliexpress.com,https://www.aliexpress.com/item/32888737278.html,https://www.aliexpress.us/item/2251832702422526.html?gatewayAdapt=glo2usa4itemAdapt,2026-08-30T15:29:28+00:00,electronics.threaded-v6-hotend-kit-24v-all-metal
yes,200,listing has a title,aliexpress.com,https://www.aliexpress.com/item/32892392365.html,https://www.aliexpress.us/item/2251832706077613.html?gatewayAdapt=glo2usa4itemAdapt&_randl_shipto=US,2026-08-30T14:53:39+00:00,bowden.bowden-clip
yes,200,listing has a title,aliexpress.com,https://www.aliexpress.com/item/32895954372.html,https://www.aliexpress.us/item/2251832709639620.html?gatewayAdapt=glo2usa4itemAdapt,2026-08-30T15:34:25+00:00,hotend.v6-volcano-heatsink
yes,200,listing has a title,aliexpress.com,https://www.aliexpress.com/item/32899594270.html,https://www.aliexpress.us/item/2251832713279518.html?gatewayAdapt=glo2usa4itemAdapt,2026-08-30T15:27:11+00:00,electronics.60x60x20-axial-fan-24v
yes,200,listing has a title,aliexpress.com,https://www.aliexpress.com/item/32906558793.html,https://www.aliexpress.us/item/2251832720244041.html?gatewayAdapt=glo2usa4itemAdapt,2026-08-30T15:43:14+00:00,tools.tap-handle-for-tap
yes,200,listing has a title,aliexpress.com,https://www.aliexpress.com/item/32907327548.html,https://www.aliexpress.us/item/2251832721012796.html?gatewayAdapt=glo2usa4itemAdapt,2026-08-30T15:37:42+00:00,motion.bondtech-drive-gear-set
yes,200,listing has a title,aliexpress.com,https://www.aliexpress.com/item/32917948919.html,https://www.aliexpress.us/item/2251832731634167.html?gatewayAdapt=glo2usa4itemAdapt,2026-08-30T15:30:45+00:00,fasteners.5x10x0-5-shim-ring fasteners.5x10x1-shim-ring fasteners.m5-1-0mm-thick-shim-washer hardware.3x5x0-5-shim-ring-3mm-id-5mm-od hardware.3x7x0-5-shim-ring-3mm-id-7-mm-od
yes,200,listing has a title,aliexpress.com,https://www.aliexpress.com/item/32918722399.html,https://www.aliexpress.us/item/2251832732407647.html?gatewayAdapt=glo2usa4itemAdapt,2026-08-30T15:30:24+00:00,fasteners.10x16x0-2-shim-ring
yes,200,listing has a title,aliexpress.com,https://www.aliexpress.com/item/32922594383.html,https://www.aliexpress.us/item/2251832736279631.html?gatewayAdapt=glo2usa4itemAdapt,2026-08-30T15:37:17+00:00,misc.v6-hotend-sock
yes,200,listing has a title,aliexpress.com,https://www.aliexpress.com/item/32934148155.html,https://www.aliexpress.us/item/2251832747833403.html?gatewayAdapt=glo2usa4itemAdapt&_randl_shipto=US,2026-08-30T14:53:42+00:00,bowden.bowden-fitting
yes,200,listing has a title,aliexpress.com,https://www.aliexpress.com/item/32946695708.html,https://www.aliexpress.us/item/2251832760380956.html?gatewayAdapt=glo2usa4itemAdapt,2026-08-30T15:30:17+00:00,extruder.bondtech-motor-gear-bowden-only
yes,200,listing has a title,aliexpress.com,https://www.aliexpress.com/item/32946823004.html,https://www.aliexpress.us/item/2251832760508252.html?gatewayAdapt=glo2usa4itemAdapt,2026-08-30T15:30:20+00:00,extruder.shaft-idler-assembly
yes,200,listing has a title,aliexpress.com,https://www.aliexpress.com/item/32947193804.html,https://www.aliexpress.us/item/2251832760879052.html?gatewayAdapt=glo2usa4itemAdapt,2026-08-30T15:32:29+00:00,hardware.bondtech-drive-gear-kit
yes,200,listing has a title,aliexpress.com,https://www.aliexpress.com/item/32947691813.html,https://www.aliexpress.us/item/2251832761377061.html?gatewayAdapt=glo2usa4itemAdapt,2026-08-30T15:33:36+00:00,hardware.thumb-screw-assembly
yes,200,listing has a title,aliexpress.com,https://www.aliexpress.com/item/32948087238.html,https://www.aliexpress.us/item/2251832761772486.html?gatewayAdapt=glo2usa4itemAdapt,2026-08-30T15:36:56+00:00,misc.needle-bearings-for-bondtech-idler
yes,200,listing has a title,aliexpress.com,https://www.aliexpress.com/item/32955249477.html,https://www.aliexpress.us/item/2251832768934725.html?gatewayAdapt=glo2usa4itemAdapt,2026-08-30T15:41:51+00:00,motion.mr115-2rs-bearing
yes,200,listing has a title,aliexpress.com,https://www.aliexpress.com/item/32960167491.html,https://www.aliexpress.us/item/2251832773852739.html?gatewayAdapt=glo2usa4itemAdapt,2026-08-30T15:27:06+00:00,electronics.50w-heater-cartridge
yes,200,listing has a title,aliexpress.com,https://www.aliexpress.com/item/32966917947.html,https://www.aliexpress.us/item/2251832780603195.html?gatewayAdapt=glo2usa4itemAdapt,2026-08-30T15:32:37+00:00,hardware.m2x6-bhcs hardware.m2x6-bhcs-shcs
yes,200,listing has a title,aliexpress.com,https://www.aliexpress.com/item/32968616563.html,https://www.aliexpress.us/item/2251832782301811.html?gatewayAdapt=glo2usa4itemAdapt,2026-08-30T15:32:46+00:00,hardware.m2x6-fhcs
yes,200,listing has a title,aliexpress.com,https://www.aliexpress.com/item/32970236537.html,https://www.aliexpress.us/item/2251832783921785.html?gatewayAdapt=glo2usa4itemAdapt,2026-08-30T15:37:21+00:00,misc.volcano-hotend-sock
yes,200,listing has a title,aliexpress.com,https://www.aliexpress.com/item/32971006524.html,https://www.aliexpress.us/item/2251832784691772.html?gatewayAdapt=glo2usa4itemAdapt,2026-08-30T15:29:06+00:00,electronics.ssr-din-mount
yes,200,listing has a title,aliexpress.com,https://www.aliexpress.com/item/32977174437.html,https://www.aliexpress.us/item/2251832790859685.html?gatewayAdapt=glo2usa4itemAdapt,2026-08-30T15:32:52+00:00,hardware.m3-hexnut
yes,200,listing has a title,aliexpress.com,https://www.aliexpress.com/item/32980210325.html,https://www.aliexpress.us/item/2251832793895573.html?gatewayAdapt=glo2usa4itemAdapt,2026-08-30T15:25:17+00:00,controller.fysetc-mini12864-display-type-b controller.mini-12864-display-type-b
yes,200,listing has a title,aliexpress.com,https://www.aliexpress.com/item/32981088131.html,https://www.aliexpress.us/item/2251832794773379.html?gatewayAdapt=glo2usa4itemAdapt,2026-08-30T15:36:11+00:00,misc.fume-extractor-carbon-filter-element
yes,200,listing has a title,aliexpress.com,https://www.aliexpress.com/item/32987817703.html,https://www.aliexpress.us/item/2251832801502951.html?gatewayAdapt=glo2usa4itemAdapt,2026-08-30T15:39:19+00:00,motion.gt2-open-belt-ll-2gt-6-6mm-wide-1500mm motion.gt2-open-belt-ll-2gt-6-6mm-wide-length-dependant-on-config
yes,200,listing has a title,aliexpress.com,https://www.aliexpress.com/item/32988995881.html,https://www.aliexpress.us/item/2251832802681129.html?gatewayAdapt=glo2usa4itemAdapt,2026-08-30T15:31:50+00:00,fasteners.m3-locknut
yes,200,listing has a title,aliexpress.com,https://www.aliexpress.com/item/32990144547.html,https://www.aliexpress.us/item/2251832803829795.html?gatewayAdapt=glo2usa4itemAdapt,2026-08-30T15:43:21+00:00,vibration-management.rubber-compressor-foot
yes,200,listing has a title,aliexpress.com,https://www.aliexpress.com/item/32991204773.html,https://www.aliexpress.us/item/2251832804890021.html?gatewayAdapt=glo2usa4itemAdapt,2026-08-30T15:37:30+00:00,motion.625-2rs-bearing
yes,200,listing has a title,aliexpress.com,https://www.aliexpress.com/item/33001186278.html,https://www.aliexpress.us/item/2251832814871526.html?gatewayAdapt=glo2usa4itemAdapt,2026-08-30T15:37:49+00:00,motion.f695-2rs motion.f695-2rs-bearing motion.f695-bearing motion.f695-bearing-add-two-for-stepper-double-shear
yes,200,listing has a title,aliexpress.com,https://www.aliexpress.com/item/33029587820.html,https://www.aliexpress.us/item/2251832843273068.html?gatewayAdapt=glo2usa4itemAdapt,2026-08-30T15:26:35+00:00,controller.tmc2209-stepper-motor-driver
yes,200,listing has a title,aliexpress.com,https://www.aliexpress.com/item/33029709571.html,https://www.aliexpress.us/item/2251832843394819.html?gatewayAdapt=glo2usa4itemAdapt,2026-08-30T15:28:39+00:00,electronics.ntc-100k-beta-3950-thermistor-sensor
yes,200,listing has a title,aliexpress.com,https://www.aliexpress.com/item/33032626707.html,https://www.aliexpress.us/item/2251832846311955.html?gatewayAdapt=glo2usa4itemAdapt,2026-08-30T15:43:10+00:00,tools.deburring-tool
yes,200,listing has a title,aliexpress.com,https://www.aliexpress.com/item/33043885403.html,https://www.aliexpress.us/item/2251832857570651.html?gatewayAdapt=glo2usa4itemAdapt,2026-08-30T15:31:26+00:00,fasteners.m2x10-self-tapping-screw-for-plastics
yes,200,listing has a title,aliexpress.com,https://www.aliexpress.com/item/33044552706.html,https://www.aliexpress.us/item/2251832858237954.html?gatewayAdapt=glo2usa4itemAdapt,2026-08-30T15:34:15+00:00,hotend.v6-and-or-mosquito-copper-nozzle
yes,200,listing has a title,aliexpress.com,https://www.aliexpress.com/item/33047241001.html,https://www.aliexpress.us/item/2251832860926249.html?gatewayAdapt=glo2usa4itemAdapt,2026-08-30T15:26:32+00:00,controller.tmc-2209-drivers
yes,200,listing has a title,aliexpress.com,https://www.aliexpress.com/item/33051112482.html,https://www.aliexpress.us/item/2251832864797730.html?gatewayAdapt=glo2usa4itemAdapt,2026-08-30T15:36:20+00:00,misc.fume-extractor-carbon-filter-element
yes,200,listing has a title,aliexpress.com,https://www.aliexpress.com/item/4000002246568.html,https://www.aliexpress.us/item/2255799815931816.html?gatewayAdapt=glo2usa4itemAdapt,2026-08-30T15:34:35+00:00,hotend.volcano-copper-nozzle
yes,200,listing has a title,aliexpress.com,https://www.aliexpress.com/item/4000010655936.html,https://www.aliexpress.us/item/2255799824341184.html?gatewayAdapt=glo2usa4itemAdapt,2026-08-30T15:32:05+00:00,fasteners.m3-thumb-screws fasteners.m4-thumb-nuts
yes,200,listing has a title,aliexpress.com,https://www.aliexpress.com/item/4000011928654.html,https://www.aliexpress.us/item/2255799825613902.html?gatewayAdapt=glo2usa4itemAdapt,2026-08-30T15:33:42+00:00,hotend.copper-v6-heat-block
yes,200,listing has a title,aliexpress.com,https://www.aliexpress.com/item/4000012110390.html,https://www.aliexpress.us/item/2255799825795638.html?gatewayAdapt=glo2usa4itemAdapt,2026-08-30T15:33:45+00:00,hotend.copper-volcano-heatblock
yes,200,listing has a title,aliexpress.com,https://www.aliexpress.com/item/4000021186440.html,https://www.aliexpress.us/item/2255799834871688.html?gatewayAdapt=glo2usa4itemAdapt,2026-08-30T15:32:25+00:00,hardware.bmg-extruder-insides misc.bmg-extruder-hardware-kit-if-configured-with-direct-feed
yes,200,listing has a title,aliexpress.com,https://www.aliexpress.com/item/4000023683078.html,https://www.aliexpress.us/item/2255799837368326.html?gatewayAdapt=glo2usa4itemAdapt,2026-08-30T15:32:56+00:00,hardware.m3-thumb-nuts
yes,200,listing has a title,aliexpress.com,https://www.aliexpress.com/item/4000034021834.html,https://www.aliexpress.us/item/2255799847707082.html?gatewayAdapt=glo2usa4itemAdapt,2026-08-30T15:38:55+00:00,motion.gt2-belt-loop-6mm-wide-188mm
yes,200,listing has a title,aliexpress.com,https://www.aliexpress.com/item/4000038065691.html,https://www.aliexpress.us/item/2255799851750939.html?gatewayAdapt=glo2usa4itemAdapt,2026-08-30T15:32:42+00:00,hardware.m2x6-bhcs
yes,200,listing has a title,aliexpress.com,https://www.aliexpress.com/item/4000084426106.html,https://www.aliexpress.us/item/2255799898111354.html?gatewayAdapt=glo2usa4itemAdapt,2026-08-30T15:25:13+00:00,controller.duet-maestro-expansion-board
yes,200,listing has a title,aliexpress.com,https://www.aliexpress.com/item/4000138916012.html,https://www.aliexpress.us/item/2255799952601260.html?gatewayAdapt=glo2usa4itemAdapt,2026-08-30T16:21:40+00:00,buildplate.spring-steel-bed-kit-with-pei-and-magnet
yes,200,listing has a title,aliexpress.com,https://www.aliexpress.com/item/4000206288948.html,https://www.aliexpress.us/item/2255800019974196.html?gatewayAdapt=glo2usa4itemAdapt,2026-08-30T15:26:38+00:00,controller.tmc2209-stepsticks-for-skr-1-3
yes,200,listing has a title,aliexpress.com,https://www.aliexpress.com/item/4000232858343.html,https://www.aliexpress.us/item/2255800046543591.html?gatewayAdapt=glo2usa4itemAdapt,2026-08-30T15:31:47+00:00,fasteners.m3-heat-set-insert-m3x5x4
yes,200,listing has a title,aliexpress.com,https://www.aliexpress.com/item/4000335932856.html,https://www.aliexpress.us/item/2255800149618104.html?gatewayAdapt=glo2usa4itemAdapt,2026-08-30T15:37:56+00:00,motion.ge5c-spherical-bearing
yes,200,listing has a title,aliexpress.com,https://www.aliexpress.com/item/4000353269786.html,https://www.aliexpress.us/item/2255800166955034.html?gatewayAdapt=glo2usa4itemAdapt,2026-08-30T15:27:33+00:00,electronics.c13-power-cord-with-inline-switch
yes,200,listing has a title,aliexpress.com,https://www.aliexpress.com/item/4000470048293.html,https://www.aliexpress.us/item/2255800283733541.html?gatewayAdapt=glo2usa4itemAdapt,2026-08-30T16:25:24+00:00,controller.bigtree-skr-1-4 controller.skr-1-4
yes,200,listing has a title,aliexpress.com,https://www.aliexpress.com/item/4000888356182.html,https://www.aliexpress.us/item/2255800702041430.html?gatewayAdapt=glo2usa4itemAdapt,2026-08-30T15:32:32+00:00,hardware.m2-5x12-shcs-for-dragon-hotend-only
yes,200,listing has a title,aliexpress.com,https://www.aliexpress.com/item/4001002262174.html,https://www.aliexpress.us/item/2255800815947422.html?gatewayAdapt=glo2usa4itemAdapt,2026-08-30T15:36:02+00:00,misc.din-rail-electronics-enclosure-steel-35mm-wide-7-5mm-tall-steel
yes,200,product page,amazon.com,https://www.amazon.com/dp/B07QLGWQ1L,,2026-08-30T17:04:04+00:00,cables.10x11-cable-chain-openable-1m cables.10x11mm-1-meter-with-2-end-sets-2-fixed-end-2-free-end-r18-18mm-radius cables.10x11mm-1-meter-with-3-end-sets-3-fixed-end-3-free-end-r18-18mm-radius
yes,200,product page - currently unavailable,amazon.com,https://www.amazon.com/dp/B01J3LP1HS,,2026-08-30T17:04:08+00:00,cables.16awg-silicone-cable-10ft-total
yes,200,product page,amazon.com,https://www.amazon.com/dp/B01LH1G2IE,,2026-08-30T17:04:11+00:00,cables.18awg-silicone-cable-10ft-total cables.20awg-silicone-cable-10ft-total cables.24awg-silicone-cable-100ft-total cables.24awg-silicone-cable-120ft-total cables.24awg-silicone-cable-50ft-total
yes,200,product page,amazon.com,https://www.amazon.com/dp/B01G0I0ZZK,,2026-08-30T17:04:14+00:00,cables.dupont-female-pin cables.jst-xh-female-pin
yes,200,product page,amazon.com,https://www.amazon.com/dp/B015Y6JOUG,,2026-08-30T17:04:17+00:00,cables.jst-xh-female-pin
yes,200,product page - currently unavailable,amazon.com,https://www.amazon.com/dp/B01M06HTVH,,2026-08-30T17:04:20+00:00,cables.nylon-cable-ties-4
yes,200,product page - currently unavailable,amazon.com,https://www.amazon.com/dp/B012VWH6PQ,,2026-08-30T17:04:23+00:00,controller.micro-usb-power-cable
yes,200,product page,amazon.com,https://www.amazon.com/dp/B073JYVKNX,,2026-08-30T17:04:27+00:00,controller.microsd-card
yes,200,product page,amazon.com,https://www.amazon.com/dp/B0749KG1JK,,2026-08-30T17:04:30+00:00,controller.microsd-card
yes,200,product page,amazon.com,https://www.amazon.com/dp/B07TD42S27,,2026-08-30T17:04:33+00:00,controller.raspberry-pi-4-2gb
yes,200,product page - currently unavailable,amazon.com,https://www.amazon.com/dp/B07W5S3KVF,,2026-08-30T17:04:36+00:00,controller.tmc2209-stepper-motor-driver controller.tmc2209-stepsticks-for-skr-1-3
yes,200,product page,amazon.com,https://www.amazon.com/dp/B01GGKYKQM,,2026-08-30T17:04:40+00:00,controller.usb-c-power-cable
yes,200,product page - currently unavailable,amazon.com,https://www.amazon.com/dp/B07WWJF4LG,,2026-08-30T17:04:42+00:00,electronics.4010-axial-fan electronics.40x40x10-axial-fan-ball-bearing-24v
yes,200,product page,amazon.com,https://www.amazon.com/dp/B07DB5H6K1,,2026-08-30T17:04:46+00:00,electronics.40x40x10-axial-fan-ball-bearing-24v
yes,200,product page,amazon.com,https://www.amazon.com/dp/B07L2YH79Y,,2026-08-30T17:04:49+00:00,electronics.40x40x20-centrifugal-blower-fan-ball-bearing-24v
yes,200,product page,amazon.com,https://www.amazon.com/dp/B07L2XZKS7,,2026-08-30T17:04:52+00:00,electronics.40x40x20-centrifugal-blower-fan-ball-bearing-24v
yes,200,product page - currently unavailable,amazon.com,https://www.amazon.com/dp/B08577444D,,2026-08-30T17:04:55+00:00,electronics.60x60x20-axial-fan-24v
yes,200,product page,amazon.com,https://www.amazon.com/dp/B000FBK3QK,,2026-08-30T17:04:59+00:00,electronics.battery-backup-110v-us-only-1500va-900w
yes,200,product page - currently unavailable,amazon.com,https://www.amazon.com/dp/B07RWMLKFM,,2026-08-30T17:05:02+00:00,electronics.battery-backup-110v-us-only-1500va-900w
yes,200,product page,amazon.com,https://www.amazon.com/dp/B072LNKHBB,,2026-08-30T17:05:05+00:00,electronics.c13-power-cord
yes,200,product page,amazon.com,https://www.amazon.com/dp/B0006J4K88,,2026-08-30T17:06:06+00:00,tools.center-punch
yes,200,product page,amazon.com,https://www.amazon.com/dp/B0006O4ADI,,2026-08-30T17:06:19+00:00,tools.hex-ball-driver-kit
yes,200,product page,amazon.com,https://www.amazon.com/dp/B000NZ5QE2,,2026-08-30T17:06:22+00:00,tools.hex-ball-driver-kit
yes,200,product page,amazon.com,https://www.amazon.com/dp/B000R895YM,,2026-08-30T17:05:59+00:00,tools.auto-adjusting-wire-strippers
yes,200,product page,amazon.com,https://www.amazon.com/dp/B002AVVO7K,,2026-08-30T17:06:12+00:00,tools.engineer-pa-09-crimping-tool
yes,200,product page,amazon.com,https://www.amazon.com/dp/B004FHO5Y6,,2026-08-30T17:05:11+00:00,electronics.camera-for-octoprint
yes,200,product page,amazon.com,https://www.amazon.com/dp/B00CRJWW2G,,2026-08-30T17:05:09+00:00,electronics.camera-for-octoprint
yes,200,product page,amazon.com,https://www.amazon.com/dp/B00FZPDG1K,,2026-08-30T17:06:15+00:00,tools.flush-wire-cutters
yes,200,product page,amazon.com,https://www.amazon.com/dp/B00GTAB20M,,2026-08-30T17:05:44+00:00,misc.3m-vhb-tape
yes,200,product page,amazon.com,https://www.amazon.com/dp/B00J0HB1YI,,2026-08-30T17:05:37+00:00,filament.secondary-color-red
yes,200,product page,amazon.com,https://www.amazon.com/dp/B00JJ191Z6,,2026-08-30T17:06:31+00:00,vibration-management.rubber-foot
yes,200,product page,amazon.com,https://www.amazon.com/dp/B00LAAZ2UW,,2026-08-30T17:05:14+00:00,electronics.led-light-bar-12v-24v
yes,200,product page,amazon.com,https://www.amazon.com/dp/B00PNEQKC0,,2026-08-30T17:05:18+00:00,electronics.nema17-motor-17hs19-2004s electronics.nema17-motor-17hs19-2004s-min-35mm-shaft-for-double-shear
yes,200,product page,amazon.com,https://www.amazon.com/dp/B012THLK1E,,2026-08-30T17:05:21+00:00,fasteners.m2x10-self-tapping-screw-for-plastics
yes,200,product page,amazon.com,https://www.amazon.com/dp/B01IVU642I,,2026-08-30T17:05:33+00:00,fasteners.m4-thumb-nuts
yes,200,product page,amazon.com,https://www.amazon.com/dp/B0711Y6T56,,2026-08-30T17:06:28+00:00,vibration-management.rubber-compressor-foot
yes,200,product page,amazon.com,https://www.amazon.com/dp/B077CJV3Z9,,2026-08-30T17:05:27+00:00,fasteners.m3-heat-set-insert-m3x5x4
yes,200,product page,amazon.com,https://www.amazon.com/dp/B07BD24MXV,,2026-08-30T17:05:30+00:00,fasteners.m3-locknut
yes,200,product page,amazon.com,https://www.amazon.com/dp/B07JGVDRQC,,2026-08-30T17:06:09+00:00,tools.deburring-tool
yes,200,product page,amazon.com,https://www.amazon.com/dp/B07KF96XQW,,2026-08-30T17:06:25+00:00,tools.small-screwdriver-kit-xiaomi-wiha-set
yes,200,product page,amazon.com,https://www.amazon.com/dp/B07KWYTCG5,,2026-08-30T17:05:49+00:00,misc.fume-extractor-carbon-filter-element
yes,200,product page,amazon.com,https://www.amazon.com/dp/B07L6JKJD1,,2026-08-30T17:05:46+00:00,misc.foam-panel-tape-5mm-wide-1mm-thick
yes,200,product page,amazon.com,https://www.amazon.com/dp/B07SDFCTD4,,2026-08-30T17:05:24+00:00,fasteners.m3-hammer-head-t-nuts
yes,200,product page,amazon.com,https://www.amazon.com/dp/B07W5J19Y5,,2026-08-30T17:05:40+00:00,hardware.m2x6-bhcs-shcs hardware.m2x6-shcs
yes,200,product page,amazon.com,https://www.amazon.com/dp/B088FPNVVF,,2026-08-30T17:05:56+00:00,motion.t8-flange-nut-8mm-lead-anti-backlash-prefered-see-note-section
yes,200,product page,amzn.to,https://amzn.to/2C4l1n9,"https://www.amazon.com/Bondhus-10687-Balldriver-Screwdrivers-ProGuard/dp/B0006O4ADI/ref=as_li_ss_tl?s=hi&ie=UTF8&qid=1550344122&sr=1-1&keywords=Bondhus+10687+Set+of+7+Balldriver+Screwdrivers,+ProGuard+Finish,+sizes+1.27-5mm&linkCode=sl1&tag=voron-20&linkId=4b13b0160cf1107199e1e308fb96f303&language=en_US",2026-08-30T15:12:05+00:00,tools.hex-ball-driver-kit
yes,200,product page,amzn.to,https://amzn.to/2IxfKaS,https://www.amazon.com/Logitech-C930e-1080P-Video-Webcam/dp/B00CRJWW2G/ref=as_li_ss_tl?ie=UTF8&linkCode=sl1&tag=docjeevescom-20&linkId=969a38ac8b8c88a227dd75fb7710d873&language=en_US,2026-08-30T15:10:45+00:00,electronics.camera-for-octoprint
yes,200,product page,amzn.to,https://amzn.to/2J4C3oA,https://www.amazon.com/gp/product/B07KF96XQW/ref=as_li_ss_tl?ie=UTF8&linkCode=sl1&tag=voron-20&linkId=8533c54724537245e49ebb0692b27ac4&language=en_US,2026-08-30T15:12:18+00:00,tools.small-screwdriver-kit-xiaomi-wiha-set
yes,200,product page,amzn.to,https://amzn.to/2JFQPSK,https://www.amazon.com/gp/product/B07X3V7RPJ/ref=as_li_ss_tl?ie=UTF8&psc=1&linkCode=sl1&tag=mnlasercuttin-20&linkId=5621c6b3c111cc712d91d2163765fb38&language=en_US,2026-08-30T15:11:00+00:00,fasteners.m2x10-self-tapping-screw-for-plastics
yes,200,product page,amzn.to,https://amzn.to/2KGsHzJ,https://www.amazon.com/Marketty-Printer-Compression-Actually-Perfectly/dp/B07MTGXYLW/ref=as_li_ss_tl?dchild=1&keywords=3d+printer+die+springs&qid=1586196822&s=industrial&sr=1-3&linkCode=sl1&tag=docjeevescom-20&linkId=4b438debb4f7166e6da3c4a3b75969d7&language=en_US,2026-08-30T15:10:10+00:00,buildplate.yellow-die-springs-8x4x20mm
yes,200,product page,amzn.to,https://amzn.to/2KIBNMw,https://www.amazon.com/EPBOWPT-Converter-Regulator-Supply-Transformer/dp/B01M03288J/ref=as_li_ss_tl?dchild=1&keywords=dc/dc+24v+to+5v&qid=1586102103&s=electronics&sr=1-1&linkCode=sl1&tag=docjeevescom-20&linkId=d1b15deb3e76fadfb865b55fe8b670be&language=en_US,2026-08-30T15:10:51+00:00,electronics.dc-dc-psu-buck-converter-24v-to-5v
yes,200,product page,amzn.to,https://amzn.to/2OsBUik,https://www.amazon.com/Logitech-Desktop-Widescreen-Calling-Recording/dp/B004FHO5Y6/ref=as_li_ss_tl?ie=UTF8&linkCode=sl1&tag=docjeevescom-20&linkId=d1c1da1a17cf0f3646518b46ecbed9ed&language=en_US,2026-08-30T15:10:48+00:00,electronics.camera-for-octoprint
yes,200,product page,amzn.to,https://amzn.to/2OvQeqc,https://www.amazon.com/CyberPower-CP1500AVRLCD-Intelligent-Outlets-Mini-Tower/dp/B000FBK3QK/ref=as_li_ss_tl?ie=UTF8&linkCode=sl1&tag=docjeevescom-20&linkId=b11cd99172be1ede91350180ad1d65c3&language=en_US,2026-08-30T15:10:41+00:00,electronics.battery-backup-110v-us-only-1500va-900w
yes,200,product page,amzn.to,https://amzn.to/2P4948j,https://www.amazon.com/Knipex-1240200-Adjusting-Insulation-Strippers/dp/B000R895YM/ref=as_li_ss_tl?ie=UTF8&linkCode=sl1&tag=voron-20&linkId=a03b8a05d94b00996a23191e80693f8e&language=en_US,2026-08-30T15:11:52+00:00,tools.auto-adjusting-wire-strippers
yes,200,product page,amzn.to,https://amzn.to/2PDYXWX,https://www.amazon.com/SanDisk-Ultra-microSDXC-Memory-Adapter/dp/B073JYVKNX/ref=as_li_ss_tl?ie=UTF8&linkCode=sl1&tag=docjeevescom-20&linkId=6b84e846a2d5451aba94aa1efef1584f&language=en_US,2026-08-30T15:10:26+00:00,controller.microsd-card
yes,200,product page,amzn.to,https://amzn.to/2SiHdlD,https://www.amazon.com/gp/product/B07W5J19Y5/ref=as_li_ss_tl?ie=UTF8&linkCode=sl1&tag=docjeevescom-20&linkId=90bffc596d2a769c2faa74174d46c948&language=en_US,2026-08-30T15:11:19+00:00,hardware.m2x8-shcs
yes,200,product page,amzn.to,https://amzn.to/2TmuxfS,https://www.amazon.com/Engineer-PA-09-Micro-Connector-Crimpers/dp/B002AVVO7K/ref=as_li_ss_tl?ie=UTF8&linkCode=sl1&tag=voron-20&linkId=2c701b0245e516dc8c09bb1a2894d1a3&language=en_US,2026-08-30T15:11:55+00:00,tools.engineer-pa-09-crimping-tool
yes,200,product page,amzn.to,https://amzn.to/2TqJkWS,https://www.amazon.com/uxcell-47mmx18mm-Compressor-Replacement-Black/dp/B0711Y6T56/ref=as_li_ss_tl?ie=UTF8&qid=1550343762&sr=8-4&keywords=compressor+foot&linkCode=sl1&tag=voron-20&linkId=76b265938667442575fdb60e850a2435&language=en_US,2026-08-30T15:12:21+00:00,vibration-management.rubber-compressor-foot
yes,200,product page,amzn.to,https://amzn.to/2UKJlnQ,https://www.amazon.com/gp/product/B06XHQHD4H/ref=as_li_ss_tl?ie=UTF8&linkCode=sl1&tag=&linkId=902c7fb63d69dddd29b84e2bb5b19f0b&language=en_US,2026-08-30T15:11:23+00:00,hardware.makerbeam-xl-m3-t-nut
yes,200,product page,amzn.to,https://amzn.to/2VIUE08,https://www.amazon.com/uxcell-Black-Plastic-Carrier-Length/dp/B01M1JDKZ0/ref=as_li_ss_tl?ie=UTF8&linkCode=sl1&tag=docjeevescom-20&linkId=720685180b8716c92527b6a02bda8f4f&language=en_US,2026-08-30T15:10:13+00:00,cables.7mm-x-7mm-cable-chain-less-than-1-2-meter-needed
yes,200,product page,amzn.to,https://amzn.to/2VJlFAu,https://www.amazon.com/gp/product/B07FS4Q5SB/ref=as_li_ss_tl?ie=UTF8&psc=1&linkCode=sl1&tag=docjeevescom-20&linkId=b0f43d82efabdd17f7babecc4f57eda8&language=en_US,2026-08-30T16:26:11+00:00,electronics.24v-heater-cartridge-slim-wires
yes,200,product page,amzn.to,https://amzn.to/2W0dYo0,https://www.amazon.com/gp/product/B000NZ5QE2/ref=as_li_ss_tl?ie=UTF8&linkCode=sl1&tag=voron-20&linkId=5222d60dddd29ef15f4c3451ef2aa265&language=en_US,2026-08-30T15:12:08+00:00,tools.hex-ball-driver-kit
yes,200,product page,amzn.to,https://amzn.to/2W3RSl6,https://www.amazon.com/gp/product/B015Y6JOUG/ref=as_li_ss_tl?ie=UTF8&linkCode=sl1&tag=docjeevescom-20&linkId=99151035d9c462c992b8d7182a51dd82&language=en_US,2026-08-30T15:10:19+00:00,cables.jst-connectors-2pin-3pin-4pin cables.jst-connectors-2pin-3pin-4pin-5pin
yes,200,product page,amzn.to,https://amzn.to/2YdtWOV,https://www.amazon.com/gp/product/B06XHQHD4H/ref=as_li_ss_tl?ie=UTF8&tag=&linkCode=sl1&tag=docjeevescom-20&linkId=e5d6005af9c322e08c4cb37b8aba9607&language=en_US,2026-08-30T15:11:26+00:00,hardware.makerbeam-xl-m3-t-nut
yes,200,product page,amzn.to,https://amzn.to/2Ywn4JB,https://www.amazon.com/gp/product/B00GTAB20M/ref=as_li_ss_tl?ie=UTF8&psc=1&linkCode=sl1&tag=voron-20&linkId=aa52eee09daee7519284f855aed7a3f2&language=en_US,2026-08-30T15:11:29+00:00,misc.3m-vhb-tape
yes,200,product page,amzn.to,https://amzn.to/2l0UXE0,https://www.amazon.com/Silverstone-Professional-Fine-Tuned-Performance-FW121/dp/B00NOTVCUQ/ref=as_li_ss_tl?th=1&linkCode=sl1&tag=docjeevescom-20&linkId=b4fdc1c58eb246584db6e2e8439ab58f&language=en_US,2026-08-30T15:10:35+00:00,electronics.120x120x15-fan-12v-rear-can-use-120x120x25-fan
yes,200,product page,amzn.to,https://amzn.to/2l5ZXY8,https://www.amazon.com/gp/product/B01G0I0ZZK/ref=as_li_ss_tl?ie=UTF8&linkCode=sl1&tag=docjeevescom-20&linkId=233af0db1d145a6a79a6b4ce6250c802&language=en_US,2026-08-30T15:10:16+00:00,cables.dupont-female-pin cables.jst-xh-female-pin
yes,200,product page,amzn.to,https://amzn.to/2lqEYQ1,https://www.amazon.com/Paramount-3D-PANTONE-Filament-TRRL3020485A/dp/B01LR4VTMA/ref=as_li_ss_tl?keywords=Paramount+Black+ABS&qid=1569412059&sr=8-6&linkCode=sl1&tag=docjeevescom-20&linkId=716f78d29357e2dd2d0ff80e913c1cdf&language=en_US,2026-08-30T15:11:07+00:00,filament.secondary-color-red
yes,200,product page,amzn.to,https://amzn.to/2ltf8Lj,https://www.amazon.com/HATCHBOX-3D-Filament-Dimensional-Accuracy/dp/B00J0HB1YI/ref=as_li_ss_tl?keywords=Hatchbox+Red+ABS&qid=1569412254&sr=8-1&linkCode=sl1&tag=docjeevescom-20&linkId=3f05c510dce172e0b8e2db0e6f8dbcf2&language=en_US,2026-08-30T15:11:10+00:00,filament.secondary-color-red
yes,200,product page,amzn.to,https://amzn.to/2mzoRjl,https://www.amazon.com/gp/product/B01M06HTVH/ref=as_li_ss_tl?ie=UTF8&linkCode=sl1&tag=docjeevescom-20&linkId=73409843129ef2159b7540c9dc5dd048&language=en_US,2026-08-30T16:19:10+00:00,cables.nylon-cable-ties-4
yes,200,product page,amzn.to,https://amzn.to/2n2ZF4K,https://www.amazon.com/gp/product/B0069TRKJ0/ref=as_li_ss_tl?ie=UTF8&psc=1&linkCode=sl1&tag=docjeevescom-20&linkId=c183f30d8e3a30b4aace815aedcec8b7&language=en_US,2026-08-30T15:12:15+00:00,tools.ratcheting-wire-terminal-crimper
yes,200,product page,amzn.to,https://amzn.to/2nb63qR,https://www.amazon.com/Paramount-3D-PANTONE-1-75mm-Filament/dp/B01LR4RTJC/ref=as_li_ss_tl?keywords=Paramount+Black+ABS&qid=1569412059&sr=8-1-spons&psc=1&spLa=ZW5jcnlwdGVkUXVhbGlmaWVyPUEyTTNLUzQyUjNWRTYyJmVuY3J5cHRlZElkPUEwMzcwMTIzMjZETUZXRlFJWFlCSiZlbmNyeXB0ZWRBZElkPUEwOTQyMTM0MVFHUTc2NEpXRzlCWSZ3aWRnZXROYW1lPXNwX2F0ZiZhY3Rpb249Y2xpY2tSZWRpcmVjdCZkb05vdExvZ0NsaWNrPXRydWU=&linkCode=sl1&tag=docjeevescom-20&linkId=06e23e2bbb6d003cd4f8981e95d851c9&language=en_US,2026-08-30T15:11:04+00:00,filament.primary-color-black
yes,200,product page,amzn.to,https://amzn.to/2nbHqdL,https://www.amazon.com/gp/product/B000OQ21CA/ref=as_li_ss_tl?ie=UTF8&psc=1&linkCode=sl1&tag=docjeevescom-20&linkId=c52a1777b7a891baf20a5f8de0cdf1ca&language=en_US,2026-08-30T15:11:49+00:00,tools.auto-adjusting-wire-strippers
yes,200,product page,amzn.to,https://amzn.to/2qxGYIn,https://www.amazon.com/uxcell-Thick-Adhesive-Weather-Strip/dp/B07L6JKJD1/ref=as_li_ss_tl?ie=UTF8&linkCode=sl1&tag=voron-20&linkId=65d2f4fc5923ba9621d7af5f8b8ed1fe&language=en_US,2026-08-30T15:11:32+00:00,misc.foam-panel-tape-5mm-wide-1mm-thick
yes,200,product page,amzn.to,https://amzn.to/30dTCcN,https://www.amazon.com/dp/B06XCZC89W/ref=as_li_ss_tl?ie=UTF8&linkCode=sl1&tag=voron-20&linkId=f69aa009542e96456348ad20b1b99f02&language=en_US,2026-08-30T15:11:58+00:00,tools.ferrule-crimping-tool
yes,200,product page,amzn.to,https://amzn.to/325amWA,"https://www.amazon.com/STEPPERONLINE-Stepper-Bipolar-Connector-compatible/dp/B00PNEQKC0/ref=as_li_ss_tl?crid=3HWFT2JRA2OQE&dchild=1&keywords=17hs19-2004s1&qid=1599500107&s=industrial&sprefix=17hs19,industrial,156&sr=1-4&linkCode=sl1&tag=docjeevescom-20&linkId=6640b737811ba695d1a357ec7547417e&language=en_US",2026-08-30T15:10:57+00:00,electronics.nema17-motor-17hs19-2004s
yes,200,product page,amzn.to,https://amzn.to/33MNSri,https://www.amazon.com/BIGTREETECH-TMC2209-Stepper-Driver-Printer/dp/B07W5S3KVF/ref=as_li_ss_tl?ie=UTF8&linkCode=sl1&tag=voron-20&linkId=88ac02ad30f761047bae63ab80e4b396&language=en_US,2026-08-30T16:19:17+00:00,controller.tmc2209-stepsticks-for-skr-1-3
yes,200,product page,amzn.to,https://amzn.to/35gPg7q,https://www.amazon.com/gp/product/B00LAAZ2UW/ref=as_li_ss_tl?ie=UTF8&linkCode=sl1&tag=docjeevescom-20&linkId=102259cb220e4a7fb1ff3e50570afbc4&language=en_US,2026-08-30T15:10:54+00:00,electronics.led-light-bar-12v-24v
yes,200,product page,amzn.to,https://amzn.to/3aHQ2M1,https://www.amazon.com/gp/product/B06XHQH9WH/ref=as_li_ss_tl?ie=UTF8&linkCode=sl1&tag=docjeevescom-20&linkId=957d11effd2012f14616ae474c3f52e5&language=en_US,2026-08-30T15:11:13+00:00,frame.makerbeam-xl-15x15-200mm
yes,200,product page,amzn.to,https://amzn.to/3c0xpEh,https://www.amazon.com/gp/product/B07W5J19Y5/ref=as_li_ss_tl?ie=UTF8&linkCode=sl1&tag=mnlasercuttin-20&linkId=967f795fd2b6fabe06051966e9708793&language=en_US,2026-08-30T15:11:16+00:00,hardware.m2x8-shcs
yes,200,product page,amzn.to,https://amzn.to/3eiB1CM,https://www.amazon.com/gp/product/B078SD2XGL/ref=as_li_ss_tl?ie=UTF8&psc=1&linkCode=sl1&tag=mnlasercutt09-20&linkId=2d14ab196e6255f88ea425fe6fb23b00&language=en_US,2026-08-30T16:26:14+00:00,motion.gt2-16t-toothed-idler-w-bearing-6mm-wide-3mm-bore-13mmod
yes,200,product page,amzn.to,https://amzn.to/3isiyWo,https://www.amazon.com/gp/product/B0088MQA10/ref=as_li_ss_tl?ie=UTF8&psc=1&linkCode=sl1&tag=docjeevescom-20&linkId=48cf1686476909da5c1254ccd4504ca6&language=en_US,2026-08-30T15:11:42+00:00,motion.key-bak-super48-36-13oz
yes,200,product page,amzn.to,https://amzn.to/3kzV6bz,https://www.amazon.com/BIGTREETECH-TMC2209-Stepper-Driver-Printer/dp/B07W5S3KVF/ref=as_li_ss_tl?dchild=1&keywords=BTT+2209&qid=1597166172&sr=8-3&linkCode=sl1&tag=docjeevescom-20&linkId=c9bbc013daa181633ae12f7c0fc63333&language=en_US,2026-08-30T16:19:14+00:00,controller.tmc2209-stepper-motor-driver
yes,200,http 200,arrow.com,https://www.arrow.com/en/products/43020-0801/molex,https://www.arrow.com/en/products/43020-0801/molex.html,2026-08-30T16:26:24+00:00,cables.microfit-connector-receptacle-8-position-43020-0801
yes,200,http 200,arrow.com,https://www.arrow.com/en/products/76650-0159/molex,https://www.arrow.com/en/products/76650-0159/molex.html,2026-08-30T16:26:27+00:00,cables.microfit3-dual-row-10circuits-male-female-plug cables.microfit3-male-female-plugs
yes,200,http 200,boltdepot.com,https://boltdepot.com/Product-Details?product=18955,,2026-08-30T16:27:18+00:00,fasteners.m5x40-bhcs
yes,200,http 200,boltdepot.com,https://www.boltdepot.com/Metric_hex_nuts_Stainless_steel_18-8_(A-2).aspx,https://boltdepot.com/Metric_hex_nuts_Stainless_steel_18-8_(A-2),2026-08-30T16:27:04+00:00,fasteners.m5-hexnut hardware.m2-nut hardware.m3-hexnut
yes,200,http 200,boltdepot.com,https://www.boltdepot.com/Metric_socket_button_head_Class_12.9_alloy_steel_black_oxide_finish_3mm_x_0.5mm.aspx,https://boltdepot.com/Metric_socket_button_head_Class_12.9_alloy_steel_black_oxide_finish_3mm_x_0.5mm,2026-08-30T16:26:52+00:00,fasteners.m3x6-bhcs hardware.m3x10-bhcs hardware.m3x12-bhcs hardware.m3x16-bhcs hardware.m3x35-bhcs hardware.m3x8-bhcs
yes,200,http 200,boltdepot.com,https://www.boltdepot.com/Metric_socket_button_head_Class_12.9_alloy_steel_black_oxide_finish_5mm_x_0.8mm.aspx,https://boltdepot.com/Metric_socket_button_head_Class_12.9_alloy_steel_black_oxide_finish_5mm_x_0.8mm,2026-08-30T16:27:34+00:00,hardware.m5x35mm-bhcs
yes,200,http 200,boltdepot.com,https://www.boltdepot.com/Metric_socket_cap_Class_12.9_alloy_steel_black_oxide_finish_2mm_x_0.4mm.aspx,https://boltdepot.com/Metric_socket_cap_Class_12.9_alloy_steel_black_oxide_finish_2mm_x_0.4mm,2026-08-30T16:27:22+00:00,hardware.m2x6-bhcs-shcs hardware.m2x6-shcs hardware.m2x8-shcs
yes,200,http 200,boltdepot.com,https://www.boltdepot.com/Product-Details.aspx?product=13249,https://boltdepot.com/Product-Details?product=13249,2026-08-30T16:26:54+00:00,fasteners.m3x6-fhcs
yes,200,http 200,boltdepot.com,https://www.boltdepot.com/Product-Details.aspx?product=13334,https://boltdepot.com/Product-Details?product=13334,2026-08-30T16:26:50+00:00,fasteners.m3x6-bhcs
yes,200,http 200,boltdepot.com,https://www.boltdepot.com/Product-Details.aspx?product=13343,https://boltdepot.com/Product-Details?product=13343,2026-08-30T16:27:09+00:00,fasteners.m5x10-bhcs
yes,200,http 200,boltdepot.com,https://www.boltdepot.com/Product-Details.aspx?product=13345,https://boltdepot.com/Product-Details?product=13345,2026-08-30T16:27:13+00:00,fasteners.m5x16-bhcs
yes,200,http 200,boltdepot.com,https://www.boltdepot.com/Product-Details.aspx?product=13348,https://boltdepot.com/Product-Details?product=13348,2026-08-30T16:27:16+00:00,fasteners.m5x30-bhcs
yes,200,http 200,boltdepot.com,https://www.boltdepot.com/Product-Details.aspx?product=13633,https://boltdepot.com/Product-Details?product=13633,2026-08-30T16:26:59+00:00,fasteners.m3x8-shcs
yes,200,http 200,boltdepot.com,https://www.boltdepot.com/Product-Details.aspx?product=13634,https://boltdepot.com/Product-Details?product=13634,2026-08-30T16:26:55+00:00,fasteners.m3x6-shcs
yes,200,http 200,boltdepot.com,https://www.boltdepot.com/Product-Details.aspx?product=13635,https://boltdepot.com/Product-Details?product=13635,2026-08-30T16:26:57+00:00,fasteners.m3x8-shcs
yes,200,http 200,boltdepot.com,https://www.boltdepot.com/Product-Details.aspx?product=13637,https://boltdepot.com/Product-Details?product=13637,2026-08-30T16:26:40+00:00,fasteners.m3x12-shcs
yes,200,http 200,boltdepot.com,https://www.boltdepot.com/Product-Details.aspx?product=13638,https://boltdepot.com/Product-Details?product=13638,2026-08-30T16:26:41+00:00,fasteners.m3x16-shcs
yes,200,http 200,boltdepot.com,https://www.boltdepot.com/Product-Details.aspx?product=13639,https://boltdepot.com/Product-Details?product=13639,2026-08-30T16:26:43+00:00,fasteners.m3x20-shcs
yes,200,http 200,boltdepot.com,https://www.boltdepot.com/Product-Details.aspx?product=13640,https://boltdepot.com/Product-Details?product=13640,2026-08-30T16:26:45+00:00,fasteners.m3x25-shcs
yes,200,http 200,boltdepot.com,https://www.boltdepot.com/Product-Details.aspx?product=13641,https://boltdepot.com/Product-Details?product=13641,2026-08-30T16:26:47+00:00,fasteners.m3x30-shcs
yes,200,http 200,boltdepot.com,https://www.boltdepot.com/Product-Details.aspx?product=15294,https://boltdepot.com/Product-Details?product=15294,2026-08-30T16:27:28+00:00,hardware.m3x40-bhcs
yes,200,http 200,boltdepot.com,https://www.boltdepot.com/Product-Details.aspx?product=15646,https://boltdepot.com/Product-Details?product=15646,2026-08-30T16:27:08+00:00,fasteners.m5x10-bhcs
yes,200,http 200,boltdepot.com,https://www.boltdepot.com/Product-Details.aspx?product=15648,https://boltdepot.com/Product-Details?product=15648,2026-08-30T16:27:11+00:00,fasteners.m5x16-bhcs
yes,200,http 200,boltdepot.com,https://www.boltdepot.com/Product-Details.aspx?product=15650,https://boltdepot.com/Product-Details?product=15650,2026-08-30T16:27:32+00:00,hardware.m5x25-bhcs
yes,200,http 200,boltdepot.com,https://www.boltdepot.com/Product-Details.aspx?product=15651,https://boltdepot.com/Product-Details?product=15651,2026-08-30T16:27:15+00:00,fasteners.m5x30-bhcs
yes,200,http 200,boltdepot.com,https://www.boltdepot.com/Product-Details.aspx?product=18942,https://boltdepot.com/Product-Details?product=18942,2026-08-30T16:27:25+00:00,hardware.m3x25-bhcs
yes,200,http 200,boltdepot.com,https://www.boltdepot.com/Product-Details.aspx?product=18943,https://boltdepot.com/Product-Details?product=18943,2026-08-30T16:27:27+00:00,hardware.m3x30-bhcs
yes,200,http 200,boltdepot.com,https://www.boltdepot.com/Product-Details.aspx?product=18944,https://boltdepot.com/Product-Details?product=18944,2026-08-30T16:27:01+00:00,fasteners.m4x6-bhcs
yes,200,http 200,boltdepot.com,https://www.boltdepot.com/Product-Details.aspx?product=2423,https://boltdepot.com/Product-Details?product=2423,2026-08-30T16:26:32+00:00,fasteners.4-x-3-8-flat-head-self-tapping-screw
yes,200,http 200,boltdepot.com,https://www.boltdepot.com/Product-Details.aspx?product=25940,https://boltdepot.com/Product-Details?product=25940,2026-08-30T16:37:19+00:00,fasteners.6x6x3-spacer
yes,200,http 200,boltdepot.com,https://www.boltdepot.com/Product-Details.aspx?product=4370,https://boltdepot.com/Product-Details?product=4370,2026-08-30T16:37:20+00:00,fasteners.m3-locknut
yes,200,http 200,boltdepot.com,https://www.boltdepot.com/Product-Details.aspx?product=4513,https://boltdepot.com/Product-Details?product=4513,2026-08-30T16:26:38+00:00,fasteners.m3-washer
yes,200,http 200,boltdepot.com,https://www.boltdepot.com/Product-Details.aspx?product=4783,https://boltdepot.com/Product-Details?product=4783,2026-08-30T16:27:23+00:00,hardware.m3-hexnut
yes,200,http 200,boltdepot.com,https://www.boltdepot.com/Product-Details.aspx?product=4785,https://boltdepot.com/Product-Details?product=4785,2026-08-30T16:27:02+00:00,fasteners.m5-hexnut
yes,200,http 200,boltdepot.com,https://www.boltdepot.com/Product-Details.aspx?product=4792,https://boltdepot.com/Product-Details?product=4792,2026-08-30T16:26:36+00:00,fasteners.m3-locknut
yes,200,http 200,boltdepot.com,https://www.boltdepot.com/Product-Details.aspx?product=4803,https://boltdepot.com/Product-Details?product=4803,2026-08-30T16:27:06+00:00,fasteners.m5-locknut
yes,200,http 200,boltdepot.com,https://www.boltdepot.com/Product-Details.aspx?product=6387,https://boltdepot.com/Product-Details?product=6387,2026-08-30T16:26:48+00:00,fasteners.m3x40-shcs
yes,200,http 200,boltdepot.com,https://www.boltdepot.com/Product-Details.aspx?product=6527,https://boltdepot.com/Product-Details?product=6527,2026-08-30T16:27:20+00:00,fasteners.m5x40-shcs
yes,200,http 200,boltdepot.com,https://www.boltdepot.com/Product-Details.aspx?product=8828,https://boltdepot.com/Product-Details?product=8828,2026-08-30T16:27:30+00:00,hardware.m3x6mm-set-screw
yes,200,http 200,bondtech.se,https://www.bondtech.se/en/product/ballbearing-5x8x2-5,https://www.bondtech.se/product/ballbearing-5x8x2-5/?v=a672068055fa,2026-08-30T16:53:37+00:00,extruder.mr85-bearing
yes,200,http 200,bondtech.se,https://www.bondtech.se/en/product/drivegear-kits,https://www.bondtech.se/product/drivegear-kits/?v=0b3b97fa6688,2026-08-30T16:53:33+00:00,extruder.bondtech-drive-gear-kit-5mmid hardware.bondtech-drive-gear-kit
yes,200,http 200,bondtech.se,https://www.bondtech.se/en/product/motor-gear,https://www.bondtech.se/product/motor-gear/?v=0b3b97fa6688,2026-08-30T16:53:35+00:00,extruder.bondtech-motor-gear-bowden-only
yes,200,http 200,bondtech.se,https://www.bondtech.se/en/product/shaft-assembly,https://www.bondtech.se/product/shaft-assembly/?v=0b3b97fa6688,2026-08-30T16:53:38+00:00,extruder.shaft-idler-assembly
yes,200,http 200,bondtech.se,https://www.bondtech.se/en/product/thumbscrew-assembly,https://www.bondtech.se/product/thumbscrew-assembly/?v=0b3b97fa6688,2026-08-30T16:53:40+00:00,hardware.thumb-screw-assembly
yes,200,http 200,catalog.cshyde.com,https://catalog.cshyde.com/item/pei-sheet-3d-printing-build-surface/10-mil-ultem-pei-w-3m-acrylic-adhesive/36-10a-3d-4-7x4-7,https://cshyde.com/item/pei-sheet-3d-printing-build-surface/10-mil-ultem-pei-w-3m-acrylic-adhesive/36-10a-3d-4-7x4-7,2026-08-30T16:53:42+00:00,buildplate.pei-3m-468p-200mp
yes,200,http 200,catalog.cshyde.com,https://catalog.cshyde.com/item/pei-ultem/int-surface-10-mil-ultem-pei-w-3m-acrylic-adhesive/36-10a-3d-12x12,https://cshyde.com/item/3d-printing-materials/ultem-pei/36-10a-3d-12x12,2026-08-30T16:53:39+00:00,buildplate.pei-3m-468p-200mp
yes,200,http 200,catalog.cshyde.com,https://catalog.cshyde.com/item/pei-ultem/int-surface-10-mil-ultem-pei-w-3m-acrylic-adhesive/36-10a-3d-14x14,https://cshyde.com/item/pei-sheet-3d-printing-build-surface/10-mil-ultem-pei-w-3m-acrylic-adhesive/36-10a-3d-14x14,2026-08-30T16:53:44+00:00,buildplate.pei-3m-468p-200mp
yes,200,http 200,catalog.cshyde.com,https://catalog.cshyde.com/item/pei-ultem/int-surface-10-mil-ultem-pei-w-3m-acrylic-adhesive/36-10a-3d-9-84-12-40,https://cshyde.com/item/pei-sheet-3d-printing-build-surface/10-mil-ultem-pei-w-3m-acrylic-adhesive/36-10a-3d-9-84-12-40,2026-08-30T16:53:38+00:00,buildplate.pei-3m-468p-200mp
yes,200,http 200,clever3d.de,https://clever3d.de/epages/7a4290fc-7c7f-46cc-9b99-eadef22228e2.sf/en_US?ObjectPath=%2FShops%2F7a4290fc-7c7f-46cc-9b99-eadef22228e2%2FProducts%2FAluGuss8mm,https://clever3d.de/p/feinstgefraeste-aluminium-guss-platte-8mm-preis-pro-cm,2026-08-30T15:13:31+00:00,buildplate.aluminum-build-plate-mic6-atp-5-jig-plate-etc-120x120mm-4-75inx4-75in-1-4in-or-6mm-depending-on-whats-available-in-your-country.voron-0 buildplate.aluminum-build-plate-mic6-atp-5-jig-plate-etc-120x120mm-4-75inx4-75in-1-4in-or-6mm-depending-on-whats-available-in-your-country.voron-0.1 buildplate.aluminum-build-plate-mic6-atp-5-jig-plate-etc-120x120mm-4-75inx4-75in-1-4in-or-6mm-depending-on-whats-available-in-your-country.voron-0.2 buildplate.aluminum-build-plate-mic6-atp-5-jig-plate-etc-5-16in-or-8mm-depending-on-whats-available-in-your-country.voron-1.6.2 buildplate.aluminum-build-plate-mic6-atp-5-jig-plate-etc-5-16in-or-8mm-depending-on-whats-available-in-your-country.voron-1.8 buildplate.aluminum-build-plate-mic6-atp-5-jig-plate-etc-5-16in-or-8mm-depending-on-whats-available-in-your-country.voron-2.2 buildplate.aluminum-build-plate-mic6-atp-5-jig-plate-etc-5-16in-or-8mm-depending-on-whats-available-in-your-country.voron-2.4 buildplate.aluminum-build-plate-mic6-atp-5-jig-plate-etc-5-16in-or-8mm-depending-on-whats-available-in-your-country.voron-trident
yes,200,http 200,digikey.com,https://www.digikey.com/catalog/en/partgroup/micro-fit-3-0-series/22521,https://www.digikey.com/en/products,2026-08-30T17:02:03+00:00,tools.microfit-depinning-tool
yes,200,http 200,digikey.com,https://www.digikey.com/en/products/detail/adam-tech/IEC-GS-1-100/9831135,,2026-08-30T17:01:19+00:00,electronics.ac-inlet electronics.iec320-c14-inlet electronics.iec320-c14-inlet-push-fit-w-rocker-switch-fuse
yes,200,http 200,digikey.com,https://www.digikey.com/en/products/detail/delta-electronics/ASB0305HP-00CP4/7403227,,2026-08-30T17:01:07+00:00,electronics.3007-axial-fan-5v-min-3-5cfm
yes,200,http 200,digikey.com,https://www.digikey.com/en/products/detail/delta-electronics/BFB0305HHA-C/11563392,,2026-08-30T17:01:11+00:00,electronics.3010-blower-fans-24v
yes,200,http 200,digikey.com,https://www.digikey.com/en/products/detail/idec/BAA1000/8344276,,2026-08-30T17:01:24+00:00,electronics.din-rail
yes,200,http 200,digikey.com,https://www.digikey.com/en/products/detail/littelfuse-inc/0232004-MXP/778023,,2026-08-30T17:01:28+00:00,electronics.fuse-medium-time-delay-acting-4a-250v-holder-cartridge-5-x-20mm-glass
yes,200,http 200,digikey.com,https://www.digikey.com/en/products/detail/littelfuse-inc/061702-5MXP/5233765,,2026-08-30T17:01:26+00:00,electronics.fuse-2-5a-250v-holder-cartridge-5-x-20mm-glass
yes,200,http 200,digikey.com,https://www.digikey.com/en/products/detail/mean-well-usa-inc/TBC-05/7707107,,2026-08-30T17:02:00+00:00,electronics.tbc-05-terminal-cover-optional-for-rs-25-5
yes,200,http 200,digikey.com,https://www.digikey.com/en/products/detail/mechatronics-fan-group/MR3010H05B1-RSR/7605851,,2026-08-30T17:01:09+00:00,electronics.3010-axial-fan-24v
yes,200,http 200,digikey.com,https://www.digikey.com/en/products/detail/molex/0766500159/2116044,,2026-08-30T17:00:55+00:00,cables.microfit3-male-female-plugs
yes,200,http 200,digikey.com,https://www.digikey.com/en/products/detail/omron-automation-and-safety/G3NA-210B-UTU-DC5-24/634443,,2026-08-30T17:01:43+00:00,electronics.omron-g3na-210b-dc5-10a-or-crydom-d2425-25a-or-crydom-84134000-10a-ssr electronics.omron-g3na-210b-dc5-10a-or-crydom-d2425-25a-or-crydom-84134000-10a-ssr-or-panasonic-aqa211vl-15a
yes,200,http 200,digikey.com,https://www.digikey.com/en/products/detail/omron-automation-and-safety/tl-q5mc2/2669828,,2026-08-30T17:01:31+00:00,electronics.inductive-probe
yes,200,http 200,digikey.com,https://www.digikey.com/en/products/detail/omron-electronics-inc-emc-div/D2F-01L/83264,,2026-08-30T17:01:51+00:00,electronics.omron-mouse-button-micro-switch
yes,200,http 200,digikey.com,https://www.digikey.com/en/products/detail/panasonic-electric-works/AQA211VL/2364682,,2026-08-30T17:01:48+00:00,electronics.omron-g3na-210b-dc5-10a-or-crydom-d2425-25a-or-crydom-84134000-10a-ssr-or-panasonic-aqa211vl-15a
yes,200,http 200,digikey.com,https://www.digikey.com/en/products/detail/panasonic-industrial-automation-sales/GX-HL15B/3896951,,2026-08-30T17:01:29+00:00,electronics.inductive-probe
yes,200,http 200,digikey.com,https://www.digikey.com/en/products/detail/sunon-fans/4127-MF30060V1-1000U-A99/9838567,,2026-08-30T17:01:06+00:00,electronics.3007-axial-fan-5v-min-3-5cfm
yes,200,http 200,digikey.com,https://www.digikey.com/en/products/detail/te-connectivity-corcom-filters/3-1609115-4/2032295,,2026-08-30T17:02:02+00:00,electronics.tycoelectronics-10egg1-1-normal-or-10ehg1-1-medical-filtered-power-inlet
yes,200,http 200,digikey.com,https://www.digikey.com/product-detail/en/BAT85S-TR/BAT85SCT-ND/3104371,https://www.digikey.com/en/products/detail/BAT85S-TR/BAT85SCT-ND/3104371,2026-08-30T17:01:21+00:00,electronics.bat85-diode
yes,200,http 200,digikey.com,https://www.digikey.com/product-detail/en/amphenol-icc-fci/47649-000LF/609-3614-1-ND/2044035,https://www.digikey.com/en/products/detail/amphenol-icc-fci/47649-000LF/609-3614-1-ND/2044035,2026-08-30T17:00:51+00:00,cables.dupont-female-pin cables.jst-xh-female-pin
yes,200,http 200,digikey.com,https://www.digikey.com/product-detail/en/amphenol-icc-fci/65039-033ELF/609-5481-ND/4272532,https://www.digikey.com/en/products/detail/amphenol-icc-fci/65039-033ELF/609-5481-ND/4272532,2026-08-30T17:00:49+00:00,cables.dupont-connector-plug-4-position cables.jst-xh-connector-plug-4-position
yes,200,http 200,digikey.com,https://www.digikey.com/product-detail/en/amphenol-icc-fci/65039-034ELF/609-5482-ND/4272533,https://www.digikey.com/en/products/detail/amphenol-icc-fci/65039-034ELF/609-5482-ND/4272533,2026-08-30T17:00:48+00:00,cables.dupont-connector-plug-3-position cables.jst-xh-connector-plug-3-position
yes,200,http 200,digikey.com,https://www.digikey.com/product-detail/en/amphenol-icc-fci/65039-035ELF/609-5483-ND/4272534,https://www.digikey.com/en/products/detail/amphenol-icc-fci/65039-035ELF/609-5483-ND/4272534,2026-08-30T17:00:46+00:00,cables.dupont-connector-plug-2-position cables.jst-xh-connector-plug-2-position
yes,200,http 200,digikey.com,https://www.digikey.com/product-detail/en/delta-electronics/BFB0412HHA-A117/603-1840-ND/5022816,https://www.digikey.com/en/products/detail/delta-electronics/BFB0412HHA-A117/603-1840-ND/5022816,2026-08-30T17:01:13+00:00,electronics.40x40x10-centrifugal-blower-fan-12v
yes,200,http 200,digikey.com,https://www.digikey.com/product-detail/en/delta-electronics/EFB0412HD-F00/603-1396-ND/2560520,https://www.digikey.com/en/products/detail/delta-electronics/EFB0412HD-F00/603-1396-ND/2560520,2026-08-30T17:01:16+00:00,electronics.40x40x20-axial-fan-12v
yes,200,http 200,digikey.com,https://www.digikey.com/product-detail/en/delta-electronics/EFB0412HD/603-1009-ND/1014340,https://www.digikey.com/en/products/detail/delta-electronics/EFB0412HD/603-1009-ND/1014340,2026-08-30T17:01:15+00:00,electronics.40x40x20-axial-fan-12v
yes,200,http 200,digikey.com,https://www.digikey.com/product-detail/en/jst-sales-america-inc/SXH-001T-P0.6/455-1135-1-ND/527370,https://www.digikey.com/en/products/detail/jst-sales-america-inc/SXH-001T-P0.6/455-1135-1-ND/527370,2026-08-30T17:00:57+00:00,controller.jst-crimp-pin-22-28awg
yes,200,http 200,digikey.com,https://www.digikey.com/product-detail/en/jst-sales-america-inc/XHP-2/455-2266-ND/555485,https://www.digikey.com/en/products/detail/jst-sales-america-inc/XHP-2/455-2266-ND/555485,2026-08-30T17:00:59+00:00,controller.jst-xhp-2-housing
yes,200,http 200,digikey.com,https://www.digikey.com/product-detail/en/jst-sales-america-inc/XHP-3/455-2219-ND/1651017,https://www.digikey.com/en/products/detail/jst-sales-america-inc/XHP-3/455-2219-ND/1651017,2026-08-30T17:01:01+00:00,controller.jst-xhp-3-housing
yes,200,http 200,digikey.com,https://www.digikey.com/product-detail/en/jst-sales-america-inc/XHP-4/455-2267-ND/683353,https://www.digikey.com/en/products/detail/jst-sales-america-inc/XHP-4/455-2267-ND/683353,2026-08-30T17:01:03+00:00,controller.jst-xhp-4-housing
yes,200,http 200,digikey.com,https://www.digikey.com/product-detail/en/mean-well-usa-inc/RS-25-12/1866-4140-ND/7706175,https://www.digikey.com/en/products/detail/mean-well-usa-inc/RS-25-12/1866-4140-ND/7706175,2026-08-30T17:01:55+00:00,electronics.small-12v-psu-for-lights-etc-for-24v-builds
yes,200,http 200,digikey.com,https://www.digikey.com/product-detail/en/mean-well-usa-inc/RS-25-5/1866-4145-ND/7706180,https://www.digikey.com/en/products/detail/mean-well-usa-inc/RS-25-5/1866-4145-ND/7706180,2026-08-30T17:01:41+00:00,electronics.meanwell-rs-25-5-psu
yes,200,http 200,digikey.com,https://www.digikey.com/product-detail/en/molex/0008500113/WM1114CT-ND/467980,https://www.digikey.com/en/products/detail/molex/0008500113/WM1114CT-ND/467980,2026-08-30T17:01:04+00:00,controller.kk-crimp-pin
yes,200,http 200,digikey.com,https://www.digikey.com/product-detail/en/omron-electronics-inc-emc-div/D2F-5/Z8845-ND/8593136,https://www.digikey.com/en/products/detail/omron-electronics-inc-emc-div/D2F-5/Z8845-ND/8593136,2026-08-30T17:01:53+00:00,electronics.omron-mouse-button-micro-switch
yes,200,http 200,digikey.com,https://www.digikey.com/product-detail/en/omron-electronics-inc-emc-div/D2F-5L/Z8846-ND/8593137,https://www.digikey.com/en/products/detail/omron-electronics-inc-emc-div/D2F-5L/Z8846-ND/8593137,2026-08-30T17:01:49+00:00,electronics.omron-mouse-button-micro-switch
yes,200,http 200,digikey.com,https://www.digikey.com/product-detail/en/orion-fans/OD6020-24HB/1053-1234-ND/2621139,https://www.digikey.com/en/products/detail/orion-fans/OD6020-24HB/1053-1234-ND/2621139,2026-08-30T17:01:18+00:00,electronics.60x60x20-axial-fan-24v
yes,200,http 200,digikey.com,https://www.digikey.com/product-detail/en/sensata-crydom/84134000/646-1227-ND/1816787,https://www.digikey.com/en/products/detail/sensata-crydom/84134000/646-1227-ND/1816787,2026-08-30T17:01:46+00:00,electronics.omron-g3na-210b-dc5-10a-or-crydom-d2425-25a-or-crydom-84134000-10a-ssr electronics.omron-g3na-210b-dc5-10a-or-crydom-d2425-25a-or-crydom-84134000-10a-ssr-or-panasonic-aqa211vl-15a
yes,200,http 200,digikey.com,https://www.digikey.com/product-detail/en/sensata-crydom/D2425/CC1006-ND/139477,https://www.digikey.com/en/products/detail/sensata-crydom/D2425/CC1006-ND/139477,2026-08-30T17:01:45+00:00,electronics.omron-g3na-210b-dc5-10a-or-crydom-d2425-25a-or-crydom-84134000-10a-ssr electronics.omron-g3na-210b-dc5-10a-or-crydom-d2425-25a-or-crydom-84134000-10a-ssr-or-panasonic-aqa211vl-15a
yes,200,http 200,digikey.com,https://www.digikey.com/product-detail/en/sensata-crydom/ED24D3/CC1825-ND/2665173,https://www.digikey.com/en/products/detail/sensata-crydom/ED24D3/CC1825-ND/2665173,2026-08-30T17:01:23+00:00,electronics.crydom-ed24d3-ssr
yes,200,http 200,digikey.com,https://www.digikey.com/product-detail/en/te-connectivity-amp-connectors/2-520181-2/A27804TR-ND/289246,https://www.digikey.com/en/products/detail/te-connectivity-amp-connectors/2-520181-2/A27804TR-ND/289246,2026-08-30T17:00:54+00:00,cables.insulated-crimp-receptical
yes,200,http 200,digikey.com,https://www.digikey.com/products/en,https://www.digikey.com/en/products,2026-08-30T17:00:52+00:00,cables.fork-spade-terminal cables.insulated-crimp-receptical cables.microfit-connector-plug-2-position-43640-0201 cables.microfit-connector-plug-3-position-43640-0301 cables.microfit-connector-plug-4-position-43640-0401 cables.microfit-connector-receptacle-2-position-43645-0200 cables.microfit-connector-receptacle-3-position-43645-0300 cables.microfit-connector-receptacle-4-position-43645-0400 cables.microfit3-female-pin-43030-0007 cables.microfit3-male-pin-43031-0007 cables.mlx-female-pin-02-08-1002 cables.mlx-male-pin-02-08-2004 cables.mlx-power-plug-3-position-50-84-1030 cables.mlx-power-receptacle-3-position-50-84-2030 controller.2-pin-kk-connector-housing controller.3-pin-kk-connector-housing controller.4-pin-kk-connector-housing controller.5-pin-kk-connector-housing electronics.40x40x20-axial-fan-12v electronics.fuse-medium-time-delay-acting-8a-250v-holder-cartridge-5-x-20mm-glass electronics.mean-well-lrs-200-12-psu electronics.mean-well-lrs-200-24-psu electronics.omron-g3na-210b-dc5-10a-or-crydom-d2425-25a-or-crydom-84134000-10a-ssr electronics.power-supply-for-24v-conversions electronics.tbc-09-terminal-cover-optional-for-lrs-200-24 electronics.tycoelectronics-10egg1-2-normal-or-10ehg1-2-medical-filtered-power-inlet electronics.zf-rocker-switches-dpst-16a-on-off
yes,200,http 200,docs.ldomotors.com,https://docs.ldomotors.com/en/voron/LDO_Voron_Distributors,,2026-08-30T15:14:33+00:00,electronics.nema17-motor-17hs08-1004s electronics.nema17-motor-17hs19-2004s-min-35mm-shaft-for-double-shear frame.misumi-hfsb5-2020-size-depends-use-configurator motion.linear-rail-mgn12h-for-x-axis
yes,200,http 200,e3d-online.com,https://e3d-online.com/products/pt100-temperature-sensor,,2026-08-30T16:57:07+00:00,electronics.pt100-rtd-sensor
yes,200,http 200,e3d-online.com,https://e3d-online.com/products/revo-voron,https://e3d-online.com/pages/revo-configurator,2026-08-30T16:53:41+00:00,electronics.e3d-revo-voron
yes,200,http 200,filastruder.com,https://www.filastruder.com/collections/bondtech/products/bondtech-motor-gear,,2026-08-30T16:53:54+00:00,extruder.bondtech-motor-gear-bowden-only
yes,200,http 200,filastruder.com,https://www.filastruder.com/collections/bondtech/products/bondtech-shaft-gear-assembly,,2026-08-30T16:53:56+00:00,extruder.shaft-idler-assembly
yes,200,http 200,filastruder.com,https://www.filastruder.com/collections/bondtech/products/bondtech-thumbscrew-assembly,,2026-08-30T16:53:58+00:00,hardware.thumb-screw-assembly
yes,200,http 200,filastruder.com,https://www.filastruder.com/collections/bondtech/products/drivegear-kit,,2026-08-30T16:53:53+00:00,extruder.bondtech-drive-gear-kit-5mmid hardware.bondtech-drive-gear-kit
yes,200,http 200,filastruder.com,https://www.filastruder.com/collections/electronics/products/duet-wifi,,2026-08-30T16:53:46+00:00,controller.duet-2-wifi
yes,200,http 200,filastruder.com,https://www.filastruder.com/collections/electronics/products/duex2-and-duex-5-expansion-board,,2026-08-30T16:53:43+00:00,controller.duet-2-duex5
yes,200,http 200,filastruder.com,https://www.filastruder.com/collections/electronics/products/temperature-sensor-boards-for-duet,,2026-08-30T16:53:44+00:00,controller.duet-2-pt100-daughter-board
yes,200,http 200,filastruder.com,https://www.filastruder.com/products/all-metal-e3d-v6-hotend,,2026-08-30T16:53:47+00:00,electronics.e3d-v6-bowden-hotend-kit-24v hotend.e3d-v6-bowden-hotend-kit-12v
yes,200,http 200,filastruder.com,https://www.filastruder.com/products/bondtech-bmg-internals-set?_pos=1&_sid=8f05bd81a&_ss=r,,2026-08-30T16:53:51+00:00,extruder.bmg-extruder-kit-used-for-gears
yes,200,http 200,filastruder.com,https://www.filastruder.com/products/bowden-couplings-all-types?variant=21285997380,,2026-08-30T16:54:00+00:00,misc.john-guest-bowden-coupling-1-8-bspp-4mm-tubing
yes,200,http 200,filastruder.com,https://www.filastruder.com/products/gates-2gt-idler,,2026-08-30T16:54:01+00:00,motion.gt2-20t-6mm-wide-toothed-idler-5mm-bore motion.gt2-20t-9mm-wide-toothed-idler-5mm-bore
yes,200,http 200,filastruder.com,https://www.filastruder.com/products/solid-state-relay?_pos=1&_sid=f58b74679&_ss=r,,2026-08-30T16:53:49+00:00,electronics.omron-g3na-210b-dc5-10a-or-crydom-d2425-25a-or-crydom-84134000-10a-ssr-or-panasonic-aqa211vl-15a
yes,200,http 200,github.com,https://github.com/VoronDesign/Voron-Hardware/tree/master/V0_Display,,2026-08-30T16:53:57+00:00,electronics.v0-display
yes,200,http 200,grainger.com,https://www.grainger.com/product/LOCTITE-Retaining-Compound-19TT75,,2026-08-30T15:14:55+00:00,tools.loctite-641-or-609-shaft-retaining-compound-medium-strength-good-to-300f
yes,200,http 200,hobbytown.com,https://www.hobbytown.com/protek-rc-3x5x0.5mm-clutch-washer-10-ptk-h-5911/p188799,,2026-08-30T16:57:08+00:00,hardware.3x5x0-5-shim-ring-3mm-id-5mm-od
yes,200,http 200,igus.com,https://www.igus.com/search?q=EGLM-05,,2026-08-30T15:14:58+00:00,motion.ge5c-spherical-bearing
yes,200,http 200,keenovo.store,https://keenovo.store/collections/standard-keenovo-silicone-heaters/products/keenovo-square-silicone-heater-3d-printer-build-plate-heatbed-heating-pad?variant=33194097803404,,2026-08-30T16:54:09+00:00,buildplate.silicone-dc-24v-heater-100x100mm-60w
yes,200,http 200,keenovo.store,https://keenovo.store/collections/standard-keenovo-silicone-heaters/products/keenovo-square-silicone-heater-3d-printer-build-plate-heatbed-heating-pad?variant=8324020666423,,2026-08-30T16:53:57+00:00,buildplate.silicone-ac-120v-240v-heater-100x100mm-100w
yes,200,http 200,keenovo.store,https://keenovo.store/collections/standard-keenovo-silicone-heaters/products/keenovo-square-silicone-heater-3d-printer-build-plate-heatbed-heating-pad?variant=8324020731959,,2026-08-30T16:53:59+00:00,buildplate.silicone-ac-heater-200x200mm
yes,200,http 200,keenovo.store,https://keenovo.store/collections/standard-keenovo-silicone-heaters/products/keenovo-square-silicone-heater-3d-printer-build-plate-heatbed-heating-pad?variant=8324020764727,,2026-08-30T16:54:01+00:00,buildplate.silicone-ac-heater-200x200mm
yes,200,http 200,keenovo.store,https://keenovo.store/collections/standard-keenovo-silicone-heaters/products/keenovo-square-silicone-heater-3d-printer-build-plate-heatbed-heating-pad?variant=8324020928567,,2026-08-30T16:54:03+00:00,buildplate.silicone-ac-heater-240x240mm buildplate.silicone-ac-heater-250x250mm
yes,200,http 200,keenovo.store,https://keenovo.store/collections/standard-keenovo-silicone-heaters/products/keenovo-square-silicone-heater-3d-printer-build-plate-heatbed-heating-pad?variant=8324020961335,,2026-08-30T16:54:04+00:00,buildplate.silicone-ac-heater-240x240mm buildplate.silicone-ac-heater-250x250mm
yes,200,http 200,keenovo.store,https://keenovo.store/collections/standard-keenovo-silicone-heaters/products/keenovo-square-silicone-heater-3d-printer-build-plate-heatbed-heating-pad?variant=8324021092407,,2026-08-30T16:54:06+00:00,buildplate.silicone-ac-heater-300x300mm
yes,200,http 200,keenovo.store,https://keenovo.store/collections/standard-keenovo-silicone-heaters/products/keenovo-square-silicone-heater-3d-printer-build-plate-heatbed-heating-pad?variant=8324021125175,,2026-08-30T16:54:07+00:00,buildplate.silicone-ac-heater-300x300mm
yes,200,http 200,mandalaroseworks.com,https://www.mandalaroseworks.com/shop/voron,https://mandalaroseworks.com/collections/voron,2026-08-30T16:54:05+00:00,buildplate.aluminum-build-plate-mic6-atp-5-jig-plate-etc-5-16in-or-8mm-depending-on-whats-available-in-your-country.voron-trident
yes,200,http 200,mcmaster.com,https://www.mcmaster.com/5449K171/,,2026-08-30T16:39:35+00:00,misc.bowden-coupler-for-4mm-od-tube
yes,200,http 200,mcmaster.com,https://www.mcmaster.com/7301T21/,,2026-08-30T16:38:28+00:00,buildplate.magnetic-sheet-for-spring-steel-plate-120x120-optional
yes,200,http 200,mcmaster.com,https://www.mcmaster.com/7301T25/,,2026-08-30T16:38:27+00:00,buildplate.high-temperature-magnet
yes,200,http 200,mcmaster.com,https://www.mcmaster.com/90048A108/,,2026-08-30T16:38:30+00:00,fasteners.4-x-3-8-flat-head-self-tapping-screw
yes,200,http 200,mcmaster.com,https://www.mcmaster.com/90576A102/,,2026-08-30T16:38:45+00:00,fasteners.m3-locknut
yes,200,http 200,mcmaster.com,https://www.mcmaster.com/90576A104/,,2026-08-30T16:39:13+00:00,fasteners.m5-locknut
yes,200,http 200,mcmaster.com,https://www.mcmaster.com/90591A250/,,2026-08-30T16:39:28+00:00,hardware.m3-hexnut
yes,200,http 200,mcmaster.com,https://www.mcmaster.com/91239A111/,,2026-08-30T16:39:03+00:00,fasteners.m3x6-bhcs
yes,200,http 200,mcmaster.com,https://www.mcmaster.com/91239A138/,,2026-08-30T16:39:09+00:00,fasteners.m4x6-bhcs
yes,200,http 200,mcmaster.com,https://www.mcmaster.com/91239A140/,,2026-08-30T16:39:11+00:00,fasteners.m4x8-bhcs
yes,200,http 200,mcmaster.com,https://www.mcmaster.com/91239A224/,,2026-08-30T16:39:15+00:00,fasteners.m5x10-bhcs
yes,200,http 200,mcmaster.com,https://www.mcmaster.com/91239A232/,,2026-08-30T16:39:16+00:00,fasteners.m5x16-bhcs
yes,200,http 200,mcmaster.com,https://www.mcmaster.com/91239A234/,,2026-08-30T16:39:34+00:00,hardware.m5x25-bhcs
yes,200,http 200,mcmaster.com,https://www.mcmaster.com/91239A236/,,2026-08-30T16:39:18+00:00,fasteners.m5x30-bhcs
yes,200,http 200,mcmaster.com,https://www.mcmaster.com/91239A240/,,2026-08-30T16:39:20+00:00,fasteners.m5x40-bhcs
yes,200,http 200,mcmaster.com,https://www.mcmaster.com/91239A418/,,2026-08-30T16:39:23+00:00,fasteners.m8x16-bhcs
yes,200,http 200,mcmaster.com,https://www.mcmaster.com/91290A111/,,2026-08-30T16:39:06+00:00,fasteners.m3x6-shcs
yes,200,http 200,mcmaster.com,https://www.mcmaster.com/91290A113/,,2026-08-30T16:39:08+00:00,fasteners.m3x8-shcs
yes,200,http 200,mcmaster.com,https://www.mcmaster.com/91290A117/,,2026-08-30T16:38:52+00:00,fasteners.m3x12-shcs
yes,200,http 200,mcmaster.com,https://www.mcmaster.com/91290A120/,,2026-08-30T16:38:54+00:00,fasteners.m3x16-shcs
yes,200,http 200,mcmaster.com,https://www.mcmaster.com/91290A123/,,2026-08-30T16:38:55+00:00,fasteners.m3x20-shcs
yes,200,http 200,mcmaster.com,https://www.mcmaster.com/91290A125/,,2026-08-30T16:38:57+00:00,fasteners.m3x25-shcs
yes,200,http 200,mcmaster.com,https://www.mcmaster.com/91290A136/,,2026-08-30T16:39:01+00:00,fasteners.m3x40-shcs
yes,200,http 200,mcmaster.com,https://www.mcmaster.com/91290A137/,,2026-08-30T16:39:30+00:00,hardware.m3x50-shcs
yes,200,http 200,mcmaster.com,https://www.mcmaster.com/91290A171/,,2026-08-30T16:38:59+00:00,fasteners.m3x30-shcs
yes,200,http 200,mcmaster.com,https://www.mcmaster.com/91290A196/,,2026-08-30T16:39:22+00:00,fasteners.m5x40-shcs
yes,200,http 200,mcmaster.com,https://www.mcmaster.com/91294A004/,,2026-08-30T16:39:27+00:00,hardware.m2x6-fhcs
yes,200,http 200,mcmaster.com,https://www.mcmaster.com/91294A126/,,2026-08-30T16:39:04+00:00,fasteners.m3x6-fhcs
yes,200,http 200,mcmaster.com,https://www.mcmaster.com/91390A100/,,2026-08-30T16:39:32+00:00,hardware.m3x6mm-set-screw
yes,200,http 200,mcmaster.com,https://www.mcmaster.com/92125A132/,,2026-08-30T16:38:50+00:00,fasteners.m3x12-fhcs
yes,200,http 200,mcmaster.com,https://www.mcmaster.com/92320A322/,,2026-08-30T16:38:37+00:00,fasteners.6x6x3-spacer
yes,200,http 200,mcmaster.com,https://www.mcmaster.com/93475A210/,,2026-08-30T16:38:48+00:00,fasteners.m3-washer
yes,200,http 200,mcmaster.com,https://www.mcmaster.com/93625A100/,,2026-08-30T16:38:47+00:00,fasteners.m3-locknut
yes,200,http 200,mcmaster.com,https://www.mcmaster.com/94180A331/,,2026-08-30T16:38:43+00:00,fasteners.m3-heat-set-insert-m3x5x4
yes,200,http 200,mcmaster.com,https://www.mcmaster.com/98055A098/,,2026-08-30T16:38:33+00:00,fasteners.5x10x0-5-shim-ring
yes,200,http 200,mcmaster.com,https://www.mcmaster.com/98055A099/,,2026-08-30T16:38:35+00:00,fasteners.5x10x1-shim-ring fasteners.m5-1-0mm-thick-shim-washer
yes,200,http 200,mcmaster.com,https://www.mcmaster.com/98055A119/,,2026-08-30T16:38:31+00:00,fasteners.10x16x0-2-shim-ring
yes,200,http 200,mcmaster.com,https://www.mcmaster.com/99397A264/,,2026-08-30T16:38:42+00:00,fasteners.m2x8-self-tapping-screw-for-plastics hardware.m2x8mm-self-tapping-screw
yes,200,http 200,mcmaster.com,https://www.mcmaster.com/99397A267/,,2026-08-30T16:38:40+00:00,fasteners.m2x10-self-tapping-screw-for-plastics
yes,200,http 200,mcmaster.com,https://www.mcmaster.com/99397A269/,,2026-08-30T16:38:38+00:00,fasteners.m2-x-12-or-13mm-plastite-self-tapping-screw fasteners.m2x12-self-tapping-screw-for-plastics
yes,200,http 200,mcmaster.com,https://www.mcmaster.com/screws/system-of-measurement~metric/rounded-head-screws/thread-size~m2-5/metric-alloy-steel-button-head-hex-drive-screws,,2026-08-30T16:39:25+00:00,hardware.m2-5x6-bhcs
yes,200,http 200,michaels.com,https://www.michaels.com/corrugated-board-by-creatology/M10567770.html,https://www.michaels.com/product/plastic-corrugated-board-by-creatology-M10567770,2026-08-30T16:39:41+00:00,panels.bottom-back-electronics-bay-panels.voron-1.6.2 panels.bottom-back-electronics-bay-panels.voron-1.8 panels.bottom-back-electronics-bay-panels.voron-2.2 panels.bottom-back-electronics-bay-panels.voron-2.4 panels.deck-bottom-and-back-panels.voron-trident
yes,200,http 200,mnlasercutting.com,https://mnlasercutting.com/,,2026-08-30T16:54:06+00:00,panels.bottom-back-electronics-bay-panels.voron-2.4 panels.deck-front-deck-back-mid-panel-3mm-thick.voron-0 panels.deck-panel-mid-panel-motor-panel-rear-panel-3mm-thick-drawings-and-dxf-on-github.voron-0.2 panels.deck-panel-mid-panel-motor-panel-rear-panel-3mm-thick.voron-0.1 panels.opaque-enclosure-panels.voron-switchwire panels.tophat-panels-optional.voron-0
yes,200,http 200,mnlasercutting.com,https://mnlasercutting.com/shop/p/voron-0-laser-cut-tophat-panels,,2026-08-30T16:54:10+00:00,panels.tophat-panels.voron-0.1 panels.tophat-panels.voron-0.2
yes,200,http 200,mnlasercutting.com,https://mnlasercutting.com/shop/p/voron-zero-ldo-kit,,2026-08-30T16:54:05+00:00,kits.voron-v0-1-kit-ldo
yes,200,http 200,mnlasercutting.com,https://www.mnlasercutting.com/,https://mnlasercutting.com/,2026-08-30T16:54:08+00:00,panels.bottom-back-electronics-bay-panels.voron-1.6.2 panels.bottom-back-electronics-bay-panels.voron-1.8 panels.bottom-back-electronics-bay-panels.voron-2.2 panels.deck-bottom-and-back-panels.voron-trident
yes,200,http 200,newark.com,https://www.newark.com/omron-industrial-automation/tl-q5mc2/rect-prx-5mm-npn-nc-unsh/dp/38B1174,https://www.newark.com/omron-industrial-automation/tl-q5mc2/ind-prox-sensor-5mm-3-wire-npn/dp/38B1174,2026-08-30T16:45:51+00:00,electronics.omron-tl-q5mc2-npn-nc-5mm-sense
yes,200,http 200,omc-stepperonline.com,https://www.omc-stepperonline.com/nema-14-bipolar-1-8deg-14ncm-20oz-in-0-4a-12v-35x35x26mm-4-wires.html,https://www.omc-stepperonline.com/nema-14-bipolar-1-8deg-14ncm-20oz-in-0-4a-12v-35x35x26mm-4-wires-14hs10-0404s,2026-08-30T15:15:12+00:00,electronics.nema14-stepper-motor-14hs10-0404s
yes,200,http 200,omc-stepperonline.com,https://www.omc-stepperonline.com/nema-14-bipolar-1-8deg-40ncm-56-7oz-in-1-5a-4-2v-35x35x52mm-4-wires-14hs20-1504s,,2026-08-30T15:15:15+00:00,electronics.nema14-stepper-motor-40ncm
yes,200,http 200,omc-stepperonline.com,https://www.omc-stepperonline.com/nema-14-stepper-motor-kit-for-voron-v0.html,https://www.omc-stepperonline.com/nema-14-stepper-motor-kit-for-voron-v0-voronv0,2026-08-30T15:15:14+00:00,electronics.nema14-stepper-motor-14hs17-0504s
yes,200,http 200,omc-stepperonline.com,https://www.omc-stepperonline.com/nema-17-bipolar-1-8deg-16ncm-22-6oz-in-1a-3-7v-42x42x20mm-4-wires.html,https://www.omc-stepperonline.com/nema-17-bipolar-1-8deg-16ncm-22-6oz-in-1a-3-7v-42x42x20mm-4-wires-17hs08-1004s,2026-08-30T15:15:21+00:00,electronics.nema17-motor-17hs08-1004s
yes,200,http 200,omc-stepperonline.com,https://www.omc-stepperonline.com/nema-17-bipolar-45ncm-63-74oz-in-1-5a-42x42x39mm-4-wires-w-1m-cable-and-connector.html,https://www.omc-stepperonline.com/nema-17-bipolar-45ncm-63-74oz-in-1-5a-42x42x39mm-4-wires-w-1m-cable-connector-17hs15-1504s1,2026-08-30T15:15:24+00:00,electronics.nema17-motor-17hs15-1504s1
yes,200,http 200,omc-stepperonline.com,https://www.omc-stepperonline.com/nema-17-bipolar-59ncm-84oz-in-2a-42x48mm-4-wires-w-1m-cable-and-connector.html,https://www.omc-stepperonline.com/nema-17-bipolar-59ncm-84oz-in-2a-42x48mm-4-wires-w-1m-cable-connector-17hs19-2004s1,2026-08-30T15:15:25+00:00,electronics.nema17-motor-17hs19-2004s electronics.nema17-motor-17hs19-2004s-min-35mm-shaft-for-double-shear
yes,200,http 200,omc-stepperonline.com,https://www.omc-stepperonline.com/nema-17-bipolare-59ncm-84oz-in-2a-42x48mm-4fili-w-1m-cable-and-connector.html,https://www.omc-stepperonline.com/fr/nema-17-bipolaire-59ncm-84oz-in-2a-42x48mm-4-fils-avec-1m-de-cable-et-connecteur-17hs19-2004s1,2026-08-30T15:15:27+00:00,electronics.nema17-motor-17hs19-2004s
yes,200,http 200,omc-stepperonline.com,https://www.omc-stepperonline.com/nema-17-external-34mm-stack-04a-lead-8mm031496-length-200mm-17ls13-0404e-200g.html,https://www.omc-stepperonline.com/nema-17-external-34mm-stack-0-4a-lead-8mm-0-31496-length-200mm-17e13s0404mb2-200rs,2026-08-30T15:15:30+00:00,electronics.nema17-stepper-motor-34mm-max-with-integrated-lead-screw-200mm-t8x8 electronics.nema17-stepper-motor-with-integrated-lead-screw-200mm-t8x8
yes,200,http 200,omc-stepperonline.com,https://www.omc-stepperonline.com/nema-17-external-48mm-stack-168a-lead-8mm031496-length-300mm-17ls19-1684e-300g.html,https://www.omc-stepperonline.com/nema-17-external-trapezoidal-linear-stepper-motor-1-68a-48mm-stack-screw-lead-8mm-0-31496-lead-length-300mm-17e19s1684mb4-300rs,2026-08-30T15:15:28+00:00,electronics.nema17-motor-with-leadscrew-17ls19-1684e-300g
yes,200,http 200,omc-stepperonline.com,https://www.omc-stepperonline.com/nema-17-stepper-motor/nema-17-bipolar-1-8deg-16ncm-22-6oz-in-1a-3-7v-42x42x20mm-4-wires.html,https://www.omc-stepperonline.com/nema-17-bipolar-1-8deg-16ncm-22-6oz-in-1a-3-7v-42x42x20mm-4-wires-17hs08-1004s,2026-08-30T15:15:19+00:00,electronics.nema17-motor-17hs08-1004s
yes,200,http 200,omc-stepperonline.com,https://www.omc-stepperonline.com/round-nema-14-bipolar-0-9deg-9-ncm-12-75-oz-in-1-0a-%CF%8636x17-5mm-4-wires-14hr07-1004vrn,,2026-08-30T15:15:10+00:00,electronics.nema14-36mm-round-pancake-motor-with-10-tooth-gear-20mm electronics.nema14-36mm-round-pancake-stepper-motor-with-10-tooth-spur-gear-omc-14hr07-1004vrn
yes,200,http 200,omc-stepperonline.com,https://www.omc-stepperonline.com/voron-v0-1-bom-of-stepper-motors-14hs20-1504s-14hr07-1004vrn-17ls13-0404e-200g-voronv01,,2026-08-30T15:15:17+00:00,electronics.nema14-stepper-motor-40ncm
yes,200,http 200,paramount-3d.com,https://www.paramount-3d.com/product-page/abs-pantone-enzo-red-485c-1-75mm-1kg-filament-trrl3020485c,,2026-08-30T16:54:15+00:00,filament.secondary-color-red
yes,200,http 200,paramount-3d.com,https://www.paramount-3d.com/product-page/absblack,,2026-08-30T16:54:13+00:00,filament.primary-color-black
yes,200,http 200,pif.voron.dev,https://pif.voron.dev/,,2026-08-30T15:15:21+00:00,printed-parts.printed-parts
yes,200,http 200,pololu.com,https://www.pololu.com/product/2688,,2026-08-30T15:15:21+00:00,electronics.tr8x8-lead-screw-nut
yes,200,http 200,printedsolid.com,https://www.printedsolid.com/products/bondtech-bmg-extruder,,2026-08-30T16:54:18+00:00,extruder.bmg-extruder-kit-used-for-gears
yes,200,http 200,printedsolid.com,https://www.printedsolid.com/products/e3d-hot-end-kit-v6?variant=22124184600661,,2026-08-30T16:54:17+00:00,electronics.e3d-v6-bowden-hotend-kit-24v
yes,200,http 200,printedsolid.com,https://www.printedsolid.com/products/ldo-y-carriage-for-mk3?variant=32431285043285,https://www.printedsolid.com/?variant=32431285043285,2026-08-30T16:54:15+00:00,buildplate.prusa-mk3-y-carrier
yes,200,http 200,printedsolid.com,https://www.printedsolid.com/products/voron-trident-panel-set-made-from-aluminum-composite-material-acrylic-sold-separate,,2026-08-30T16:54:20+00:00,panels.deck-bottom-and-back-panels.voron-trident
yes,200,http 200,robotdigg.com,"https://www.robotdigg.com/product/1314/Black-anodized-linear-rail-7,-9,-12-and-15",,2026-08-30T15:15:25+00:00,motion.linear-rail-mgn12h-for-x-axis motion.linear-rail-mgn12h-see-configurator-for-length motion.linear-rail-mgn9h-see-configurator-for-length
yes,200,listing has a title,s.click.aliexpress.com,https://s.click.aliexpress.com/e/23Kn1ego,https://www.aliexpress.us/item/2251832653029356.html?aff_fcid=4b9a221e6b04401bbe952ae8561acba3-1788106097924-08400-23Kn1ego&aff_fsk=23Kn1ego&aff_platform=link-c-tool&sk=23Kn1ego&aff_trace_key=4b9a221e6b04401bbe952ae8561acba3-1788106097924-08400-23Kn1ego&terminal_id=b6cf602e55c147bc876b5703aca0949c&afSmartRedirect=y&gatewayAdapt=glo2usa4itemAdapt,2026-08-30T16:08:19+00:00,hotend.volcano-brass-nozzle
yes,200,listing has a title,s.click.aliexpress.com,https://s.click.aliexpress.com/e/2L4yMi7O,https://www.aliexpress.us/item/2251832612319325.html?aff_fcid=8377f6726f5945fa98a44425e71c6751-1788105234779-06313-2L4yMi7O&aff_fsk=2L4yMi7O&aff_platform=link-c-tool&sk=2L4yMi7O&aff_trace_key=8377f6726f5945fa98a44425e71c6751-1788105234779-06313-2L4yMi7O&terminal_id=b6cf602e55c147bc876b5703aca0949c&gatewayAdapt=glo2usa4itemAdapt,2026-08-30T15:53:55+00:00,electronics.40x40x10-centrifugal-blower-fan-12v
yes,200,listing has a title,s.click.aliexpress.com,https://s.click.aliexpress.com/e/2csTObT6,https://www.aliexpress.us/item/2251832731634167.html?cpt=1571266745591&aff_fcid=42ac29a743f84aadbfc9efca0a8acd2b-1788105712409-09145-2csTObT6&aff_fsk=2csTObT6&aff_platform=link-c-tool&sk=2csTObT6&aff_trace_key=42ac29a743f84aadbfc9efca0a8acd2b-1788105712409-09145-2csTObT6&terminal_id=b6cf602e55c147bc876b5703aca0949c&afSmartRedirect=y&gatewayAdapt=glo2usa4itemAdapt,2026-08-30T16:01:53+00:00,fasteners.5x10x0-5-shim-ring
yes,200,listing has a title,s.click.aliexpress.com,https://s.click.aliexpress.com/e/2pncOJKs,https://www.aliexpress.us/item/2251832667244886.html?aff_fcid=c3738f64d7674a3da894a42d64c2ebbf-1788106643754-07138-2pncOJKs&aff_fsk=2pncOJKs&aff_platform=link-c-tool&sk=2pncOJKs&aff_trace_key=c3738f64d7674a3da894a42d64c2ebbf-1788106643754-07138-2pncOJKs&terminal_id=b6cf602e55c147bc876b5703aca0949c&gatewayAdapt=glo2usa4itemAdapt,2026-08-30T16:17:24+00:00,motion.gt2-open-belt-ll-2gt-6-6mm-wide-1500mm motion.gt2-open-belt-ll-2gt-6-6mm-wide-length-dependant-on-config
yes,200,listing has a title,s.click.aliexpress.com,https://s.click.aliexpress.com/e/38lTe6y0,https://www.aliexpress.us/item/2255800019974196.html?aff_fcid=15ca392850c044308bdd0315555ba587-1788105161454-07683-38lTe6y0&aff_fsk=38lTe6y0&aff_platform=link-c-tool&sk=38lTe6y0&aff_trace_key=15ca392850c044308bdd0315555ba587-1788105161454-07683-38lTe6y0&terminal_id=b6cf602e55c147bc876b5703aca0949c&afSmartRedirect=y&gatewayAdapt=glo2usa4itemAdapt,2026-08-30T15:52:42+00:00,controller.tmc2209-stepsticks-for-skr-1-3
yes,200,listing has a title,s.click.aliexpress.com,https://s.click.aliexpress.com/e/3OWZIFYG,https://www.aliexpress.us/item/2255799952601260.html?aff_fcid=2ff8c904b55147b8b51acdfb34a49bd8-1788104750906-00809-3OWZIFYG&aff_fsk=3OWZIFYG&aff_platform=link-c-tool&sk=3OWZIFYG&aff_trace_key=2ff8c904b55147b8b51acdfb34a49bd8-1788104750906-00809-3OWZIFYG&terminal_id=b6cf602e55c147bc876b5703aca0949c&afSmartRedirect=y&gatewayAdapt=glo2usa4itemAdapt,2026-08-30T15:45:51+00:00,buildplate.spring-steel-bed-kit-with-pei-and-magnet
yes,200,listing has a title,s.click.aliexpress.com,https://s.click.aliexpress.com/e/3slenRuM,https://www.aliexpress.us/item/2251832804890021.html?aff_fcid=20ec33e7feb24a99bbf93dcc0f91d4cf-1788106445765-04870-3slenRuM&aff_fsk=3slenRuM&aff_platform=link-c-tool&sk=3slenRuM&aff_trace_key=20ec33e7feb24a99bbf93dcc0f91d4cf-1788106445765-04870-3slenRuM&terminal_id=b6cf602e55c147bc876b5703aca0949c&afSmartRedirect=y&gatewayAdapt=glo2usa4itemAdapt,2026-08-30T16:14:06+00:00,motion.625-2rs-bearing
yes,200,listing has a title,s.click.aliexpress.com,https://s.click.aliexpress.com/e/41Vkdm7q,https://www.aliexpress.us/item/2251832731634167.html?cpt=1571267120349&aff_fcid=801c3425f3ec4a599b43e7bab79c4093-1788105715571-01611-41Vkdm7q&aff_fsk=41Vkdm7q&aff_platform=link-c-tool&sk=41Vkdm7q&aff_trace_key=801c3425f3ec4a599b43e7bab79c4093-1788105715571-01611-41Vkdm7q&terminal_id=b6cf602e55c147bc876b5703aca0949c&afSmartRedirect=y&gatewayAdapt=glo2usa4itemAdapt,2026-08-30T16:01:56+00:00,fasteners.5x10x1-shim-ring fasteners.m5-1-0mm-thick-shim-washer
yes,200,listing has a title,s.click.aliexpress.com,https://s.click.aliexpress.com/e/4B9KGk8u,https://www.aliexpress.us/item/2251832794773379.html?aff_fcid=f14b3692b3be47619c8a442a5588d56c-1788106334618-04664-4B9KGk8u&aff_fsk=4B9KGk8u&aff_platform=link-c-tool&sk=4B9KGk8u&aff_trace_key=f14b3692b3be47619c8a442a5588d56c-1788106334618-04664-4B9KGk8u&terminal_id=b6cf602e55c147bc876b5703aca0949c&afSmartRedirect=y&gatewayAdapt=glo2usa4itemAdapt,2026-08-30T16:12:15+00:00,misc.fume-extractor-carbon-filter-element
yes,200,listing has a title,s.click.aliexpress.com,https://s.click.aliexpress.com/e/4P2hETlQ,https://www.aliexpress.us/item/2255799952601260.html?aff_fcid=980cd926cf8b41c1871ac8b865aef7de-1788104747633-03655-4P2hETlQ&aff_fsk=4P2hETlQ&aff_platform=link-c-tool&sk=4P2hETlQ&aff_trace_key=980cd926cf8b41c1871ac8b865aef7de-1788104747633-03655-4P2hETlQ&terminal_id=b6cf602e55c147bc876b5703aca0949c&afSmartRedirect=y&gatewayAdapt=glo2usa4itemAdapt,2026-08-30T15:45:48+00:00,buildplate.spring-steel-bed-kit-with-pei-and-magnet
yes,200,listing has a title,s.click.aliexpress.com,https://s.click.aliexpress.com/e/5E5huNIu,https://www.aliexpress.us/item/2251832403173475.html?aff_fcid=e7e4167296924af9a5b8871fdc520932-1788105334388-09068-5E5huNIu&aff_fsk=5E5huNIu&aff_platform=link-c-tool&sk=5E5huNIu&aff_trace_key=e7e4167296924af9a5b8871fdc520932-1788105334388-09068-5E5huNIu&terminal_id=b6cf602e55c147bc876b5703aca0949c&gatewayAdapt=glo2usa4itemAdapt,2026-08-30T15:55:41+00:00,electronics.nema17-motor-17hs19-2004s
yes,200,listing has a title,s.click.aliexpress.com,https://s.click.aliexpress.com/e/5dL9AJgU,https://www.aliexpress.us/item/2251832721012796.html?aff_fcid=898d03e04cc340b7aface711a834c2df-1788106476862-03708-5dL9AJgU&aff_fsk=5dL9AJgU&aff_platform=link-c-tool&sk=5dL9AJgU&aff_trace_key=898d03e04cc340b7aface711a834c2df-1788106476862-03708-5dL9AJgU&terminal_id=b6cf602e55c147bc876b5703aca0949c&gatewayAdapt=glo2usa4itemAdapt,2026-08-30T16:14:37+00:00,motion.bondtech-drive-gear-set
yes,200,listing has a title,s.click.aliexpress.com,https://s.click.aliexpress.com/e/BX3F4Ok0,https://www.aliexpress.us/item/2251832611358127.html?aff_fcid=c19e3cd12851413db92a1445761f0e76-1788106724129-05607-BX3F4Ok0&aff_fsk=BX3F4Ok0&aff_platform=link-c-tool&sk=BX3F4Ok0&aff_trace_key=c19e3cd12851413db92a1445761f0e76-1788106724129-05607-BX3F4Ok0&terminal_id=b6cf602e55c147bc876b5703aca0949c&gatewayAdapt=glo2usa4itemAdapt,2026-08-30T16:18:44+00:00,vibration-management.astrosyn-dampener
yes,200,listing has a title,s.click.aliexpress.com,https://s.click.aliexpress.com/e/BY1W9KKU,https://www.aliexpress.us/item/2255799898111354.html?aff_fcid=cc6e85c906c347969e321f58d2f2edb8-1788105061107-04367-BY1W9KKU&aff_fsk=BY1W9KKU&aff_platform=link-c-tool&sk=BY1W9KKU&aff_trace_key=cc6e85c906c347969e321f58d2f2edb8-1788105061107-04367-BY1W9KKU&terminal_id=b6cf602e55c147bc876b5703aca0949c&afSmartRedirect=y&gatewayAdapt=glo2usa4itemAdapt,2026-08-30T15:51:01+00:00,controller.duet-maestro-expansion-board
yes,200,listing has a title,s.click.aliexpress.com,https://s.click.aliexpress.com/e/BhjkEO4o,https://www.aliexpress.us/item/2251832643493311.html?aff_fcid=58579d14e3224af2928dc8a945a17b14-1788106328178-02407-BhjkEO4o&aff_fsk=BhjkEO4o&aff_platform=link-c-tool&sk=BhjkEO4o&aff_trace_key=58579d14e3224af2928dc8a945a17b14-1788106328178-02407-BhjkEO4o&terminal_id=b6cf602e55c147bc876b5703aca0949c&afSmartRedirect=y&gatewayAdapt=glo2usa4itemAdapt,2026-08-30T16:12:08+00:00,misc.filament-out-switch
yes,200,listing has a title,s.click.aliexpress.com,https://s.click.aliexpress.com/e/BkBHRuqc,https://www.aliexpress.us/item/2255799815931816.html?aff_fcid=d7e3f177dc964486a3bbef1ad72ad57d-1788106101018-09013-BkBHRuqc&aff_fsk=BkBHRuqc&aff_platform=link-c-tool&sk=BkBHRuqc&aff_trace_key=d7e3f177dc964486a3bbef1ad72ad57d-1788106101018-09013-BkBHRuqc&terminal_id=b6cf602e55c147bc876b5703aca0949c&afSmartRedirect=y&gatewayAdapt=glo2usa4itemAdapt,2026-08-30T16:08:21+00:00,hotend.volcano-copper-nozzle
yes,200,listing has a title,s.click.aliexpress.com,https://s.click.aliexpress.com/e/Cj06YPR2,https://www.aliexpress.us/item/2251832618848960.html?scm=1007.22893.125781.0&pvid=c208b6a4-e8e6-41fe-847a-03739fe6e485&onelink_thrd=0.015&onelink_page_from=ITEM_DETAIL&onelink_item_to=32805163712&onelink_duration=0.958929&onelink_status=noneresult&onelink_item_from=32805163712&onelink_page_to=ITEM_DETAIL&cpt=1571270407911&aff_fcid=4fb0f33923c448968226c4e2fa5553d0-1788105878083-05409-Cj06YPR2&aff_fsk=Cj06YPR2&aff_platform=link-c-tool&sk=Cj06YPR2&aff_trace_key=4fb0f33923c448968226c4e2fa5553d0-1788105878083-05409-Cj06YPR2&terminal_id=b6cf602e55c147bc876b5703aca0949c&afSmartRedirect=y&gatewayAdapt=glo2usa4itemAdapt,2026-08-30T16:04:38+00:00,fasteners.m5-t-nut fasteners.m5-t-nut-for-2020-extrusions fasteners.m5-t-nut-hntaj5-5
yes,200,listing has a title,s.click.aliexpress.com,https://s.click.aliexpress.com/e/CjL58TXS,https://www.aliexpress.us/item/2251832519894077.html?aff_fcid=6d24c04dd2f94bd2881be66c825fc80d-1788105848219-04185-CjL58TXS&aff_fsk=CjL58TXS&aff_platform=link-c-tool&sk=CjL58TXS&aff_trace_key=6d24c04dd2f94bd2881be66c825fc80d-1788105848219-04185-CjL58TXS&terminal_id=b6cf602e55c147bc876b5703aca0949c&afSmartRedirect=y&gatewayAdapt=glo2usa4itemAdapt,2026-08-30T16:04:08+00:00,fasteners.m3-roll-in-t-nut fasteners.m3-t-nut-for-2020-extrusions fasteners.m3-t-nut-hntaj5-3
yes,200,listing has a title,s.click.aliexpress.com,https://s.click.aliexpress.com/e/E1Y0mkUu,https://www.aliexpress.us/item/2251832040247568.html?aff_fcid=5783685b1a654f9384f07ad29d2247dd-1788106538163-07892-E1Y0mkUu&aff_fsk=E1Y0mkUu&aff_platform=link-c-tool&sk=E1Y0mkUu&aff_trace_key=5783685b1a654f9384f07ad29d2247dd-1788106538163-07892-E1Y0mkUu&terminal_id=b6cf602e55c147bc876b5703aca0949c&gatewayAdapt=glo2usa4itemAdapt,2026-08-30T16:15:38+00:00,motion.gt2-20t-6mm-wide-pulley-5mm-bore
yes,200,listing has a title,s.click.aliexpress.com,https://s.click.aliexpress.com/e/E6KiCRte,https://www.aliexpress.us/item/2251832864797730.html?aff_fcid=736e9a0d29e44f908b9c1ddd5fef6369-1788106338010-03113-E6KiCRte&aff_fsk=E6KiCRte&aff_platform=link-c-tool&sk=E6KiCRte&aff_trace_key=736e9a0d29e44f908b9c1ddd5fef6369-1788106338010-03113-E6KiCRte&terminal_id=b6cf602e55c147bc876b5703aca0949c&afSmartRedirect=y&gatewayAdapt=glo2usa4itemAdapt,2026-08-30T16:12:24+00:00,misc.fume-extractor-carbon-filter-element
yes,200,listing has a title,s.click.aliexpress.com,https://s.click.aliexpress.com/e/EKBTkxNm,https://www.aliexpress.us/item/2251801552778750.html?aff_fcid=61ac0fda1add4d639b94dc263329e1c1-1788106432697-06391-EKBTkxNm&aff_fsk=EKBTkxNm&aff_platform=link-c-tool&sk=EKBTkxNm&aff_trace_key=61ac0fda1add4d639b94dc263329e1c1-1788106432697-06391-EKBTkxNm&terminal_id=b6cf602e55c147bc876b5703aca0949c&gatewayAdapt=glo2usa4itemAdapt,2026-08-30T16:13:53+00:00,motion.5x28mm-shaft-you-can-cut-down-a-30mm-bed-height-will-change-this motion.5x30mm-shaft
yes,200,listing has a title,s.click.aliexpress.com,https://s.click.aliexpress.com/e/F22jPtbK,https://www.aliexpress.us/item/2251832783921785.html?aff_fcid=2a223f9ca2b64486a5806cc6b9492f5e-1788106405825-04690-F22jPtbK&aff_fsk=F22jPtbK&aff_platform=link-c-tool&sk=F22jPtbK&aff_trace_key=2a223f9ca2b64486a5806cc6b9492f5e-1788106405825-04690-F22jPtbK&terminal_id=b6cf602e55c147bc876b5703aca0949c&afSmartRedirect=y&gatewayAdapt=glo2usa4itemAdapt,2026-08-30T16:13:26+00:00,misc.volcano-hotend-sock
yes,200,listing has a title,s.click.aliexpress.com,https://s.click.aliexpress.com/e/FfRqlrTa,https://www.aliexpress.us/item/2251832629619499.html?aff_fcid=1ff0ca75744b49fa974c943a9faca196-1788105225468-03330-FfRqlrTa&aff_fsk=FfRqlrTa&aff_platform=link-c-tool&sk=FfRqlrTa&aff_trace_key=1ff0ca75744b49fa974c943a9faca196-1788105225468-03330-FfRqlrTa&terminal_id=b6cf602e55c147bc876b5703aca0949c&afSmartRedirect=y&gatewayAdapt=glo2usa4itemAdapt,2026-08-30T15:53:46+00:00,electronics.40w-heater-cartridge
yes,200,listing has a title,s.click.aliexpress.com,https://s.click.aliexpress.com/e/FhQBXGmc,https://www.aliexpress.us/item/2251832814871526.html?aff_fcid=dc57faf6813d4474bd4bdbf4ec940af0-1788106515622-06883-FhQBXGmc&aff_fsk=FhQBXGmc&aff_platform=link-c-tool&sk=FhQBXGmc&aff_trace_key=dc57faf6813d4474bd4bdbf4ec940af0-1788106515622-06883-FhQBXGmc&terminal_id=b6cf602e55c147bc876b5703aca0949c&afSmartRedirect=y&gatewayAdapt=glo2usa4itemAdapt,2026-08-30T16:15:16+00:00,motion.f695-2rs-bearing motion.f695-bearing
yes,200,listing has a title,s.click.aliexpress.com,https://s.click.aliexpress.com/e/Fq2srdXS,https://www.aliexpress.us/item/2251832649342200.html?aff_fcid=e8b2e57af2094a5d8c373dc2568b95cf-1788106034708-02277-Fq2srdXS&aff_fsk=Fq2srdXS&aff_platform=link-c-tool&sk=Fq2srdXS&aff_trace_key=e8b2e57af2094a5d8c373dc2568b95cf-1788106034708-02277-Fq2srdXS&terminal_id=b6cf602e55c147bc876b5703aca0949c&afSmartRedirect=y&gatewayAdapt=glo2usa4itemAdapt,2026-08-30T16:07:15+00:00,hotend.v6-and-or-mosquito-brass-nozzle
yes,200,listing has a title,s.click.aliexpress.com,https://s.click.aliexpress.com/e/Fz7mYwPe,https://www.aliexpress.us/item/2251832761772486.html?aff_fcid=550de4e855e54216bd1d96b63781b873-1788106382419-06997-Fz7mYwPe&aff_fsk=Fz7mYwPe&aff_platform=link-c-tool&sk=Fz7mYwPe&aff_trace_key=550de4e855e54216bd1d96b63781b873-1788106382419-06997-Fz7mYwPe&terminal_id=b6cf602e55c147bc876b5703aca0949c&afSmartRedirect=y&gatewayAdapt=glo2usa4itemAdapt,2026-08-30T16:13:02+00:00,misc.needle-bearings-for-bondtech-idler
yes,200,listing has a title,s.click.aliexpress.com,https://s.click.aliexpress.com/e/KQxWUrx6,https://www.aliexpress.us/item/2251832698701344.html?aff_fcid=3d1510039d6847e9b318ce36bb839635-1788106331429-05378-KQxWUrx6&aff_fsk=KQxWUrx6&aff_platform=link-c-tool&sk=KQxWUrx6&aff_trace_key=3d1510039d6847e9b318ce36bb839635-1788106331429-05378-KQxWUrx6&terminal_id=b6cf602e55c147bc876b5703aca0949c&afSmartRedirect=y&gatewayAdapt=glo2usa4itemAdapt,2026-08-30T16:12:11+00:00,misc.foam-panel-tape-5mm-wide-1mm-thick misc.foam-panel-tape-5mm-wide-3mm-thick
yes,200,listing has a title,s.click.aliexpress.com,https://s.click.aliexpress.com/e/KUHCwnu4,https://www.aliexpress.us/item/2251832618848960.html?aff_fcid=e684cc2a9c194a97bac66f40dda065fb-1788105841513-07374-KUHCwnu4&aff_fsk=KUHCwnu4&aff_platform=link-c-tool&sk=KUHCwnu4&aff_trace_key=e684cc2a9c194a97bac66f40dda065fb-1788105841513-07374-KUHCwnu4&terminal_id=b6cf602e55c147bc876b5703aca0949c&gatewayAdapt=glo2usa4itemAdapt,2026-08-30T16:04:02+00:00,fasteners.m3-roll-in-t-nut fasteners.m3-t-nut-for-2020-extrusions fasteners.m3-t-nut-hntaj5-3
yes,200,listing has a title,s.click.aliexpress.com,https://s.click.aliexpress.com/e/KXNPe49K,https://www.aliexpress.us/item/2251832657765617.html?aff_fcid=0c691b5c6a344eb294d709f39216e853-1788106031523-05344-KXNPe49K&aff_fsk=KXNPe49K&aff_platform=link-c-tool&sk=KXNPe49K&aff_trace_key=0c691b5c6a344eb294d709f39216e853-1788106031523-05344-KXNPe49K&terminal_id=b6cf602e55c147bc876b5703aca0949c&afSmartRedirect=y&gatewayAdapt=glo2usa4itemAdapt,2026-08-30T16:07:12+00:00,hotend.e3d-volcano-bowden-hotend-kit-12v
yes,200,listing has a title,s.click.aliexpress.com,https://s.click.aliexpress.com/e/LJTOcZYy,https://www.aliexpress.us/item/2251832664442006.html?aff_fcid=33d4c6e8b45642bcb3f112edd7706e0b-1788106084951-03100-LJTOcZYy&aff_fsk=LJTOcZYy&aff_platform=link-c-tool&sk=LJTOcZYy&aff_trace_key=33d4c6e8b45642bcb3f112edd7706e0b-1788106084951-03100-LJTOcZYy&terminal_id=b6cf602e55c147bc876b5703aca0949c&afSmartRedirect=y&gatewayAdapt=glo2usa4itemAdapt,2026-08-30T16:08:06+00:00,hotend.v6-and-or-mosquito-steel-nozzle
yes,200,listing has a title,s.click.aliexpress.com,https://s.click.aliexpress.com/e/LquJdTx2,https://www.aliexpress.us/item/2251801552778750.html?aff_fcid=57c9d28a67db4d42aa46d6812bef1eef-1788106442576-00992-LquJdTx2&aff_fsk=LquJdTx2&aff_platform=link-c-tool&sk=LquJdTx2&aff_trace_key=57c9d28a67db4d42aa46d6812bef1eef-1788106442576-00992-LquJdTx2&terminal_id=b6cf602e55c147bc876b5703aca0949c&gatewayAdapt=glo2usa4itemAdapt,2026-08-30T16:14:03+00:00,motion.5x50mm-shaft-grind-flat motion.5x60mm-shaft-grind-flat
yes,200,listing has a title,s.click.aliexpress.com,https://s.click.aliexpress.com/e/Mv4uHJoM,https://www.aliexpress.us/item/2251832664674464.html?aff_fcid=9eb4c465baac4c30962b898830351b60-1788106518906-01638-Mv4uHJoM&aff_fsk=Mv4uHJoM&aff_platform=link-c-tool&sk=Mv4uHJoM&aff_trace_key=9eb4c465baac4c30962b898830351b60-1788106518906-01638-Mv4uHJoM&terminal_id=b6cf602e55c147bc876b5703aca0949c&gatewayAdapt=glo2usa4itemAdapt,2026-08-30T16:15:19+00:00,motion.f695-2rs-bearing motion.f695-bearing
yes,200,listing has a title,s.click.aliexpress.com,https://s.click.aliexpress.com/e/N4iraNbS,https://www.aliexpress.us/item/2251832732407647.html?cpt=1571267141815&aff_fcid=7de478e658a5409d8bec3e721670b41d-1788105692055-00419-N4iraNbS&aff_fsk=N4iraNbS&aff_platform=link-c-tool&sk=N4iraNbS&aff_trace_key=7de478e658a5409d8bec3e721670b41d-1788105692055-00419-N4iraNbS&terminal_id=b6cf602e55c147bc876b5703aca0949c&afSmartRedirect=y&gatewayAdapt=glo2usa4itemAdapt,2026-08-30T16:01:32+00:00,fasteners.10x16x0-2-shim-ring
yes,200,listing has a title,s.click.aliexpress.com,https://s.click.aliexpress.com/e/N67pN5pI,https://www.aliexpress.us/item/2251832403173475.html?aff_fcid=7fe812be06d1429198c6d4610a2dfe84-1788105342084-04677-N67pN5pI&aff_fsk=N67pN5pI&aff_platform=link-c-tool&sk=N67pN5pI&aff_trace_key=7fe812be06d1429198c6d4610a2dfe84-1788105342084-04677-N67pN5pI&terminal_id=b6cf602e55c147bc876b5703aca0949c&gatewayAdapt=glo2usa4itemAdapt,2026-08-30T15:55:48+00:00,electronics.nema17-motor-17hs19-2004s
yes,200,listing has a title,s.click.aliexpress.com,https://s.click.aliexpress.com/e/NBmwSZeC,https://www.aliexpress.us/item/2251832656515068.html?aff_fcid=e7b6eb8ade7f432b99b8dce5c6167771-1788106088300-08655-NBmwSZeC&aff_fsk=NBmwSZeC&aff_platform=link-c-tool&sk=NBmwSZeC&aff_trace_key=e7b6eb8ade7f432b99b8dce5c6167771-1788106088300-08655-NBmwSZeC&terminal_id=b6cf602e55c147bc876b5703aca0949c&afSmartRedirect=y&gatewayAdapt=glo2usa4itemAdapt,2026-08-30T16:08:08+00:00,hotend.v6-volcano-heatsink
yes,200,listing has a title,s.click.aliexpress.com,https://s.click.aliexpress.com/e/NJsPnaGs,https://www.aliexpress.us/item/2251832657713375.html?aff_fcid=232a55d9c7f34e49bc4ca0a83224c23a-1788106028332-06143-NJsPnaGs&aff_fsk=NJsPnaGs&aff_platform=link-c-tool&sk=NJsPnaGs&aff_trace_key=232a55d9c7f34e49bc4ca0a83224c23a-1788106028332-06143-NJsPnaGs&terminal_id=b6cf602e55c147bc876b5703aca0949c&gatewayAdapt=glo2usa4itemAdapt,2026-08-30T16:07:08+00:00,hotend.e3d-v6-bowden-hotend-kit-12v
yes,200,listing has a title,s.click.aliexpress.com,https://s.click.aliexpress.com/e/NWDuAJdA,https://www.aliexpress.us/item/2255799825795638.html?aff_fcid=5defb391851545afbee248ee55f9cd0a-1788106025304-05322-NWDuAJdA&aff_fsk=NWDuAJdA&aff_platform=link-c-tool&sk=NWDuAJdA&aff_trace_key=5defb391851545afbee248ee55f9cd0a-1788106025304-05322-NWDuAJdA&terminal_id=b6cf602e55c147bc876b5703aca0949c&afSmartRedirect=y&gatewayAdapt=glo2usa4itemAdapt,2026-08-30T16:07:05+00:00,hotend.copper-volcano-heatblock
yes,200,listing has a title,s.click.aliexpress.com,https://s.click.aliexpress.com/e/Njq3xkWG,https://www.aliexpress.us/item/2251832706077613.html?aff_fcid=2b9d08ba01374245a353106f0b6d226e-1788104620787-09461-Njq3xkWG&aff_fsk=Njq3xkWG&aff_platform=link-c-tool&sk=Njq3xkWG&aff_trace_key=2b9d08ba01374245a353106f0b6d226e-1788104620787-09461-Njq3xkWG&terminal_id=b6cf602e55c147bc876b5703aca0949c&gatewayAdapt=glo2usa4itemAdapt,2026-08-30T15:43:41+00:00,bowden.bowden-clip
yes,200,listing has a title,s.click.aliexpress.com,https://s.click.aliexpress.com/e/NpWkJah2,https://www.aliexpress.us/item/2251832736279631.html?aff_fcid=ec8e43dae3f94743913e3d15b41b23f5-1788106402702-07980-NpWkJah2&aff_fsk=NpWkJah2&aff_platform=link-c-tool&sk=NpWkJah2&aff_trace_key=ec8e43dae3f94743913e3d15b41b23f5-1788106402702-07980-NpWkJah2&terminal_id=b6cf602e55c147bc876b5703aca0949c&afSmartRedirect=y&gatewayAdapt=glo2usa4itemAdapt,2026-08-30T16:13:23+00:00,misc.v6-hotend-sock
yes,200,listing has a title,s.click.aliexpress.com,https://s.click.aliexpress.com/e/NwIXaHhO,https://www.aliexpress.us/item/2251832612319325.html?aff_fcid=0baff436046240c5a0fef3bf8958f758-1788105231679-06111-NwIXaHhO&aff_fsk=NwIXaHhO&aff_platform=link-c-tool&sk=NwIXaHhO&aff_trace_key=0baff436046240c5a0fef3bf8958f758-1788105231679-06111-NwIXaHhO&terminal_id=b6cf602e55c147bc876b5703aca0949c&gatewayAdapt=glo2usa4itemAdapt,2026-08-30T15:53:52+00:00,electronics.40x40x10-centrifugal-blower-fan-12v
yes,200,listing has a title,s.click.aliexpress.com,https://s.click.aliexpress.com/e/OBxe5EwU,https://www.aliexpress.us/item/2251832403173475.html?aff_fcid=10b3d23ac7e34610aa7e54409de1756f-1788105349727-09925-OBxe5EwU&aff_fsk=OBxe5EwU&aff_platform=link-c-tool&sk=OBxe5EwU&aff_trace_key=10b3d23ac7e34610aa7e54409de1756f-1788105349727-09925-OBxe5EwU&terminal_id=b6cf602e55c147bc876b5703aca0949c&gatewayAdapt=glo2usa4itemAdapt,2026-08-30T15:55:56+00:00,electronics.nema17-motor-17hs19-2004s
yes,200,listing has a title,s.click.aliexpress.com,https://s.click.aliexpress.com/e/_99um6r,https://www.aliexpress.us/item/2261799957801806.html?spm=a2g0o.productlist.0.0.31ed4f49RtoxVm&algo_pvid=77c4a92c-ebbd-4826-8763-211142e2c5a5&algo_exp_id=77c4a92c-ebbd-4826-8763-211142e2c5a5-0&aff_fcid=c67a443c398447dd8d590ed9adf00ef0-1788104805187-01428-_99um6r&tt=CPS_NORMAL&aff_fsk=_99um6r&aff_platform=portals-tool&sk=_99um6r&aff_trace_key=c67a443c398447dd8d590ed9adf00ef0-1788104805187-01428-_99um6r&terminal_id=b6cf602e55c147bc876b5703aca0949c&afSmartRedirect=y&gatewayAdapt=glo2usa4itemAdapt,2026-08-30T15:46:45+00:00,cables.2mmx100mm-zip-ties
yes,200,listing has a title,s.click.aliexpress.com,https://s.click.aliexpress.com/e/_9AnI1m,https://www.aliexpress.us/item/2251832519894077.html?aff_fcid=7715f9aa8a444fd9a1e110edc1bc335d-1788105881224-06622-_9AnI1m&tt=CPS_NORMAL&aff_fsk=_9AnI1m&aff_platform=portals-tool&sk=_9AnI1m&aff_trace_key=7715f9aa8a444fd9a1e110edc1bc335d-1788105881224-06622-_9AnI1m&terminal_id=b6cf602e55c147bc876b5703aca0949c&afSmartRedirect=y&gatewayAdapt=glo2usa4itemAdapt,2026-08-30T16:04:41+00:00,fasteners.m5-t-nut
yes,200,listing has a title,s.click.aliexpress.com,https://s.click.aliexpress.com/e/_9G8ynJ,https://www.aliexpress.us/item/2251832801502951.html?aff_fcid=62448ad203eb47db9fc4c45c562d3621-1788106647018-04202-_9G8ynJ&aff_fsk=_9G8ynJ&aff_platform=portals-tool&sk=_9G8ynJ&aff_trace_key=62448ad203eb47db9fc4c45c562d3621-1788106647018-04202-_9G8ynJ&terminal_id=b6cf602e55c147bc876b5703aca0949c&afSmartRedirect=y&gatewayAdapt=glo2usa4itemAdapt,2026-08-30T16:17:28+00:00,motion.gt2-open-belt-ll-2gt-6-6mm-wide-length-dependant-on-config
yes,200,listing has a title,s.click.aliexpress.com,https://s.click.aliexpress.com/e/_9J8aJa,https://www.aliexpress.us/item/2251832386575349.html?aff_fcid=c2ff1cb098d4451f81b543faee0533c0-1788105357367-09566-_9J8aJa&tt=CPS_NORMAL&aff_fsk=_9J8aJa&aff_platform=portals-tool&sk=_9J8aJa&aff_trace_key=c2ff1cb098d4451f81b543faee0533c0-1788105357367-09566-_9J8aJa&terminal_id=b6cf602e55c147bc876b5703aca0949c&afSmartRedirect=y&gatewayAdapt=glo2usa4itemAdapt,2026-08-30T15:55:58+00:00,electronics.nema17-motor-17hs19-2004s-min-35mm-shaft-for-double-shear
yes,200,listing has a title,s.click.aliexpress.com,https://s.click.aliexpress.com/e/_9JbfO4,https://www.aliexpress.us/item/2251832539995194.html?aff_fcid=a9a03223aa0d4bd5bb2f0572905b4b01-1788106585517-03391-_9JbfO4&tt=CPS_NORMAL&aff_fsk=_9JbfO4&aff_platform=portals-tool&sk=_9JbfO4&aff_trace_key=a9a03223aa0d4bd5bb2f0572905b4b01-1788106585517-03391-_9JbfO4&terminal_id=b6cf602e55c147bc876b5703aca0949c&afSmartRedirect=y&gatewayAdapt=glo2usa4itemAdapt,2026-08-30T16:16:26+00:00,motion.gt2-20t-6mm-wide-toothed-idler-5mm-bore
yes,200,listing has a title,s.click.aliexpress.com,https://s.click.aliexpress.com/e/_9RQa9O,https://www.aliexpress.us/item/2251832399114499.html?aff_fcid=3705e7933f71444ba674ebd74c99031b-1788105328216-01044-_9RQa9O&tt=CPS_NORMAL&aff_fsk=_9RQa9O&aff_platform=portals-tool&sk=_9RQa9O&aff_trace_key=3705e7933f71444ba674ebd74c99031b-1788105328216-01044-_9RQa9O&terminal_id=b6cf602e55c147bc876b5703aca0949c&afSmartRedirect=y&gatewayAdapt=glo2usa4itemAdapt,2026-08-30T15:55:29+00:00,electronics.nema17-motor-17hs08-1004s
yes,200,listing has a title,s.click.aliexpress.com,https://s.click.aliexpress.com/e/_9ht8Ir,https://www.aliexpress.us/item/3256801479855635.html?spm=a2g0o.productlist.0.0.780d42b96HU1Vz&algo_pvid=9d67a560-2264-49bb-827c-a72fef50cd42&algo_expid=9d67a560-2264-49bb-827c-a72fef50cd42-6&btsid=0bb0622f16188878128754376e6221&ws_ab_test=searchweb0_0%2Csearchweb201602_%2Csearchweb201603_&aff_fcid=df33549b90a7430988a0f76fb663f27f-1788105302913-04128-_9ht8Ir&aff_fsk=_9ht8Ir&aff_platform=portals-tool&sk=_9ht8Ir&aff_trace_key=df33549b90a7430988a0f76fb663f27f-1788105302913-04128-_9ht8Ir&terminal_id=b6cf602e55c147bc876b5703aca0949c&afSmartRedirect=y&gatewayAdapt=glo2usa4itemAdapt,2026-08-30T15:55:03+00:00,electronics.dragon-fly-bmo-hotend
yes,200,listing has a title,s.click.aliexpress.com,https://s.click.aliexpress.com/e/_9i7U7w,https://www.aliexpress.us/item/2251832713279518.html?aff_fcid=11d8c8edeb9647b79a0520378fda9c29-1788105247840-02546-_9i7U7w&tt=CPS_NORMAL&aff_fsk=_9i7U7w&aff_platform=portals-tool&sk=_9i7U7w&aff_trace_key=11d8c8edeb9647b79a0520378fda9c29-1788105247840-02546-_9i7U7w&terminal_id=b6cf602e55c147bc876b5703aca0949c&afSmartRedirect=y&gatewayAdapt=glo2usa4itemAdapt,2026-08-30T15:54:08+00:00,electronics.60x60x20-axial-fan-24v
yes,200,listing has a title,s.click.aliexpress.com,https://s.click.aliexpress.com/e/_9uvTPW,https://www.aliexpress.us/item/2251832801502951.html?aff_fcid=fae9de88d5a34597989da51e052a7c22-1788106640599-04503-_9uvTPW&tt=CPS_NORMAL&aff_fsk=_9uvTPW&aff_platform=portals-tool&sk=_9uvTPW&aff_trace_key=fae9de88d5a34597989da51e052a7c22-1788106640599-04503-_9uvTPW&terminal_id=b6cf602e55c147bc876b5703aca0949c&afSmartRedirect=y&gatewayAdapt=glo2usa4itemAdapt,2026-08-30T16:17:21+00:00,motion.gt2-open-belt-ll-2gt-6-6mm-wide
yes,200,listing has a title,s.click.aliexpress.com,https://s.click.aliexpress.com/e/_9vyYqu,https://www.aliexpress.us/item/2251832731634167.html?aff_fcid=b6a53a25e3004b8ea59f08020e19dbf7-1788105854696-07433-_9vyYqu&tt=CPS_NORMAL&aff_fsk=_9vyYqu&aff_platform=portals-tool&sk=_9vyYqu&aff_trace_key=b6a53a25e3004b8ea59f08020e19dbf7-1788105854696-07433-_9vyYqu&terminal_id=b6cf602e55c147bc876b5703aca0949c&afSmartRedirect=y&gatewayAdapt=glo2usa4itemAdapt,2026-08-30T16:04:15+00:00,fasteners.m5-1-0mm-thick-shim-washer
yes,200,listing has a title,s.click.aliexpress.com,https://s.click.aliexpress.com/e/_9xE4rJ,https://www.aliexpress.us/item/3256803199432554.html?spm=a2g0o.productlist.0.0.12e73952aaxQ5B&algo_pvid=daadbb0d-0824-4139-95f4-dfbe96e8446c&algo_exp_id=daadbb0d-0824-4139-95f4-dfbe96e8446c-2&pdp_ext_f=%7B%22sku_id%22%3A%2212000028251018405%22%7D&pdp_npi=2%40dis%21USD%21%21339.0%21%21%21%21%21%40210318d116542100987224801e0f95%2112000028251018405%21sea&aff_fcid=77b9bd2bdbc9423f88a5bd2da1c37d57-1788106107623-07708-_9xE4rJ&tt=CPS_NORMAL&aff_fsk=_9xE4rJ&aff_platform=portals-tool&sk=_9xE4rJ&aff_trace_key=77b9bd2bdbc9423f88a5bd2da1c37d57-1788106107623-07708-_9xE4rJ&terminal_id=b6cf602e55c147bc876b5703aca0949c&afSmartRedirect=y&gatewayAdapt=glo2usa,2026-08-30T16:08:28+00:00,kits.voron-v0-1-kit-formbot
yes,200,listing has a title,s.click.aliexpress.com,https://s.click.aliexpress.com/e/_9yHMVF,https://www.aliexpress.us/item/2255800863830263.html?spm=a2g0o.detail.1000023.4.33585f35jsu4py&aff_fcid=58cefc04744c4e57ac5e3b44c38d4468-1788105267992-05926-_9yHMVF&aff_fsk=_9yHMVF&aff_platform=portals-tool&sk=_9yHMVF&aff_trace_key=58cefc04744c4e57ac5e3b44c38d4468-1788105267992-05926-_9yHMVF&terminal_id=b6cf602e55c147bc876b5703aca0949c&afSmartRedirect=y&gatewayAdapt=glo2usa4itemAdapt,2026-08-30T15:54:29+00:00,electronics.bigtreetech-skr-mini-e3-v2
yes,200,listing has a title,s.click.aliexpress.com,https://s.click.aliexpress.com/e/_9z7hh2,https://www.aliexpress.us/item/2255800046543591.html?spm=a2g0s.9042311.0.0.21164c4dGhWHhY&aff_fcid=28621fd0badb4fae81b1adf2d7e89d39-1788105828196-00754-_9z7hh2&tt=CPS_NORMAL&aff_fsk=_9z7hh2&aff_platform=portals-tool&sk=_9z7hh2&aff_trace_key=28621fd0badb4fae81b1adf2d7e89d39-1788105828196-00754-_9z7hh2&terminal_id=b6cf602e55c147bc876b5703aca0949c&afSmartRedirect=y&gatewayAdapt=glo2usa4itemAdapt,2026-08-30T16:03:48+00:00,fasteners.m3-heat-set-insert-m3x5x4
yes,200,listing has a title,s.click.aliexpress.com,https://s.click.aliexpress.com/e/_A2WTM8,https://www.aliexpress.us/item/3256802863550893.html?aff_fcid=aba4737155e9486f8c0cce209e8c1555-1788105318591-02199-_A2WTM8&tt=CPS_NORMAL&aff_fsk=_A2WTM8&aff_platform=portals-tool&sk=_A2WTM8&aff_trace_key=aba4737155e9486f8c0cce209e8c1555-1788105318591-02199-_A2WTM8&terminal_id=b6cf602e55c147bc876b5703aca0949c&afSmartRedirect=y&gatewayAdapt=glo2usa4itemAdapt,2026-08-30T15:55:19+00:00,electronics.nema14-36mm-round-pancake-motor-with-10-tooth-gear-20mm electronics.nema14-36mm-round-pancake-stepper-motor-with-10-tooth-spur-gear-ldo-36sth20-1004ahg
yes,200,listing has a title,s.click.aliexpress.com,https://s.click.aliexpress.com/e/_A3ZXre,https://www.aliexpress.us/item/2251832582950459.html?aff_fcid=dfc140fa69a842ac95b69bc5edf46a68-1788106436066-00040-_A3ZXre&tt=CPS_NORMAL&aff_fsk=_A3ZXre&aff_platform=portals-tool&sk=_A3ZXre&aff_trace_key=dfc140fa69a842ac95b69bc5edf46a68-1788106436066-00040-_A3ZXre&terminal_id=b6cf602e55c147bc876b5703aca0949c&afSmartRedirect=y&gatewayAdapt=glo2usa4itemAdapt,2026-08-30T16:13:56+00:00,motion.5x30mm-shaft
yes,200,listing has a title,s.click.aliexpress.com,https://s.click.aliexpress.com/e/_A3iL6c,https://www.aliexpress.us/item/2251832657713375.html?aff_fcid=4f7b37d7513a41cd93b151d305665f24-1788105306038-02294-_A3iL6c&tt=CPS_NORMAL&aff_fsk=_A3iL6c&aff_platform=portals-tool&sk=_A3iL6c&aff_trace_key=4f7b37d7513a41cd93b151d305665f24-1788105306038-02294-_A3iL6c&terminal_id=b6cf602e55c147bc876b5703aca0949c&afSmartRedirect=y&gatewayAdapt=glo2usa4itemAdapt,2026-08-30T15:55:06+00:00,electronics.e3d-v6-bowden-hotend-kit-24v
yes,200,listing has a title,s.click.aliexpress.com,https://s.click.aliexpress.com/e/_A5y24k,https://www.aliexpress.us/item/3256802425339653.html?aff_fcid=b748383cb3f94d3c8a7068970a5793f6-1788104919334-03617-_A5y24k&tt=CPS_NORMAL&aff_fsk=_A5y24k&aff_platform=portals-tool&sk=_A5y24k&aff_trace_key=b748383cb3f94d3c8a7068970a5793f6-1788104919334-03617-_A5y24k&terminal_id=b6cf602e55c147bc876b5703aca0949c&afSmartRedirect=y&gatewayAdapt=glo2usa4itemAdapt,2026-08-30T15:48:40+00:00,controller.6-stepper-controller-or-multiple-to-equal-6-steppers
yes,200,listing has a title,s.click.aliexpress.com,https://s.click.aliexpress.com/e/_A7AOVO,https://www.aliexpress.us/item/2251832618848960.html?aff_fcid=77b86c80889f4f13b03948ef5ee3cc1a-1788105875106-07742-_A7AOVO&tt=CPS_NORMAL&aff_fsk=_A7AOVO&aff_platform=portals-tool&sk=_A7AOVO&aff_trace_key=77b86c80889f4f13b03948ef5ee3cc1a-1788105875106-07742-_A7AOVO&terminal_id=b6cf602e55c147bc876b5703aca0949c&afSmartRedirect=y&gatewayAdapt=glo2usa4itemAdapt,2026-08-30T16:04:35+00:00,fasteners.m5-t-nut
yes,200,listing has a title,s.click.aliexpress.com,https://s.click.aliexpress.com/e/_A8MSC4,https://www.aliexpress.us/item/2251832814871526.html?aff_fcid=c953a97e17b34fbc8dd42733db2673e4-1788106521933-04399-_A8MSC4&tt=CPS_NORMAL&aff_fsk=_A8MSC4&aff_platform=portals-tool&sk=_A8MSC4&aff_trace_key=c953a97e17b34fbc8dd42733db2673e4-1788106521933-04399-_A8MSC4&terminal_id=b6cf602e55c147bc876b5703aca0949c&afSmartRedirect=y&gatewayAdapt=glo2usa4itemAdapt,2026-08-30T16:15:22+00:00,motion.f695-bearing-add-two-for-stepper-double-shear
yes,200,listing has a title,s.click.aliexpress.com,https://s.click.aliexpress.com/e/_A8ySFU,https://www.aliexpress.us/item/2251832828610420.html?spm=a2g0o.productlist.0.0.1e3a7beamUVfZo&algo_pvid=b889daac-56d9-4d48-ad1a-3b26a8d43203&algo_expid=b889daac-56d9-4d48-ad1a-3b26a8d43203-29&btsid=0b0a556716148322794236095e57d2&ws_ab_test=searchweb0_0%2Csearchweb201602_%2Csearchweb201603_&aff_fcid=0cbe52bd6bab45c99676b50aa2c46d97-1788106345566-03872-_A8ySFU&aff_fsk=_A8ySFU&aff_platform=portals-tool&sk=_A8ySFU&aff_trace_key=0cbe52bd6bab45c99676b50aa2c46d97-1788106345566-03872-_A8ySFU&terminal_id=b6cf602e55c147bc876b5703aca0949c&afSmartRedirect=y&gatewayAdapt=glo2usa4itemAdapt,2026-08-30T16:12:26+00:00,misc.little-rubber-feet-14x11x9mm
yes,200,listing has a title,s.click.aliexpress.com,https://s.click.aliexpress.com/e/_AAsUJw,https://www.aliexpress.us/item/2255800815947422.html?aff_fcid=3d16771ad4a04bcd8b121bf3f58b285e-1788106299769-07171-_AAsUJw&tt=CPS_NORMAL&aff_fsk=_AAsUJw&aff_platform=portals-tool&sk=_AAsUJw&aff_trace_key=3d16771ad4a04bcd8b121bf3f58b285e-1788106299769-07171-_AAsUJw&terminal_id=b6cf602e55c147bc876b5703aca0949c&afSmartRedirect=y&gatewayAdapt=glo2usa4itemAdapt,2026-08-30T16:11:40+00:00,misc.din-rail-electronics-enclosure-steel-35mm-wide-7-5mm-tall-steel
yes,200,listing has a title,s.click.aliexpress.com,https://s.click.aliexpress.com/e/_AK4KP2,https://www.aliexpress.us/item/2251832519894077.html?aff_fcid=de43473faa734814bd7ea25da5fb04c4-1788105844822-09994-_AK4KP2&tt=CPS_NORMAL&aff_fsk=_AK4KP2&aff_platform=portals-tool&sk=_AK4KP2&aff_trace_key=de43473faa734814bd7ea25da5fb04c4-1788105844822-09994-_AK4KP2&terminal_id=b6cf602e55c147bc876b5703aca0949c&afSmartRedirect=y&gatewayAdapt=glo2usa4itemAdapt,2026-08-30T16:04:05+00:00,fasteners.m3-roll-in-t-nut
yes,200,listing has a title,s.click.aliexpress.com,https://s.click.aliexpress.com/e/_ANOfRq,https://www.aliexpress.us/item/2255800149618104.html?aff_fcid=f6c4554d7eb04d0cb6c0287d5be128b1-1788106528544-07083-_ANOfRq&tt=CPS_NORMAL&aff_fsk=_ANOfRq&aff_platform=portals-tool&sk=_ANOfRq&aff_trace_key=f6c4554d7eb04d0cb6c0287d5be128b1-1788106528544-07083-_ANOfRq&terminal_id=b6cf602e55c147bc876b5703aca0949c&afSmartRedirect=y&gatewayAdapt=glo2usa4itemAdapt,2026-08-30T16:15:29+00:00,motion.ge5c-spherical-bearing
yes,200,listing has a title,s.click.aliexpress.com,https://s.click.aliexpress.com/e/_ANOyiL,https://www.aliexpress.us/item/3256802696137765.html?aff_fcid=20de17fd1747449eacdc263702898bda-1788104896135-01401-_ANOyiL&tt=CPS_NORMAL&aff_fsk=_ANOyiL&aff_platform=portals-tool&sk=_ANOyiL&aff_trace_key=20de17fd1747449eacdc263702898bda-1788104896135-01401-_ANOyiL&terminal_id=b6cf602e55c147bc876b5703aca0949c&afSmartRedirect=y&gatewayAdapt=glo2usa4itemAdapt,2026-08-30T15:48:17+00:00,cables.wire-18gauge-10ft-individual-strand-length-total-example-25ft-of-4p-wire-100ft
yes,200,listing has a title,s.click.aliexpress.com,https://s.click.aliexpress.com/e/_ANjqIj,https://www.aliexpress.us/item/2255800046543591.html?aff_fcid=c6d776370d974404956faaf1052cf6c9-1788105831576-03752-_ANjqIj&aff_fsk=_ANjqIj&aff_platform=portals-tool&sk=_ANjqIj&aff_trace_key=c6d776370d974404956faaf1052cf6c9-1788105831576-03752-_ANjqIj&terminal_id=b6cf602e55c147bc876b5703aca0949c&afSmartRedirect=y&gatewayAdapt=glo2usa4itemAdapt,2026-08-30T16:03:52+00:00,fasteners.m3-heat-set-insert-m3x5x4
yes,200,listing has a title,s.click.aliexpress.com,https://s.click.aliexpress.com/e/_AOUGIu,https://www.aliexpress.us/item/2251832784691772.html?aff_fcid=cf82fb963d3f4e1fb8d77c81e22e6a32-1788105500277-03756-_AOUGIu&tt=CPS_NORMAL&aff_fsk=_AOUGIu&aff_platform=portals-tool&sk=_AOUGIu&aff_trace_key=cf82fb963d3f4e1fb8d77c81e22e6a32-1788105500277-03756-_AOUGIu&terminal_id=b6cf602e55c147bc876b5703aca0949c&afSmartRedirect=y&gatewayAdapt=glo2usa4itemAdapt,2026-08-30T15:58:20+00:00,electronics.ssr-din-mount
yes,200,listing has a title,s.click.aliexpress.com,https://s.click.aliexpress.com/e/_AOxtwP,https://www.aliexpress.us/item/2255800164288149.html?spm=a2g0o.productlist.0.0.57a612a99nyLrq&algo_pvid=004ac213-527f-476c-85a5-0a4be96b4d14&algo_expid=004ac213-527f-476c-85a5-0a4be96b4d14-0&btsid=0bb0623c16188880709745598ebcb1&ws_ab_test=searchweb0_0%2Csearchweb201602_%2Csearchweb201603_&aff_fcid=79b20a2bdad3409fae1b4416853c846f-1788106479852-01339-_AOxtwP&aff_fsk=_AOxtwP&aff_platform=portals-tool&sk=_AOxtwP&aff_trace_key=79b20a2bdad3409fae1b4416853c846f-1788106479852-01339-_AOxtwP&terminal_id=b6cf602e55c147bc876b5703aca0949c&afSmartRedirect=y&gatewayAdapt=glo2usa4itemAdapt,2026-08-30T16:14:40+00:00,motion.f623-rs-bearing
yes,200,listing has a title,s.click.aliexpress.com,https://s.click.aliexpress.com/e/_AU7ik2,https://www.aliexpress.us/item/3256803279640594.html?aff_fcid=a523a1385f964fc29d87456ac2d60605-1788105638994-03633-_AU7ik2&tt=CPS_NORMAL&aff_fsk=_AU7ik2&aff_platform=portals-tool&sk=_AU7ik2&aff_trace_key=a523a1385f964fc29d87456ac2d60605-1788105638994-03633-_AU7ik2&terminal_id=b6cf602e55c147bc876b5703aca0949c&afSmartRedirect=y&gatewayAdapt=glo2usa4itemAdapt,2026-08-30T16:00:39+00:00,extruder.complete-bmg-extruder-clone
yes,200,listing has a title,s.click.aliexpress.com,https://s.click.aliexpress.com/e/_AUbIY8,https://www.aliexpress.us/item/2251832681848496.html?aff_fcid=a74d6c2bb83f4c2fa1d2269de3f6a57c-1788105228676-08724-_AUbIY8&tt=CPS_NORMAL&aff_fsk=_AUbIY8&aff_platform=portals-tool&sk=_AUbIY8&aff_trace_key=a74d6c2bb83f4c2fa1d2269de3f6a57c-1788105228676-08724-_AUbIY8&terminal_id=b6cf602e55c147bc876b5703aca0949c&afSmartRedirect=y&gatewayAdapt=glo2usa4itemAdapt,2026-08-30T15:53:49+00:00,electronics.40x40x10-axial-fan-ball-bearing-24v
yes,200,listing has a title,s.click.aliexpress.com,https://s.click.aliexpress.com/e/_AWdYSR,https://www.aliexpress.us/item/2251800716378037.html?spm=a2g0o.productlist.0.0.66e51e10N831HU&algo_pvid=54b6f7b1-67cd-49aa-a611-9065b85e581a&algo_expid=54b6f7b1-67cd-49aa-a611-9065b85e581a-0&btsid=0bb0623d16188881774168938eecd9&ws_ab_test=searchweb0_0%2Csearchweb201602_%2Csearchweb201603_&aff_fcid=3c5410490d6e4089ace27bdddf039236-1788106627869-00832-_AWdYSR&aff_fsk=_AWdYSR&aff_platform=portals-tool&sk=_AWdYSR&aff_trace_key=3c5410490d6e4089ace27bdddf039236-1788106627869-00832-_AWdYSR&terminal_id=b6cf602e55c147bc876b5703aca0949c&afSmartRedirect=y&gatewayAdapt=glo2usa4itemAdapt,2026-08-30T16:17:09+00:00,motion.gt2-open-belt-6mm-3-meters
yes,200,listing has a title,s.click.aliexpress.com,https://s.click.aliexpress.com/e/_AXkck4,https://www.aliexpress.us/item/2251832667244886.html?aff_fcid=0223905b61844bfdb07863eaa59ffa85-1788106634211-01794-_AXkck4&tt=CPS_NORMAL&aff_fsk=_AXkck4&aff_platform=portals-tool&sk=_AXkck4&aff_trace_key=0223905b61844bfdb07863eaa59ffa85-1788106634211-01794-_AXkck4&terminal_id=b6cf602e55c147bc876b5703aca0949c&afSmartRedirect=y&gatewayAdapt=glo2usa4itemAdapt,2026-08-30T16:17:14+00:00,motion.gt2-open-belt-ll-2gt-6-6mm-wide
yes,200,listing has a title,s.click.aliexpress.com,https://s.click.aliexpress.com/e/_AZwI9m,https://www.aliexpress.us/item/3256801221826511.html?aff_fcid=0ebf762606ff4869bbf0b96711ed5126-1788106195976-03633-_AZwI9m&tt=CPS_NORMAL&aff_fsk=_AZwI9m&aff_platform=portals-tool&sk=_AZwI9m&aff_trace_key=0ebf762606ff4869bbf0b96711ed5126-1788106195976-03633-_AZwI9m&terminal_id=b6cf602e55c147bc876b5703aca0949c&afSmartRedirect=y&gatewayAdapt=glo2usa4itemAdapt,2026-08-30T16:09:56+00:00,misc.bowden-tube
yes,200,listing has a title,s.click.aliexpress.com,https://s.click.aliexpress.com/e/_AaU1Qc,https://www.aliexpress.us/item/2251832618848960.html?aff_fcid=70b668dce8384749bc4da672542a05c3-1788105838096-05153-_AaU1Qc&tt=CPS_NORMAL&aff_fsk=_AaU1Qc&aff_platform=portals-tool&sk=_AaU1Qc&aff_trace_key=70b668dce8384749bc4da672542a05c3-1788105838096-05153-_AaU1Qc&terminal_id=b6cf602e55c147bc876b5703aca0949c&afSmartRedirect=y&gatewayAdapt=glo2usa4itemAdapt,2026-08-30T16:03:58+00:00,fasteners.m3-roll-in-t-nut
yes,200,listing has a title,s.click.aliexpress.com,https://s.click.aliexpress.com/e/_AdKnDl,https://www.aliexpress.us/item/2251832398678595.html?scm-url=1007.13339.169870.0&aff_fcid=8d23428cca8a4e03be9091e3aec44b3f-1618957354618-02224-_9vAe6R&spm=a2g0o.detail.1000060.3.4956cf02FscsG7&aff_fsk=_9vAe6R&pvid=912eda1c-26e3-4606-83e6-f2a74452818c&_t=gps-id%3ApcDetailBottomMoreThisSeller%2Cscm-url%3A1007.13339.169870.0%2Cpvid%3A912eda1c-26e3-4606-83e6-f2a74452818c%2Ctpp_buckets%3A668%230%23131923%2399_668%230%23131923%2399_668%23888%233325%232_668%23888%233325%232_668%232846%238111%231996_668%232717%237559%2329_668%231000022185%231000066058%230_668%233468%2315617%23818_668%232846%238111%231996_668%232717%237559%2329_668%233164%239976%2382_668%233468%2315617%23818&gps-id=pcDetailBottomMoreThisSeller&scm=1007.13339.169870.0&scm_id=1007.13339.169870.0&tmLog=new_Detail&aff_fcid=ffaae8eaf4e94b48a1ec363404a1cbd1-1788105324932-09415-_AdKnDl&aff_fsk=_AdKnDl&aff_platform=portals-tool&sk=_AdKnDl&aff_trace_key=ffaae8eaf4e94b48a1ec363404a1cbd1-1788105324932-09415-_AdKnDl&terminal_id=b6cf602e55c147bc876b5703aca0949c&afSmartRedirect=y&gatewayAdapt=glo2usa4itemAdapt,2026-08-30T15:55:25+00:00,electronics.nema14-stepper-motor-40ncm
yes,200,listing has a title,s.click.aliexpress.com,https://s.click.aliexpress.com/e/_Aeeig4,https://www.aliexpress.us/item/3256802137755437.html?aff_fcid=3810020cb2cd44d19ba2d578545fc13d-1788104916158-06335-_Aeeig4&tt=CPS_NORMAL&aff_fsk=_Aeeig4&aff_platform=portals-tool&sk=_Aeeig4&aff_trace_key=3810020cb2cd44d19ba2d578545fc13d-1788104916158-06335-_Aeeig4&terminal_id=b6cf602e55c147bc876b5703aca0949c&afSmartRedirect=y&gatewayAdapt=glo2usa4itemAdapt,2026-08-30T15:48:36+00:00,controller.6-stepper-controller-or-multiple-to-equal-6-steppers
yes,200,listing has a title,s.click.aliexpress.com,https://s.click.aliexpress.com/e/_Alji4k,https://www.aliexpress.us/item/2255799834871688.html?aff_fcid=f4a34db51b7d49888ad354ae810b4c89-1788105938802-09695-_Alji4k&aff_fsk=_Alji4k&aff_platform=portals-tool&sk=_Alji4k&aff_trace_key=f4a34db51b7d49888ad354ae810b4c89-1788105938802-09695-_Alji4k&terminal_id=b6cf602e55c147bc876b5703aca0949c&afSmartRedirect=y&gatewayAdapt=glo2usa4itemAdapt,2026-08-30T16:05:39+00:00,hardware.bmg-extruder-insides misc.bmg-extruder-hardware-kit-if-configured-with-direct-feed
yes,200,listing has a title,s.click.aliexpress.com,https://s.click.aliexpress.com/e/_AqN4lx,https://www.aliexpress.us/item/2251832808788159.html?spm=a2g0o.productlist.0.0.65ef12001klR4p&algo_pvid=03a1aac1-38e0-4668-8efb-be9b322bd722&algo_expid=03a1aac1-38e0-4668-8efb-be9b322bd722-0&btsid=0bb0623616191028148183099e414d&ws_ab_test=searchweb0_0%2Csearchweb201602_%2Csearchweb201603_&aff_fcid=894202c62cfd464982a82afc263114dd-1788106578988-06542-_AqN4lx&aff_fsk=_AqN4lx&aff_platform=portals-tool&sk=_AqN4lx&aff_trace_key=894202c62cfd464982a82afc263114dd-1788106578988-06542-_AqN4lx&terminal_id=b6cf602e55c147bc876b5703aca0949c&afSmartRedirect=y&gatewayAdapt=glo2usa4itemAdapt,2026-08-30T16:16:19+00:00,motion.gt2-20t-6mm-wide-pulley-5mm-bore
yes,200,listing has a title,s.click.aliexpress.com,https://s.click.aliexpress.com/e/_Aqmkpm,https://www.aliexpress.us/item/2251832664674464.html?aff_fcid=e006024e65104955ad4fde5f55cde2e2-1788106525223-03135-_Aqmkpm&tt=CPS_NORMAL&aff_fsk=_Aqmkpm&aff_platform=portals-tool&sk=_Aqmkpm&aff_trace_key=e006024e65104955ad4fde5f55cde2e2-1788106525223-03135-_Aqmkpm&terminal_id=b6cf602e55c147bc876b5703aca0949c&afSmartRedirect=y&gatewayAdapt=glo2usa4itemAdapt,2026-08-30T16:15:25+00:00,motion.f695-bearing-add-two-for-stepper-double-shear
yes,200,listing has a title,s.click.aliexpress.com,https://s.click.aliexpress.com/e/_Bf9nOYLc,https://www.aliexpress.us/item/2251832784630145.html?spm=a2g0o.detail.1000060.3.61be945fLXCPEZ&gps-id=pcDetailBottomMoreThisSeller&scm=1007.14977.161853.0&scm_id=1007.14977.161853.0&scm-url=1007.14977.161853.0&pvid=66480efb-ba2d-481e-809d-a98a96d82dfe&_t=gps-id%3ApcDetailBottomMoreThisSeller%2Cscm-url%3A1007.14977.161853.0%2Cpvid%3A66480efb-ba2d-481e-809d-a98a96d82dfe%2Ctpp_buckets%3A668%230%23131923%2317_668%23808%235965%23636_668%23888%233325%236_668%232717%237566%23845&aff_fcid=bd0813262a9147ebb2a017336750a71f-1788105935399-05512-_Bf9nOYLc&aff_fsk=_Bf9nOYLc&aff_platform=portals-tool&sk=_Bf9nOYLc&aff_trace_key=bd0813262a9147ebb2a017336750a71f-1788105935399-05512-_Bf9nOYLc&terminal_id=b6cf602e55c147bc876b5703aca0949c&afSmartRedirect=y&gatewayAdapt=glo2usa4itemAdapt,2026-08-30T16:05:35+00:00,hardware.3x7x0-5-shim-ring-3mm-id-7-mm-od hardware.shim-washer-6mm-od-3mm-id-0-5mm-thick-thickness-is-important
yes,200,listing has a title,s.click.aliexpress.com,https://s.click.aliexpress.com/e/_Bfg1Siru,https://www.aliexpress.us/item/2251832470824679.html?spm=a2g0o.productlist.0.0.21d929efD2JNRV&algo_pvid=86eb2115-3784-40cf-a540-9df92c3601f0&algo_expid=86eb2115-3784-40cf-a540-9df92c3601f0-22&btsid=0be3764515869749129332905e10cd&ws_ab_test=searchweb0_0%2Csearchweb201602_%2Csearchweb201603_&aff_fcid=3750e79ae93e4e87a2596ebd35120c15-1788105295367-06084-_Bfg1Siru&aff_fsk=_Bfg1Siru&aff_platform=portals-tool&sk=_Bfg1Siru&aff_trace_key=3750e79ae93e4e87a2596ebd35120c15-1788105295367-06084-_Bfg1Siru&terminal_id=b6cf602e55c147bc876b5703aca0949c&afSmartRedirect=y&gatewayAdapt=glo2usa4itemAdapt,2026-08-30T15:55:01+00:00,electronics.dc-dc-psu-buck-converter-24v-to-5v
yes,200,listing has a title,s.click.aliexpress.com,https://s.click.aliexpress.com/e/_DBbMKkt,https://www.aliexpress.us/item/2251832801502951.html?businessType=ProductDetail&srcSns=sns_Copy&spreadType=socialShare&bizType=ProductDetail&social_params=20846120668&aff_fcid=f15a0eb078d14991812df4dcf4e2fde2-1788106630918-00080-_DBbMKkt&tt=CPS_NORMAL&aff_fsk=_DBbMKkt&aff_platform=portals-tool&sk=_DBbMKkt&aff_trace_key=f15a0eb078d14991812df4dcf4e2fde2-1788106630918-00080-_DBbMKkt&terminal_id=b6cf602e55c147bc876b5703aca0949c&afSmartRedirect=y&gatewayAdapt=glo2usa4itemAdapt,2026-08-30T16:17:12+00:00,motion.gt2-open-belt-6mm-3000mm
yes,200,listing has a title,s.click.aliexpress.com,https://s.click.aliexpress.com/e/_DBnmZ1l,https://www.aliexpress.us/item/3256802713546002.html?aff_fcid=2f1e74acf3ce436a8a576eb8198b12c3-1788105315318-07561-_DBnmZ1l&tt=CPS_NORMAL&aff_fsk=_DBnmZ1l&aff_platform=portals-tool&sk=_DBnmZ1l&aff_trace_key=2f1e74acf3ce436a8a576eb8198b12c3-1788105315318-07561-_DBnmZ1l&terminal_id=b6cf602e55c147bc876b5703aca0949c&afSmartRedirect=y&gatewayAdapt=glo2usa,2026-08-30T15:55:15+00:00,electronics.nema14-36mm-round-pancake-motor-with-10-tooth-gear-20mm electronics.nema14-36mm-round-pancake-stepper-motor-with-10-tooth-spur-gear-ldo-36sth20-1004ahg
yes,200,listing has a title,s.click.aliexpress.com,https://s.click.aliexpress.com/e/_DEI50IF,https://www.aliexpress.us/item/2251832663198775.html?aff_fcid=4dca59a6e6414f658c123d072afe6158-1788105429412-04769-_DEI50IF&tt=CPS_NORMAL&aff_fsk=_DEI50IF&aff_platform=portals-tool&sk=_DEI50IF&aff_trace_key=4dca59a6e6414f658c123d072afe6158-1788105429412-04769-_DEI50IF&terminal_id=b6cf602e55c147bc876b5703aca0949c&afSmartRedirect=y&gatewayAdapt=glo2usa,2026-08-30T15:57:09+00:00,electronics.omron-tl-q5mc2-npn-nc-5mm-sense
yes,200,listing has a title,s.click.aliexpress.com,https://s.click.aliexpress.com/e/_DFv4IPv,https://www.aliexpress.us/item/2251832800625551.html?aff_fcid=2d1fa5b7b92140279227535b92a54599-1788104670515-07903-_DFv4IPv&tt=CPS_NORMAL&aff_fsk=_DFv4IPv&aff_platform=portals-tool&sk=_DFv4IPv&aff_trace_key=2d1fa5b7b92140279227535b92a54599-1788104670515-07903-_DFv4IPv&terminal_id=b6cf602e55c147bc876b5703aca0949c&afSmartRedirect=y&gatewayAdapt=glo2usa,2026-08-30T15:44:31+00:00,buildplate.magnetic-sheet-pei-optional
yes,200,listing has a title,s.click.aliexpress.com,https://s.click.aliexpress.com/e/_DcyyjH5,https://www.aliexpress.us/item/3256803860334068.html?spm=a2g0o.productlist.main.1.1fcd658a736i2h&algo_pvid=d7abec6b-84c9-4cf4-9a79-e8a8d03801e8&algo_exp_id=d7abec6b-84c9-4cf4-9a79-e8a8d03801e8-0&pdp_ext_f=%7B%22sku_id%22%3A%2212000029877789008%22%7D&pdp_npi=2%40dis%21USD%2143.52%2129.16%21%21%21%21%21%40211bf31716732746136804964d0715%2112000029877789008%21sea&curPageLogUid=5IeKSS5oRDtd&aff_fcid=5401265a9d06451b9c66e8bcae7c474f-1788105271235-06916-_DcyyjH5&tt=CPS_NORMAL&aff_fsk=_DcyyjH5&aff_platform=portals-tool&sk=_DcyyjH5&aff_trace_key=5401265a9d06451b9c66e8bcae7c474f-1788105271235-06916-_DcyyjH5&terminal_id=b6cf602e55c147bc876b5703aca0949c&afSmartRedirect=y&gatewayAdapt=glo2usa,2026-08-30T15:54:31+00:00,electronics.bigtreetech-skr-pico
yes,200,listing has a title,s.click.aliexpress.com,https://s.click.aliexpress.com/e/_DkCBTgT,https://www.aliexpress.us/item/3256802901227760.html?spm=a2g0o.productlist.main.3.3f31177cIrvfAZ&algo_pvid=47212a38-12c2-4e87-83cd-8523dcd05d63&aem_p4p_detail=202301090632366547416826370820016293945&algo_exp_id=47212a38-12c2-4e87-83cd-8523dcd05d63-1&pdp_ext_f=%7B%22sku_id%22%3A%2212000030880946477%22%7D&pdp_npi=2%40dis%21USD%2121.5%2113.33%21%21%21%21%21%40212279a216732747563317246d0686%2112000030880946477%21sea&curPageLogUid=0eJBHVsHdDfR&ad_pvid=202301090632366547416826370820016293945_2&ad_pvid=202301090632366547416826370820016293945_2&aff_fcid=3eb3b25a5a1045b9b8614da890dac358-1788105177132-01431-_DkCBTgT&tt=CPS_NORMAL&aff_fsk=_DkCBTgT&aff_platform=portals-tool&sk=_DkCBTgT&aff_trace_key=3eb3b25a5a1045b9b8614da890dac358-1788105177132-01431-_DkCBTgT&terminal_id=b6cf602e55c147bc876b5703aca0949c&afSmartRedirect=y&gatewayAdapt=glo2usa,2026-08-30T15:52:57+00:00,electronics.3010-axial-fan-24v
yes,200,listing has a title,s.click.aliexpress.com,https://s.click.aliexpress.com/e/_DlbccTf,https://www.aliexpress.us/item/3256803705415288.html?aff_fcid=7903fdc801eb4bd7aa843e0ecf696f47-1788105185241-04679-_DlbccTf&tt=CPS_NORMAL&aff_fsk=_DlbccTf&aff_platform=shareComponent-detail&sk=_DlbccTf&aff_trace_key=7903fdc801eb4bd7aa843e0ecf696f47-1788105185241-04679-_DlbccTf&terminal_id=b6cf602e55c147bc876b5703aca0949c&afSmartRedirect=y&gatewayAdapt=glo2usa,2026-08-30T15:53:06+00:00,electronics.3010-blower-fans-24v
yes,200,listing has a title,s.click.aliexpress.com,https://s.click.aliexpress.com/e/_DlmJrQ7,https://www.aliexpress.us/item/3256806230155312.html?aff_fcid=61fe9b2143d24cfaaaadd06020839936-1788104633363-03701-_DlmJrQ7&tt=CPS_NORMAL&aff_fsk=_DlmJrQ7&aff_platform=portals-tool&sk=_DlmJrQ7&aff_trace_key=61fe9b2143d24cfaaaadd06020839936-1788104633363-03701-_DlmJrQ7&terminal_id=b6cf602e55c147bc876b5703aca0949c&afSmartRedirect=y&gatewayAdapt=glo2usa,2026-08-30T15:43:54+00:00,bowden.bowden-tubing-4mmod-2mmid-1-meter
yes,200,listing has a title,s.click.aliexpress.com,https://s.click.aliexpress.com/e/_DlxY7KJ,https://www.aliexpress.us/item/2251832663198775.html?aff_fcid=823ce759ef7e40db86a042d504b02008-1788105312360-06340-_DlxY7KJ&tt=CPS_NORMAL&aff_fsk=_DlxY7KJ&aff_platform=portals-tool&sk=_DlxY7KJ&aff_trace_key=823ce759ef7e40db86a042d504b02008-1788105312360-06340-_DlxY7KJ&terminal_id=b6cf602e55c147bc876b5703aca0949c&afSmartRedirect=y&gatewayAdapt=glo2usa,2026-08-30T15:55:13+00:00,electronics.inductive-probe electronics.omron-tl-q5mc2-npn-nc-5mm-sense
yes,200,listing has a title,s.click.aliexpress.com,https://s.click.aliexpress.com/e/_DnCImzZ,https://www.aliexpress.us/item/3256802319126523.html?srcSns=sns_Copy&spreadType=socialShare&bizType=ProductDetail&social_params=20783250212&aff_fcid=eef31203ad0d4b299862c1f905594a17-1673296270983-06804-_mt5GVmS&tt=MG&aff_fsk=_mt5GVmS&shareId=20783250212&businessType=ProductDetail&platform=AE&afSmartRedirect=y&aff_fcid=4b6443b1b5b64a7599f256da5e23f9d1-1788105564574-08025-_DnCImzZ&tt=CPS_NORMAL&aff_fsk=_DnCImzZ&aff_platform=portals-tool&sk=_DnCImzZ&aff_trace_key=4b6443b1b5b64a7599f256da5e23f9d1-1788105564574-08025-_DnCImzZ&terminal_id=b6cf602e55c147bc876b5703aca0949c&afSmartRedirect=y&gatewayAdapt=glo2usa,2026-08-30T15:59:25+00:00,electronics.v0-display
yes,200,listing has a title,s.click.aliexpress.com,https://s.click.aliexpress.com/e/_d67FlLy,https://www.aliexpress.us/item/2251832713279518.html?aff_fcid=2486fa43795e454a92b6420c787ca53c-1788105244472-05834-_d67FlLy&aff_fsk=_d67FlLy&aff_platform=link-c-tool&sk=_d67FlLy&aff_trace_key=2486fa43795e454a92b6420c787ca53c-1788105244472-05834-_d67FlLy&terminal_id=b6cf602e55c147bc876b5703aca0949c&afSmartRedirect=y&gatewayAdapt=glo2usa4itemAdapt,2026-08-30T15:54:05+00:00,electronics.60x60x20-axial-fan-24v
yes,200,listing has a title,s.click.aliexpress.com,https://s.click.aliexpress.com/e/_d69Qoqw,https://www.aliexpress.us/item/2255800702013677.html?spm=a2g0o.productlist.0.0.2a3b37b39vHy0B&algo_pvid=84012f06-ff84-4dd4-9da7-2a565aa9bab5&algo_expid=84012f06-ff84-4dd4-9da7-2a565aa9bab5-10&btsid=0ab6d67915869159026441971e3ecb&ws_ab_test=searchweb0_0%2Csearchweb201602_%2Csearchweb201603_&aff_fcid=214d8bd9430a4980a06950815efdecca-1788105992120-07461-_d69Qoqw&aff_fsk=_d69Qoqw&aff_platform=portals-tool&sk=_d69Qoqw&aff_trace_key=214d8bd9430a4980a06950815efdecca-1788105992120-07461-_d69Qoqw&terminal_id=b6cf602e55c147bc876b5703aca0949c&afSmartRedirect=y&gatewayAdapt=glo2usa4itemAdapt,2026-08-30T16:06:32+00:00,hardware.m3x8-bhcs
yes,200,listing has a title,s.click.aliexpress.com,https://s.click.aliexpress.com/e/_d6E3oIC,https://www.aliexpress.us/item/2255800164288149.html?spm=a2g0s.9042311.0.0.27424c4d6KSQ8W&aff_fcid=f50f760443814842bb9d7ff287287392-1788106500010-02469-_d6E3oIC&aff_fsk=_d6E3oIC&aff_platform=link-c-tool&sk=_d6E3oIC&aff_trace_key=f50f760443814842bb9d7ff287287392-1788106500010-02469-_d6E3oIC&terminal_id=b6cf602e55c147bc876b5703aca0949c&afSmartRedirect=y&gatewayAdapt=glo2usa4itemAdapt,2026-08-30T16:15:00+00:00,motion.f623-rs-bearing
yes,200,listing has a title,s.click.aliexpress.com,https://s.click.aliexpress.com/e/_d6LLlCu,https://www.aliexpress.us/item/2251832731634167.html?spm=a2g0s.9042311.0.0.e4764c4ddZ9F1t&aff_fcid=557654754b32445e9ef6c121756b7721-1788105921636-05797-_d6LLlCu&aff_fsk=_d6LLlCu&aff_platform=link-c-tool&sk=_d6LLlCu&aff_trace_key=557654754b32445e9ef6c121756b7721-1788105921636-05797-_d6LLlCu&terminal_id=b6cf602e55c147bc876b5703aca0949c&afSmartRedirect=y&gatewayAdapt=glo2usa4itemAdapt,2026-08-30T16:05:22+00:00,hardware.3x5x0-5-shim-ring-3mm-id-5mm-od
yes,200,listing has a title,s.click.aliexpress.com,https://s.click.aliexpress.com/e/_d6tILYa,https://www.aliexpress.us/item/2251832784415489.html?spm=a2g0o.productlist.0.0.35936375ew4jxj&s=p&ad_pvid=202004150616595016517921226240003194651_2&algo_pvid=9bddcfd4-126f-48c8-aa15-9b2a39f39a2e&algo_expid=9bddcfd4-126f-48c8-aa15-9b2a39f39a2e-1&btsid=0be3769015869566195026653e8244&ws_ab_test=searchweb0_0%2Csearchweb201602_%2Csearchweb201603_&aff_fcid=af313110a4cb4be4a83199f20fe31bb2-1788105770272-05768-_d6tILYa&aff_fsk=_d6tILYa&aff_platform=portals-tool&sk=_d6tILYa&aff_trace_key=af313110a4cb4be4a83199f20fe31bb2-1788105770272-05768-_d6tILYa&terminal_id=b6cf602e55c147bc876b5703aca0949c&afSmartRedirect=y&gatewayAdapt=glo2usa4itemAdapt,2026-08-30T16:02:51+00:00,fasteners.m2x10-self-tapping-screw-for-plastics
yes,200,listing has a title,s.click.aliexpress.com,https://s.click.aliexpress.com/e/_d6vrEGq,https://www.aliexpress.us/item/2255800702013677.html?spm=a2g0o.productlist.0.0.2a3b37b39vHy0B&algo_pvid=84012f06-ff84-4dd4-9da7-2a565aa9bab5&algo_expid=84012f06-ff84-4dd4-9da7-2a565aa9bab5-10&btsid=0ab6d67915869159026441971e3ecb&ws_ab_test=searchweb0_0%2Csearchweb201602_%2Csearchweb201603_&aff_fcid=29bbf49b7e9b422a86d5234eb65fea64-1788105961389-04996-_d6vrEGq&aff_fsk=_d6vrEGq&aff_platform=portals-tool&sk=_d6vrEGq&aff_trace_key=29bbf49b7e9b422a86d5234eb65fea64-1788105961389-04996-_d6vrEGq&terminal_id=b6cf602e55c147bc876b5703aca0949c&afSmartRedirect=y&gatewayAdapt=glo2usa4itemAdapt,2026-08-30T16:06:02+00:00,hardware.m2x8-shcs
yes,200,listing has a title,s.click.aliexpress.com,https://s.click.aliexpress.com/e/_d78yoQO,https://www.aliexpress.us/item/2251832803829795.html?aff_fcid=df00faa20da649c79612944aee713f4d-1788106727264-09794-_d78yoQO&aff_fsk=_d78yoQO&aff_platform=portals-tool&sk=_d78yoQO&aff_trace_key=df00faa20da649c79612944aee713f4d-1788106727264-09794-_d78yoQO&terminal_id=b6cf602e55c147bc876b5703aca0949c&afSmartRedirect=y&gatewayAdapt=glo2usa4itemAdapt,2026-08-30T16:18:47+00:00,vibration-management.rubber-compressor-foot
yes,200,listing has a title,s.click.aliexpress.com,https://s.click.aliexpress.com/e/_d7ByDeP,https://www.aliexpress.us/item/2251832793895573.html?spm=a2g0o.productlist.0.0.6cee2224qobujC&algo_pvid=d15b7ec7-40aa-482a-9a67-8188e5d17108&algo_expid=d15b7ec7-40aa-482a-9a67-8188e5d17108-1&btsid=0ab6fb8815879973153223218ec2d2&ws_ab_test=searchweb0_0%2Csearchweb201602_%2Csearchweb201603_&aff_fcid=fc3dc77d3f0f44bf98b86a22260e3680-1788105067443-04253-_d7ByDeP&aff_fsk=_d7ByDeP&aff_platform=portals-tool&sk=_d7ByDeP&aff_trace_key=fc3dc77d3f0f44bf98b86a22260e3680-1788105067443-04253-_d7ByDeP&terminal_id=b6cf602e55c147bc876b5703aca0949c&afSmartRedirect=y&gatewayAdapt=glo2usa4itemAdapt,2026-08-30T15:51:08+00:00,controller.mini-12864-display-type-b
yes,200,listing has a title,s.click.aliexpress.com,https://s.click.aliexpress.com/e/_d7Kb0ms,https://www.aliexpress.us/item/2251832627937644.html?aff_fcid=ba7817a45c284c07afb221d4b049455f-1788105178845-00499-_d7Kb0ms&aff_fsk=_d7Kb0ms&aff_platform=link-c-tool&sk=_d7Kb0ms&aff_trace_key=ba7817a45c284c07afb221d4b049455f-1788105178845-00499-_d7Kb0ms&terminal_id=b6cf602e55c147bc876b5703aca0949c&afSmartRedirect=y&gatewayAdapt=glo2usa4itemAdapt,2026-08-30T15:52:59+00:00,electronics.3010-axial-fan-24v
yes,200,listing has a title,s.click.aliexpress.com,https://s.click.aliexpress.com/e/_d7QoTpE,https://www.aliexpress.us/item/2255799860062120.html?aff_fcid=a6df1c6d4168461e9a0a71e218611fb4-1788104673639-05265-_d7QoTpE&aff_fsk=_d7QoTpE&aff_platform=portals-tool&sk=_d7QoTpE&aff_trace_key=a6df1c6d4168461e9a0a71e218611fb4-1788104673639-05265-_d7QoTpE&terminal_id=b6cf602e55c147bc876b5703aca0949c&afSmartRedirect=y&gatewayAdapt=glo2usa4itemAdapt,2026-08-30T15:44:34+00:00,buildplate.prusa-mk3-y-carrier
yes,200,listing has a title,s.click.aliexpress.com,https://s.click.aliexpress.com/e/_d7V4XEq,https://www.aliexpress.us/item/2255800702013677.html?spm=a2g0o.productlist.0.0.2a3b37b39vHy0B&algo_pvid=84012f06-ff84-4dd4-9da7-2a565aa9bab5&algo_expid=84012f06-ff84-4dd4-9da7-2a565aa9bab5-10&btsid=0ab6d67915869159026441971e3ecb&ws_ab_test=searchweb0_0%2Csearchweb201602_%2Csearchweb201603_&aff_fcid=99ce5c85b65148d29cdd2f13db4afc57-1788105851272-05118-_d7V4XEq&aff_fsk=_d7V4XEq&aff_platform=portals-tool&sk=_d7V4XEq&aff_trace_key=99ce5c85b65148d29cdd2f13db4afc57-1788105851272-05118-_d7V4XEq&terminal_id=b6cf602e55c147bc876b5703aca0949c&afSmartRedirect=y&gatewayAdapt=glo2usa4itemAdapt,2026-08-30T16:04:12+00:00,fasteners.m3x6-bhcs hardware.m2-5x6-bhcs
yes,200,listing has a title,s.click.aliexpress.com,https://s.click.aliexpress.com/e/_d7Wxyg9,https://www.aliexpress.us/item/2251832667244886.html?aff_fcid=4d7a43c6bccb42cfbb1bd060d98b0c3f-1788106637456-08516-_d7Wxyg9&aff_fsk=_d7Wxyg9&aff_platform=portals-tool&sk=_d7Wxyg9&aff_trace_key=4d7a43c6bccb42cfbb1bd060d98b0c3f-1788106637456-08516-_d7Wxyg9&terminal_id=b6cf602e55c147bc876b5703aca0949c&afSmartRedirect=y&gatewayAdapt=glo2usa4itemAdapt,2026-08-30T16:17:18+00:00,motion.gt2-open-belt-ll-2gt-6-6mm-wide
yes,200,listing has a title,s.click.aliexpress.com,https://s.click.aliexpress.com/e/_d7eKr16,https://www.aliexpress.us/item/2251832760380956.html?aff_fcid=e61c998e83a9458a8722e00d497c02a1-1788105631008-07780-_d7eKr16&aff_fsk=_d7eKr16&aff_platform=portals-tool&sk=_d7eKr16&aff_trace_key=e61c998e83a9458a8722e00d497c02a1-1788105631008-07780-_d7eKr16&terminal_id=b6cf602e55c147bc876b5703aca0949c&afSmartRedirect=y&gatewayAdapt=glo2usa4itemAdapt,2026-08-30T16:00:37+00:00,extruder.bondtech-motor-gear-bowden-only
yes,200,listing has a title,s.click.aliexpress.com,https://s.click.aliexpress.com/e/_d7zEFkK,https://www.aliexpress.us/item/2251832564177700.html?aff_fcid=a180a15e53694031a8714f469cdea59a-1788106594967-09437-_d7zEFkK&aff_fsk=_d7zEFkK&aff_platform=link-c-tool&sk=_d7zEFkK&aff_trace_key=a180a15e53694031a8714f469cdea59a-1788106594967-09437-_d7zEFkK&terminal_id=b6cf602e55c147bc876b5703aca0949c&afSmartRedirect=y&gatewayAdapt=glo2usa4itemAdapt,2026-08-30T16:16:36+00:00,motion.gt2-20t-9mm-wide-toothed-idler-5mm-bore
yes,200,listing has a title,s.click.aliexpress.com,https://s.click.aliexpress.com/e/_d8MBoAW,https://www.aliexpress.us/item/2251832538926253.html?aff_fcid=d7daae6eaed84337a47eff7c6ecf666c-1788105222330-07566-_d8MBoAW&aff_fsk=_d8MBoAW&aff_platform=link-c-tool&sk=_d8MBoAW&aff_trace_key=d7daae6eaed84337a47eff7c6ecf666c-1788105222330-07566-_d8MBoAW&terminal_id=b6cf602e55c147bc876b5703aca0949c&afSmartRedirect=y&gatewayAdapt=glo2usa4itemAdapt,2026-08-30T15:53:43+00:00,electronics.4010-axial-fan electronics.40x40x10-axial-fan-ball-bearing-24v
yes,200,listing has a title,s.click.aliexpress.com,https://s.click.aliexpress.com/e/_d8S7D6y,https://www.aliexpress.us/item/2251832676082359.html?aff_fcid=b1a13f490f32467c971de6f0ca04b562-1788105181914-08962-_d8S7D6y&aff_fsk=_d8S7D6y&aff_platform=link-c-tool&sk=_d8S7D6y&aff_trace_key=b1a13f490f32467c971de6f0ca04b562-1788105181914-08962-_d8S7D6y&terminal_id=b6cf602e55c147bc876b5703aca0949c&afSmartRedirect=y&gatewayAdapt=glo2usa4itemAdapt,2026-08-30T15:53:03+00:00,electronics.3010-blower-fans-24v
yes,200,listing has a title,s.click.aliexpress.com,https://s.click.aliexpress.com/e/_d8sMqn6,https://www.aliexpress.us/item/2255800181749621.html?aff_fcid=9d8fcd9a17f74ea29c85a8e7ff8b61cb-1788106503026-05873-_d8sMqn6&aff_fsk=_d8sMqn6&aff_platform=link-c-tool&sk=_d8sMqn6&aff_trace_key=9d8fcd9a17f74ea29c85a8e7ff8b61cb-1788106503026-05873-_d8sMqn6&terminal_id=b6cf602e55c147bc876b5703aca0949c&afSmartRedirect=y&gatewayAdapt=glo2usa4itemAdapt,2026-08-30T16:15:03+00:00,motion.f688-rs-bearing
yes,200,listing has a title,s.click.aliexpress.com,https://s.click.aliexpress.com/e/_d9EGBZ4,https://www.aliexpress.us/item/2255800702013677.html?spm=a2g0o.productlist.0.0.2a3b37b39vHy0B&algo_pvid=84012f06-ff84-4dd4-9da7-2a565aa9bab5&algo_expid=84012f06-ff84-4dd4-9da7-2a565aa9bab5-10&btsid=0ab6d67915869159026441971e3ecb&ws_ab_test=searchweb0_0%2Csearchweb201602_%2Csearchweb201603_&aff_fcid=5b5ad2b4917e4832bb9038f8b4ee456c-1788105995195-07442-_d9EGBZ4&aff_fsk=_d9EGBZ4&aff_platform=portals-tool&sk=_d9EGBZ4&aff_trace_key=5b5ad2b4917e4832bb9038f8b4ee456c-1788105995195-07442-_d9EGBZ4&terminal_id=b6cf602e55c147bc876b5703aca0949c&afSmartRedirect=y&gatewayAdapt=glo2usa4itemAdapt,2026-08-30T16:06:35+00:00,hardware.m5x35mm-bhcs
yes,200,listing has a title,s.click.aliexpress.com,https://s.click.aliexpress.com/e/_dS7fWDW,https://www.aliexpress.us/item/2251832760879052.html?aff_fcid=ad7e2ae26ced4a109ec29edf0525ba1a-1788105605075-02468-_dS7fWDW&aff_fsk=_dS7fWDW&aff_platform=portals-tool&sk=_dS7fWDW&aff_trace_key=ad7e2ae26ced4a109ec29edf0525ba1a-1788105605075-02468-_dS7fWDW&terminal_id=b6cf602e55c147bc876b5703aca0949c&afSmartRedirect=y&gatewayAdapt=glo2usa4itemAdapt,2026-08-30T16:00:05+00:00,extruder.bondtech-drive-gear-kit-5mmid hardware.bondtech-drive-gear-kit
yes,200,listing has a title,s.click.aliexpress.com,https://s.click.aliexpress.com/e/_dSL2ALg,https://www.aliexpress.us/item/2255800808283148.html?aff_fcid=4578ed7c82f24503a403204f0ccb1427-1788106717863-01832-_dSL2ALg&aff_fsk=_dSL2ALg&aff_platform=portals-tool&sk=_dSL2ALg&aff_trace_key=4578ed7c82f24503a403204f0ccb1427-1788106717863-01832-_dSL2ALg&terminal_id=b6cf602e55c147bc876b5703aca0949c&afSmartRedirect=y&gatewayAdapt=glo2usa4itemAdapt,2026-08-30T16:18:38+00:00,motion.t8-flange-nut-8mm-lead-anti-backlash-prefered-see-note-section
yes,200,listing has a title,s.click.aliexpress.com,https://s.click.aliexpress.com/e/_dTDjOmA,https://www.aliexpress.us/item/2255800166955034.html?spm=a2g0o.productlist.0.0.778f5036F3WnXl&algo_pvid=9c7b73aa-1962-4290-85e3-93e0d1dce0a0&algo_expid=9c7b73aa-1962-4290-85e3-93e0d1dce0a0-12&btsid=0ab50f4415863662301848670edc76&ws_ab_test=searchweb0_0%2Csearchweb201602_%2Csearchweb201603_&aff_fcid=c9a1368f7c634df2bc706dc3d6b0b5db-1788105274278-08905-_dTDjOmA&aff_fsk=_dTDjOmA&aff_platform=link-c-tool&sk=_dTDjOmA&aff_trace_key=c9a1368f7c634df2bc706dc3d6b0b5db-1788105274278-08905-_dTDjOmA&terminal_id=b6cf602e55c147bc876b5703aca0949c&afSmartRedirect=y&gatewayAdapt=glo2usa4itemAdapt,2026-08-30T15:54:34+00:00,electronics.c13-power-cord-with-inline-switch
yes,200,listing has a title,s.click.aliexpress.com,https://s.click.aliexpress.com/e/_dTG8kTc,https://www.aliexpress.us/item/2255800702013677.html?spm=a2g0o.productlist.0.0.2a3b37b39vHy0B&algo_pvid=84012f06-ff84-4dd4-9da7-2a565aa9bab5&algo_expid=84012f06-ff84-4dd4-9da7-2a565aa9bab5-10&btsid=0ab6d67915869159026441971e3ecb&ws_ab_test=searchweb0_0%2Csearchweb201602_%2Csearchweb201603_&aff_fcid=4aa2c109151945feb6e16b467a32095c-1788105964791-07261-_dTG8kTc&aff_fsk=_dTG8kTc&aff_platform=portals-tool&sk=_dTG8kTc&aff_trace_key=4aa2c109151945feb6e16b467a32095c-1788105964791-07261-_dTG8kTc&terminal_id=b6cf602e55c147bc876b5703aca0949c&afSmartRedirect=y&gatewayAdapt=glo2usa4itemAdapt,2026-08-30T16:06:05+00:00,hardware.m3x10-bhcs
yes,200,listing has a title,s.click.aliexpress.com,https://s.click.aliexpress.com/e/_dTGC7SE,https://www.aliexpress.us/item/2251832688978290.html?spm=a2g0o.productlist.0.0.5119748cqAi19B&algo_pvid=ed404677-ee8d-47cc-9c42-a80627cb3050&algo_expid=ed404677-ee8d-47cc-9c42-a80627cb3050-8&btsid=0ab50f4915870519802941198e7f20&ws_ab_test=searchweb0_0%2Csearchweb201602_%2Csearchweb201603_&aff_fcid=53c26daa85834fd78250b83d83dc4db9-1788104876088-00779-_dTGC7SE&aff_fsk=_dTGC7SE&aff_platform=portals-tool&sk=_dTGC7SE&aff_trace_key=53c26daa85834fd78250b83d83dc4db9-1788104876088-00779-_dTGC7SE&terminal_id=b6cf602e55c147bc876b5703aca0949c&afSmartRedirect=y&gatewayAdapt=glo2usa4itemAdapt,2026-08-30T15:47:56+00:00,cables.silicon-wire-24gauge-100ft-individual-strand-length-total-example-25ft-of-4p-wire-100ft
yes,200,listing has a title,s.click.aliexpress.com,https://s.click.aliexpress.com/e/_dTb2YwC,https://www.aliexpress.us/item/2251832397883256.html?aff_fcid=687c0b2b506e4109b18712e787d9616b-1788105321919-08844-_dTb2YwC&aff_fsk=_dTb2YwC&aff_platform=link-c-tool&sk=_dTb2YwC&aff_trace_key=687c0b2b506e4109b18712e787d9616b-1788105321919-08844-_dTb2YwC&terminal_id=b6cf602e55c147bc876b5703aca0949c&afSmartRedirect=y&gatewayAdapt=glo2usa4itemAdapt,2026-08-30T15:55:22+00:00,electronics.nema14-stepper-motor-14hs17-0504s
yes,200,listing has a title,s.click.aliexpress.com,https://s.click.aliexpress.com/e/_dTml4KK,https://www.aliexpress.us/item/2251832596290407.html?aff_fcid=af92340a999449ae80f4f49e3af154ec-1788106598106-08278-_dTml4KK&aff_fsk=_dTml4KK&aff_platform=link-c-tool&sk=_dTml4KK&aff_trace_key=af92340a999449ae80f4f49e3af154ec-1788106598106-08278-_dTml4KK&terminal_id=b6cf602e55c147bc876b5703aca0949c&afSmartRedirect=y&gatewayAdapt=glo2usa4itemAdapt,2026-08-30T16:16:39+00:00,motion.gt2-80t-6mm-wide-pulley-5mm-bore
yes,200,listing has a title,s.click.aliexpress.com,https://s.click.aliexpress.com/e/_dTsPGyB,https://www.aliexpress.us/item/2255800815947422.html?aff_fcid=3f29d77f72a644e99bb14ed75780f752-1788106303129-00538-_dTsPGyB&aff_fsk=_dTsPGyB&aff_platform=portals-tool&sk=_dTsPGyB&aff_trace_key=3f29d77f72a644e99bb14ed75780f752-1788106303129-00538-_dTsPGyB&terminal_id=b6cf602e55c147bc876b5703aca0949c&afSmartRedirect=y&gatewayAdapt=glo2usa4itemAdapt,2026-08-30T16:12:07+00:00,misc.din-rail-electronics-enclosure-steel-35mm-wide-7-5mm-tall-steel
yes,200,listing has a title,s.click.aliexpress.com,https://s.click.aliexpress.com/e/_dUTJIFD,https://www.aliexpress.us/item/2251832791251651.html?spm=a2g0o.productlist.0.0.7dcd6d3eqleziB&algo_pvid=2984f994-5c70-4536-ad87-47929456e717&algo_expid=2984f994-5c70-4536-ad87-47929456e717-4&btsid=0ab6fa8115952818705058800e6961&ws_ab_test=searchweb0_0%2Csearchweb201602_%2Csearchweb201603_&aff_fcid=203aceefdf2145e48319b6b736f757db-1788104760581-06070-_dUTJIFD&aff_fsk=_dUTJIFD&aff_platform=portals-tool&sk=_dUTJIFD&aff_trace_key=203aceefdf2145e48319b6b736f757db-1788104760581-06070-_dUTJIFD&terminal_id=b6cf602e55c147bc876b5703aca0949c&afSmartRedirect=y&gatewayAdapt=glo2usa4itemAdapt,2026-08-30T15:46:06+00:00,buildplate.yellow-die-springs-8x4x20mm
yes,200,listing has a title,s.click.aliexpress.com,https://s.click.aliexpress.com/e/_dUYlfGD,https://www.aliexpress.us/item/2251832793895573.html?spm=a2g0o.productlist.0.0.6cee2224qobujC&algo_pvid=d15b7ec7-40aa-482a-9a67-8188e5d17108&algo_expid=d15b7ec7-40aa-482a-9a67-8188e5d17108-1&btsid=0ab6fb8815879973153223218ec2d2&ws_ab_test=searchweb0_0%2Csearchweb201602_%2Csearchweb201603_&aff_fcid=72d8398cc24741788d448386c29503c2-1788105064295-05520-_dUYlfGD&aff_fsk=_dUYlfGD&aff_platform=portals-tool&sk=_dUYlfGD&aff_trace_key=72d8398cc24741788d448386c29503c2-1788105064295-05520-_dUYlfGD&terminal_id=b6cf602e55c147bc876b5703aca0949c&afSmartRedirect=y&gatewayAdapt=glo2usa4itemAdapt,2026-08-30T15:51:04+00:00,controller.fysetc-mini12864-display-type-b
yes,200,listing has a title,s.click.aliexpress.com,https://s.click.aliexpress.com/e/_dUZTaXk,https://www.aliexpress.us/item/2255799851750939.html?spm=a2g0o.productlist.0.0.56881939nCw6ot&s=p&ad_pvid=202004140612071844351981875110013370453_7&algo_pvid=4adf20e2-4b67-4e11-9af6-d00c3521c658&algo_expid=4adf20e2-4b67-4e11-9af6-d00c3521c658-6&btsid=0ab50f0815868699272174767e88b1&ws_ab_test=searchweb0_0%2Csearchweb201602_%2Csearchweb201603_&aff_fcid=63016e27321f4621bd7669029960564b-1788105988910-01292-_dUZTaXk&aff_fsk=_dUZTaXk&aff_platform=portals-tool&sk=_dUZTaXk&aff_trace_key=63016e27321f4621bd7669029960564b-1788105988910-01292-_dUZTaXk&terminal_id=b6cf602e55c147bc876b5703aca0949c&afSmartRedirect=y&gatewayAdapt=glo2usa4itemAdapt,2026-08-30T16:06:30+00:00,hardware.m3x30-bhcs
yes,200,listing has a title,s.click.aliexpress.com,https://s.click.aliexpress.com/e/_dUgYDyZ,https://www.aliexpress.us/item/2251832657713375.html?aff_fcid=42aa7de6abaa45a1afe7fa53bd655545-1788105309087-00704-_dUgYDyZ&aff_fsk=_dUgYDyZ&aff_platform=portals-tool&sk=_dUgYDyZ&aff_trace_key=42aa7de6abaa45a1afe7fa53bd655545-1788105309087-00704-_dUgYDyZ&terminal_id=b6cf602e55c147bc876b5703aca0949c&afSmartRedirect=y&gatewayAdapt=glo2usa4itemAdapt,2026-08-30T15:55:09+00:00,electronics.e3d-v6-bowden-hotend-kit-24v
yes,200,listing has a title,s.click.aliexpress.com,https://s.click.aliexpress.com/e/_dUjNx0o,https://www.aliexpress.us/item/2251832731634167.html?spm=a2g0s.9042311.0.0.e4764c4ddZ9F1t&aff_fcid=1119318f5e1f4dc48c2745779542baf7-1788105932366-05589-_dUjNx0o&aff_fsk=_dUjNx0o&aff_platform=link-c-tool&sk=_dUjNx0o&aff_trace_key=1119318f5e1f4dc48c2745779542baf7-1788105932366-05589-_dUjNx0o&terminal_id=b6cf602e55c147bc876b5703aca0949c&afSmartRedirect=y&gatewayAdapt=glo2usa4itemAdapt,2026-08-30T16:05:33+00:00,hardware.3x7x0-5-shim-ring-3mm-id-7-mm-od hardware.shim-washer-6mm-od-3mm-id-0-5mm-thick-thickness-is-important
yes,200,listing has a title,s.click.aliexpress.com,https://s.click.aliexpress.com/e/_dUlA1Bk,https://www.aliexpress.us/item/2251832843273068.html?aff_fcid=e4a475a6e03e4677b3aabbc75627a405-1788105158414-06311-_dUlA1Bk&aff_fsk=_dUlA1Bk&aff_platform=link-c-tool&sk=_dUlA1Bk&aff_trace_key=e4a475a6e03e4677b3aabbc75627a405-1788105158414-06311-_dUlA1Bk&terminal_id=b6cf602e55c147bc876b5703aca0949c&afSmartRedirect=y&gatewayAdapt=glo2usa4itemAdapt,2026-08-30T15:52:39+00:00,controller.tmc2209-stepper-motor-driver
yes,200,listing has a title,s.click.aliexpress.com,https://s.click.aliexpress.com/e/_dUxr46o,https://www.aliexpress.us/item/2251832761377061.html?aff_fcid=d15541ac02224d4dac65dcc518e3737f-1788106015576-07795-_dUxr46o&aff_fsk=_dUxr46o&aff_platform=portals-tool&sk=_dUxr46o&aff_trace_key=d15541ac02224d4dac65dcc518e3737f-1788106015576-07795-_dUxr46o&terminal_id=b6cf602e55c147bc876b5703aca0949c&afSmartRedirect=y&gatewayAdapt=glo2usa4itemAdapt,2026-08-30T16:06:56+00:00,hardware.thumb-screw-assembly
yes,200,listing has a title,s.click.aliexpress.com,https://s.click.aliexpress.com/e/_dVSICze,https://www.aliexpress.us/item/2251832781193898.html?aff_fcid=f8e45256f52f45bd9199eb8e125bcc5f-1788104676873-00566-_dVSICze&aff_fsk=_dVSICze&aff_platform=portals-tool&sk=_dVSICze&aff_trace_key=f8e45256f52f45bd9199eb8e125bcc5f-1788104676873-00566-_dVSICze&terminal_id=b6cf602e55c147bc876b5703aca0949c&afSmartRedirect=y&gatewayAdapt=glo2usa4itemAdapt,2026-08-30T15:44:37+00:00,buildplate.prusa-mk52-heated-bed-24v
yes,200,listing has a title,s.click.aliexpress.com,https://s.click.aliexpress.com/e/_dVVEgCH,https://www.aliexpress.us/item/2251832582950459.html?spm=2114.12010612.8148356.4.14947981C2LZUt&aff_fcid=641ba703a0a046848277da777697da7e-1788106439289-00306-_dVVEgCH&aff_fsk=_dVVEgCH&aff_platform=portals-tool&sk=_dVVEgCH&aff_trace_key=641ba703a0a046848277da777697da7e-1788106439289-00306-_dVVEgCH&terminal_id=b6cf602e55c147bc876b5703aca0949c&afSmartRedirect=y&gatewayAdapt=glo2usa4itemAdapt,2026-08-30T16:13:59+00:00,motion.5x30mm-shaft
yes,200,listing has a title,s.click.aliexpress.com,https://s.click.aliexpress.com/e/_dVWAQDP,https://www.aliexpress.us/item/2251832784691772.html?spm=a2g0o.cart.0.0.38a73c008cLDRT&mp=1&aff_fcid=e22930cfd9eb4fd8929dc3f9fe2ca96e-1788105503388-08502-_dVWAQDP&aff_fsk=_dVWAQDP&aff_platform=portals-tool&sk=_dVWAQDP&aff_trace_key=e22930cfd9eb4fd8929dc3f9fe2ca96e-1788105503388-08502-_dVWAQDP&terminal_id=b6cf602e55c147bc876b5703aca0949c&afSmartRedirect=y&gatewayAdapt=glo2usa4itemAdapt,2026-08-30T15:58:24+00:00,electronics.ssr-din-mount
yes,200,listing has a title,s.click.aliexpress.com,https://s.click.aliexpress.com/e/_dVn7qSa,https://www.aliexpress.us/item/2251832539995194.html?aff_fcid=a0089d7a09994e00ad9baf47448b0375-1788106582385-05659-_dVn7qSa&aff_fsk=_dVn7qSa&aff_platform=link-c-tool&sk=_dVn7qSa&aff_trace_key=a0089d7a09994e00ad9baf47448b0375-1788106582385-05659-_dVn7qSa&terminal_id=b6cf602e55c147bc876b5703aca0949c&afSmartRedirect=y&gatewayAdapt=glo2usa4itemAdapt,2026-08-30T16:16:23+00:00,motion.gt2-20t-6mm-wide-toothed-idler-5mm-bore
yes,200,listing has a title,s.click.aliexpress.com,https://s.click.aliexpress.com/e/_dW2vIwt,https://www.aliexpress.us/item/2251832860926249.html?spm=a2g0o.productlist.0.0.28b6aeaa9qB4Db&algo_pvid=605eb768-e27a-4e4e-aa99-5ace2b5126b1&algo_expid=605eb768-e27a-4e4e-aa99-5ace2b5126b1-5&btsid=0be3769015862278265362597e65f6&ws_ab_test=searchweb0_0%2Csearchweb201602_%2Csearchweb201603_&aff_fcid=af8a94e1552b4195a32f84bc78d64f9a-1788105155343-04604-_dW2vIwt&aff_fsk=_dW2vIwt&aff_platform=portals-tool&sk=_dW2vIwt&aff_trace_key=af8a94e1552b4195a32f84bc78d64f9a-1788105155343-04604-_dW2vIwt&terminal_id=b6cf602e55c147bc876b5703aca0949c&afSmartRedirect=y&gatewayAdapt=glo2usa4itemAdapt,2026-08-30T15:52:36+00:00,controller.tmc-2209-drivers
yes,200,listing has a title,s.click.aliexpress.com,https://s.click.aliexpress.com/e/_dW3Uprs,https://www.aliexpress.us/item/2255800046543591.html?spm=a2g0s.9042311.0.0.21164c4dGhWHhY&aff_fcid=a815ecdd39944915a3e2aa11eb931d5b-1788105825117-09482-_dW3Uprs&aff_fsk=_dW3Uprs&aff_platform=link-c-tool&sk=_dW3Uprs&aff_trace_key=a815ecdd39944915a3e2aa11eb931d5b-1788105825117-09482-_dW3Uprs&terminal_id=b6cf602e55c147bc876b5703aca0949c&afSmartRedirect=y&gatewayAdapt=glo2usa4itemAdapt,2026-08-30T16:03:45+00:00,fasteners.m3-heat-set-insert-m3x5x4
yes,200,listing has a title,s.click.aliexpress.com,https://s.click.aliexpress.com/e/_dWAEssE,https://www.aliexpress.us/item/2255799851750939.html?spm=a2g0o.productlist.0.0.18ab1a3fhOx0vM&s=p&ad_pvid=202004080922127729453901273310000406917_7&algo_pvid=44780539-01f2-4476-91ca-e66f584aad07&algo_expid=44780539-01f2-4476-91ca-e66f584aad07-6&btsid=0ab6f82c15863629323874597ef29c&ws_ab_test=searchweb0_0%2Csearchweb201602_%2Csearchweb201603_&aff_fcid=482efb3a13344d889259d38172588267-1788105958222-07386-_dWAEssE&aff_fsk=_dWAEssE&aff_platform=link-c-tool&sk=_dWAEssE&aff_trace_key=482efb3a13344d889259d38172588267-1788105958222-07386-_dWAEssE&terminal_id=b6cf602e55c147bc876b5703aca0949c&afSmartRedirect=y&gatewayAdapt=glo2usa4itemAdapt,2026-08-30T16:05:59+00:00,hardware.m2x6-bhcs
yes,200,listing has a title,s.click.aliexpress.com,https://s.click.aliexpress.com/e/_dWCqSj2,https://www.aliexpress.us/item/2251832702422526.html?aff_fcid=aa371623227c4874b0d942bc93496c7e-1788105561296-02279-_dWCqSj2&aff_fsk=_dWCqSj2&aff_platform=link-c-tool&sk=_dWCqSj2&aff_trace_key=aa371623227c4874b0d942bc93496c7e-1788105561296-02279-_dWCqSj2&terminal_id=b6cf602e55c147bc876b5703aca0949c&afSmartRedirect=y&gatewayAdapt=glo2usa4itemAdapt,2026-08-30T15:59:21+00:00,electronics.threaded-v6-hotend-kit-24v-all-metal
yes,200,listing has a title,s.click.aliexpress.com,https://s.click.aliexpress.com/e/_dWMOd8C,https://www.aliexpress.us/item/2255800046543591.html?aff_fcid=c80915833b7e451281da95aff25f6201-1788105834777-08876-_dWMOd8C&aff_fsk=_dWMOd8C&aff_platform=portals-tool&sk=_dWMOd8C&aff_trace_key=c80915833b7e451281da95aff25f6201-1788105834777-08876-_dWMOd8C&terminal_id=b6cf602e55c147bc876b5703aca0949c&afSmartRedirect=y&gatewayAdapt=glo2usa4itemAdapt,2026-08-30T16:03:55+00:00,fasteners.m3-heat-set-insert-m3x5x4
yes,200,listing has a title,s.click.aliexpress.com,https://s.click.aliexpress.com/e/_dWNseGV,https://www.aliexpress.us/item/2251832399114499.html?aff_fcid=146ecca7170b4376933ae0bf99246b90-1788105331369-00866-_dWNseGV&aff_fsk=_dWNseGV&aff_platform=portals-tool&sk=_dWNseGV&aff_trace_key=146ecca7170b4376933ae0bf99246b90-1788105331369-00866-_dWNseGV&terminal_id=b6cf602e55c147bc876b5703aca0949c&afSmartRedirect=y&gatewayAdapt=glo2usa4itemAdapt,2026-08-30T15:55:32+00:00,electronics.nema17-motor-17hs08-1004s
yes,200,listing has a title,s.click.aliexpress.com,https://s.click.aliexpress.com/e/_dWjW7lk,https://www.aliexpress.us/item/2255800702013677.html?spm=a2g0o.productlist.0.0.2a3b37b39vHy0B&algo_pvid=84012f06-ff84-4dd4-9da7-2a565aa9bab5&algo_expid=84012f06-ff84-4dd4-9da7-2a565aa9bab5-10&btsid=0ab6d67915869159026441971e3ecb&ws_ab_test=searchweb0_0%2Csearchweb201602_%2Csearchweb201603_&aff_fcid=5299827c91c94b3f90f29214fd9df012-1788105968140-01399-_dWjW7lk&aff_fsk=_dWjW7lk&aff_platform=portals-tool&sk=_dWjW7lk&aff_trace_key=5299827c91c94b3f90f29214fd9df012-1788105968140-01399-_dWjW7lk&terminal_id=b6cf602e55c147bc876b5703aca0949c&afSmartRedirect=y&gatewayAdapt=glo2usa4itemAdapt,2026-08-30T16:06:09+00:00,hardware.m3x12-bhcs hardware.m3x16-bhcs
yes,200,listing has a title,s.click.aliexpress.com,https://s.click.aliexpress.com/e/_dXI90fG,https://www.aliexpress.us/item/2251832856704902.html?spm=a2g0o.productlist.0.0.370860ad36Qmp5&algo_pvid=8fd2a140-c21a-418e-80b8-257b199a3094&algo_expid=8fd2a140-c21a-418e-80b8-257b199a3094-13&btsid=0be3746c15869572205405194e8ae1&ws_ab_test=searchweb0_0%2Csearchweb201602_%2Csearchweb201603_&aff_fcid=b873420950754cdba9a1538218c52b32-1788105924647-03504-_dXI90fG&aff_fsk=_dXI90fG&aff_platform=portals-tool&sk=_dXI90fG&aff_trace_key=b873420950754cdba9a1538218c52b32-1788105924647-03504-_dXI90fG&terminal_id=b6cf602e55c147bc876b5703aca0949c&afSmartRedirect=y&gatewayAdapt=glo2usa4itemAdapt,2026-08-30T16:05:31+00:00,hardware.3x5x0-5-shim-ring-3mm-id-5mm-od
yes,200,listing has a title,s.click.aliexpress.com,https://s.click.aliexpress.com/e/_dXUX0B6,https://www.aliexpress.us/item/2251832760508252.html?aff_fcid=7f7e913b60a44bfab064f744fa69c8d6-1788105688957-07908-_dXUX0B6&aff_fsk=_dXUX0B6&aff_platform=portals-tool&sk=_dXUX0B6&aff_trace_key=7f7e913b60a44bfab064f744fa69c8d6-1788105688957-07908-_dXUX0B6&terminal_id=b6cf602e55c147bc876b5703aca0949c&afSmartRedirect=y&gatewayAdapt=glo2usa4itemAdapt,2026-08-30T16:01:29+00:00,extruder.shaft-idler-assembly
yes,200,listing has a title,s.click.aliexpress.com,https://s.click.aliexpress.com/e/_dXbCEmC,https://www.aliexpress.us/item/2255799831665877.html?aff_fcid=a5d117d59f294ab1801527400dda4a66-1788104757341-00743-_dXbCEmC&aff_fsk=_dXbCEmC&aff_platform=link-c-tool&sk=_dXbCEmC&aff_trace_key=a5d117d59f294ab1801527400dda4a66-1788104757341-00743-_dXbCEmC&terminal_id=b6cf602e55c147bc876b5703aca0949c&gatewayAdapt=glo2usa4itemAdapt,2026-08-30T15:45:58+00:00,buildplate.spring-steel-flex-buildplate-120x120mm-optional
yes,200,listing has a title,s.click.aliexpress.com,https://s.click.aliexpress.com/e/_dXySUv6,https://www.aliexpress.us/item/2251832320962751.html?aff_fcid=1124525b83a441228bdd4cf3fb8c7474-1788106456607-02530-_dXySUv6&aff_fsk=_dXySUv6&aff_platform=portals-tool&sk=_dXySUv6&aff_trace_key=1124525b83a441228bdd4cf3fb8c7474-1788106456607-02530-_dXySUv6&terminal_id=b6cf602e55c147bc876b5703aca0949c&afSmartRedirect=y&gatewayAdapt=glo2usa4itemAdapt,2026-08-30T16:14:17+00:00,motion.8mm-t8x8-trapezoidal-acme-lead-screw-200mm-8mm-lead
yes,200,listing has a title,s.click.aliexpress.com,https://s.click.aliexpress.com/e/_dY14nbA,https://www.aliexpress.us/item/2255799834871688.html?aff_fcid=11716aff4c5f41b2b9825045c004604a-1788105584878-01472-_dY14nbA&aff_fsk=_dY14nbA&aff_platform=portals-tool&sk=_dY14nbA&aff_trace_key=11716aff4c5f41b2b9825045c004604a-1788105584878-01472-_dY14nbA&terminal_id=b6cf602e55c147bc876b5703aca0949c&afSmartRedirect=y&gatewayAdapt=glo2usa4itemAdapt,2026-08-30T15:59:45+00:00,extruder.bmg-extruder-insides-5mmid hardware.bmg-extruder-insides
yes,200,listing has a title,s.click.aliexpress.com,https://s.click.aliexpress.com/e/_dY9tW7w,https://www.aliexpress.us/item/2251832761721786.html?aff_fcid=dc912b3a6f9c4bc3a0873f13adc3aaac-1788104630312-03955-_dY9tW7w&aff_fsk=_dY9tW7w&aff_platform=link-c-tool&sk=_dY9tW7w&aff_trace_key=dc912b3a6f9c4bc3a0873f13adc3aaac-1788104630312-03955-_dY9tW7w&terminal_id=b6cf602e55c147bc876b5703aca0949c&afSmartRedirect=y&gatewayAdapt=glo2usa4itemAdapt,2026-08-30T15:43:51+00:00,bowden.bowden-tubing-4mmod-2mmid-1-meter
yes,200,listing has a title,s.click.aliexpress.com,https://s.click.aliexpress.com/e/_dYtoM9A,https://www.aliexpress.us/item/2251832808788159.html?aff_fcid=c506420ec189467b998592f53b0eb816-1788106535066-04814-_dYtoM9A&aff_fsk=_dYtoM9A&aff_platform=link-c-tool&sk=_dYtoM9A&aff_trace_key=c506420ec189467b998592f53b0eb816-1788106535066-04814-_dYtoM9A&terminal_id=b6cf602e55c147bc876b5703aca0949c&afSmartRedirect=y&gatewayAdapt=glo2usa4itemAdapt,2026-08-30T16:15:36+00:00,motion.gt2-20t-6mm-wide-8mm-bore motion.gt2-20t-6mm-wide-pulley-5mm-bore
yes,200,listing has a title,s.click.aliexpress.com,https://s.click.aliexpress.com/e/_dZ0Ik9R,https://www.aliexpress.us/item/2251832539995194.html?spm=2114.12010612.8148356.2.276b2892QClFQd&aff_fcid=648bff87924942d49646e31242cb8c08-1788106588531-05814-_dZ0Ik9R&aff_fsk=_dZ0Ik9R&aff_platform=portals-tool&sk=_dZ0Ik9R&aff_trace_key=648bff87924942d49646e31242cb8c08-1788106588531-05814-_dZ0Ik9R&terminal_id=b6cf602e55c147bc876b5703aca0949c&afSmartRedirect=y&gatewayAdapt=glo2usa4itemAdapt,2026-08-30T16:16:29+00:00,motion.gt2-20t-6mm-wide-toothed-idler-5mm-bore
yes,200,listing has a title,s.click.aliexpress.com,https://s.click.aliexpress.com/e/_dZ3Fq0i,https://www.aliexpress.us/item/2255800622393971.html?aff_fcid=6de508ae8e56418ba55022918f160879-1788105238112-03877-_dZ3Fq0i&aff_fsk=_dZ3Fq0i&aff_platform=link-c-tool&sk=_dZ3Fq0i&aff_trace_key=6de508ae8e56418ba55022918f160879-1788105238112-03877-_dZ3Fq0i&terminal_id=b6cf602e55c147bc876b5703aca0949c&afSmartRedirect=y&gatewayAdapt=glo2usa4itemAdapt,2026-08-30T15:53:58+00:00,electronics.40x40x20-centrifugal-blower-fan-ball-bearing-24v
yes,200,listing has a title,s.click.aliexpress.com,https://s.click.aliexpress.com/e/_dZ6ZPZ2,https://www.aliexpress.us/item/2251832667244886.html?aff_fcid=01c12497298141ceaf9f4e75e71d7bf1-1788106624550-06610-_dZ6ZPZ2&aff_fsk=_dZ6ZPZ2&aff_platform=link-c-tool&sk=_dZ6ZPZ2&aff_trace_key=01c12497298141ceaf9f4e75e71d7bf1-1788106624550-06610-_dZ6ZPZ2&terminal_id=b6cf602e55c147bc876b5703aca0949c&afSmartRedirect=y&gatewayAdapt=glo2usa4itemAdapt,2026-08-30T16:17:05+00:00,motion.gt2-open-belt-6mm-2-meters motion.gt2-open-belt-6mm-3-meters motion.gt2-open-belt-6mm-3000mm
yes,200,listing has a title,s.click.aliexpress.com,https://s.click.aliexpress.com/e/_dZNWAU4,https://www.aliexpress.us/item/2251832747833403.html?spm=a2g0s.9042311.0.0.171d4c4dXMJQmE&aff_fcid=c2ddd6400eb94dedb7f54cbe587c2943-1788104623752-06210-_dZNWAU4&aff_fsk=_dZNWAU4&aff_platform=link-c-tool&sk=_dZNWAU4&aff_trace_key=c2ddd6400eb94dedb7f54cbe587c2943-1788104623752-06210-_dZNWAU4&terminal_id=b6cf602e55c147bc876b5703aca0949c&afSmartRedirect=y&gatewayAdapt=glo2usa4itemAdapt,2026-08-30T15:43:44+00:00,bowden.bowden-fitting
yes,200,listing has a title,s.click.aliexpress.com,https://s.click.aliexpress.com/e/_dZPCzjq,https://www.aliexpress.us/item/2255800662118816.html?aff_fcid=b2846ffb69934fac9862a8c3ed63370f-1788105687276-06452-_dZPCzjq&aff_fsk=_dZPCzjq&aff_platform=portals-tool&sk=_dZPCzjq&aff_trace_key=b2846ffb69934fac9862a8c3ed63370f-1788105687276-06452-_dZPCzjq&terminal_id=b6cf602e55c147bc876b5703aca0949c&afSmartRedirect=y&gatewayAdapt=glo2usa4itemAdapt,2026-08-30T16:01:27+00:00,extruder.mr85-bearing
yes,200,listing has a title,s.click.aliexpress.com,https://s.click.aliexpress.com/e/_dZVGC8K,https://www.aliexpress.us/item/2255800090465222.html?spm=a2g0o.productlist.0.0.7f0e434c3gAVJ8&algo_pvid=9260fb13-520b-4502-bfca-12a26ee79141&algo_expid=9260fb13-520b-4502-bfca-12a26ee79141-6&btsid=0be3769015863658054778130e64d6&ws_ab_test=searchweb0_0%2Csearchweb201602_%2Csearchweb201603_&aff_fcid=0becd20cf62448e5b393f13b89318916-1788106506091-04103-_dZVGC8K&aff_fsk=_dZVGC8K&aff_platform=link-c-tool&sk=_dZVGC8K&aff_trace_key=0becd20cf62448e5b393f13b89318916-1788106506091-04103-_dZVGC8K&terminal_id=b6cf602e55c147bc876b5703aca0949c&afSmartRedirect=y&gatewayAdapt=glo2usa4itemAdapt,2026-08-30T16:15:06+00:00,motion.f688-rs-bearing
yes,200,listing has a title,s.click.aliexpress.com,https://s.click.aliexpress.com/e/_dZx4X0S,https://www.aliexpress.us/item/2251832843394819.html?aff_fcid=241112e30a1d4a14ae389dbf261b1ad5-1788105558011-00594-_dZx4X0S&aff_fsk=_dZx4X0S&aff_platform=portals-tool&sk=_dZx4X0S&aff_trace_key=241112e30a1d4a14ae389dbf261b1ad5-1788105558011-00594-_dZx4X0S&terminal_id=b6cf602e55c147bc876b5703aca0949c&afSmartRedirect=y&gatewayAdapt=glo2usa4itemAdapt,2026-08-30T15:59:19+00:00,electronics.thermistor-for-your-hotend-of-choice
yes,200,listing has a title,s.click.aliexpress.com,https://s.click.aliexpress.com/e/eA5u8X6Y,https://www.aliexpress.us/item/2251801558494240.html?aff_fcid=2430f55f1bda4b03a984faaab52e8e25-1788106531814-03970-eA5u8X6Y&aff_fsk=eA5u8X6Y&aff_platform=link-c-tool&sk=eA5u8X6Y&aff_trace_key=2430f55f1bda4b03a984faaab52e8e25-1788106531814-03970-eA5u8X6Y&terminal_id=b6cf602e55c147bc876b5703aca0949c&gatewayAdapt=glo2usa4itemAdapt,2026-08-30T16:15:32+00:00,motion.gt2-16t-6mm-wide-pulley-5mm-bore
yes,200,listing has a title,s.click.aliexpress.com,https://s.click.aliexpress.com/e/ki24Gbqg,https://www.aliexpress.us/item/2251832814871526.html?aff_fcid=cb1e78b8789f46759b40f62ac21aff9d-1788106509425-02571-ki24Gbqg&aff_fsk=ki24Gbqg&aff_platform=link-c-tool&sk=ki24Gbqg&aff_trace_key=cb1e78b8789f46759b40f62ac21aff9d-1788106509425-02571-ki24Gbqg&terminal_id=b6cf602e55c147bc876b5703aca0949c&afSmartRedirect=y&gatewayAdapt=glo2usa4itemAdapt,2026-08-30T16:15:10+00:00,motion.f695-2rs
yes,200,listing has a title,s.click.aliexpress.com,https://s.click.aliexpress.com/e/klIuTlpI,https://www.aliexpress.us/item/2251832747833403.html?spm=a2g0s.9042311.0.0.171d4c4dXMJQmE&aff_fcid=52e97262ecbd459594453ac487af083f-1788104627000-07749-klIuTlpI&aff_fsk=klIuTlpI&aff_platform=link-c-tool&sk=klIuTlpI&aff_trace_key=52e97262ecbd459594453ac487af083f-1788104627000-07749-klIuTlpI&terminal_id=b6cf602e55c147bc876b5703aca0949c&afSmartRedirect=y&gatewayAdapt=glo2usa4itemAdapt,2026-08-30T15:43:47+00:00,bowden.bowden-fitting
yes,200,listing has a title,s.click.aliexpress.com,https://s.click.aliexpress.com/e/kzE6vJLi,https://www.aliexpress.us/item/2251832686080433.html?aff_fcid=9ce66068ad004c95971bb3cad7a0abe8-1788104785013-04948-kzE6vJLi&aff_fsk=kzE6vJLi&aff_platform=link-c-tool&sk=kzE6vJLi&aff_trace_key=9ce66068ad004c95971bb3cad7a0abe8-1788104785013-04948-kzE6vJLi&terminal_id=b6cf602e55c147bc876b5703aca0949c&gatewayAdapt=glo2usa4itemAdapt,2026-08-30T15:46:25+00:00,cables.18awg-silicone-cable-10ft-total cables.20awg-silicone-cable-10ft-total cables.24awg-silicone-cable-100ft-total cables.24awg-silicone-cable-120ft-total cables.24awg-silicone-cable-50ft-total
yes,200,listing has a title,s.click.aliexpress.com,https://s.click.aliexpress.com/e/lZGUQHVq,https://www.aliexpress.us/item/2251832040247568.html?aff_fcid=edf97e13d9df481aacdeb5c309713817-1788106541459-01820-lZGUQHVq&aff_fsk=lZGUQHVq&aff_platform=link-c-tool&sk=lZGUQHVq&aff_trace_key=edf97e13d9df481aacdeb5c309713817-1788106541459-01820-lZGUQHVq&terminal_id=b6cf602e55c147bc876b5703aca0949c&gatewayAdapt=glo2usa4itemAdapt,2026-08-30T16:15:42+00:00,motion.gt2-20t-6mm-wide-pulley-5mm-bore
yes,200,listing has a title,s.click.aliexpress.com,https://s.click.aliexpress.com/e/mcsnCIne,https://www.aliexpress.us/item/2255799825613902.html?aff_fcid=294df23747a5498bb94c06de27950e36-1788106021913-06464-mcsnCIne&aff_fsk=mcsnCIne&aff_platform=link-c-tool&sk=mcsnCIne&aff_trace_key=294df23747a5498bb94c06de27950e36-1788106021913-06464-mcsnCIne&terminal_id=b6cf602e55c147bc876b5703aca0949c&afSmartRedirect=y&gatewayAdapt=glo2usa4itemAdapt,2026-08-30T16:07:02+00:00,hotend.copper-v6-heat-block
yes,200,listing has a title,s.click.aliexpress.com,https://s.click.aliexpress.com/e/my9o2pqC,https://www.aliexpress.us/item/2251832611358127.html?aff_fcid=04aac9d1df454822ad0ce7627f3222d8-1788106720992-08535-my9o2pqC&aff_fsk=my9o2pqC&aff_platform=link-c-tool&sk=my9o2pqC&aff_trace_key=04aac9d1df454822ad0ce7627f3222d8-1788106720992-08535-my9o2pqC&terminal_id=b6cf602e55c147bc876b5703aca0949c&gatewayAdapt=glo2usa4itemAdapt,2026-08-30T16:18:41+00:00,vibration-management.astrosyn-dampener
yes,200,listing has a title,s.click.aliexpress.com,https://s.click.aliexpress.com/e/nNRaugdw,https://www.aliexpress.us/item/2251832615973783.html?aff_fcid=9993ec60ca924f6fbcb4c830699627e4-1788106449036-07514-nNRaugdw&aff_fsk=nNRaugdw&aff_platform=link-c-tool&sk=nNRaugdw&aff_trace_key=9993ec60ca924f6fbcb4c830699627e4-1788106449036-07514-nNRaugdw&terminal_id=b6cf602e55c147bc876b5703aca0949c&gatewayAdapt=glo2usa4itemAdapt,2026-08-30T16:14:15+00:00,motion.625-2rs-bearing
yes,200,listing has a title,s.click.aliexpress.com,https://s.click.aliexpress.com/e/nyUl7eys,https://www.aliexpress.us/item/2255799952601260.html?aff_fcid=94a09af897fc4b9d938c99cbe16f9a85-1788104753972-00321-nyUl7eys&aff_fsk=nyUl7eys&aff_platform=link-c-tool&sk=nyUl7eys&aff_trace_key=94a09af897fc4b9d938c99cbe16f9a85-1788104753972-00321-nyUl7eys&terminal_id=b6cf602e55c147bc876b5703aca0949c&afSmartRedirect=y&gatewayAdapt=glo2usa4itemAdapt,2026-08-30T15:45:54+00:00,buildplate.spring-steel-bed-kit-with-pei-and-magnet
yes,200,listing has a title,s.click.aliexpress.com,https://s.click.aliexpress.com/e/oGRvh1j6,https://www.aliexpress.us/item/2251832584261804.html?aff_fcid=647d8f48daac4658b128a1637ba3a42f-1788106018885-08092-oGRvh1j6&aff_fsk=oGRvh1j6&aff_platform=link-c-tool&sk=oGRvh1j6&aff_trace_key=647d8f48daac4658b128a1637ba3a42f-1788106018885-08092-oGRvh1j6&terminal_id=b6cf602e55c147bc876b5703aca0949c&afSmartRedirect=y&gatewayAdapt=glo2usa4itemAdapt,2026-08-30T16:06:59+00:00,hotend.2-into-1-y-splitter
yes,200,listing has a title,s.click.aliexpress.com,https://s.click.aliexpress.com/e/oKgf0o2U,https://www.aliexpress.us/item/2251832709639620.html?aff_fcid=4c81df35f2a943c19616b995fe6af987-1788106091516-06377-oKgf0o2U&aff_fsk=oKgf0o2U&aff_platform=link-c-tool&sk=oKgf0o2U&aff_trace_key=4c81df35f2a943c19616b995fe6af987-1788106091516-06377-oKgf0o2U&terminal_id=b6cf602e55c147bc876b5703aca0949c&afSmartRedirect=y&gatewayAdapt=glo2usa4itemAdapt,2026-08-30T16:08:12+00:00,hotend.v6-volcano-heatsink
yes,200,listing has a title,s.click.aliexpress.com,https://s.click.aliexpress.com/e/pfKSpt7E,https://www.aliexpress.us/item/2251801552778750.html?aff_fcid=15ddd2d2ada84aad8c26667c31dc8bf3-1788106426182-00181-pfKSpt7E&aff_fsk=pfKSpt7E&aff_platform=link-c-tool&sk=pfKSpt7E&aff_trace_key=15ddd2d2ada84aad8c26667c31dc8bf3-1788106426182-00181-pfKSpt7E&terminal_id=b6cf602e55c147bc876b5703aca0949c&gatewayAdapt=glo2usa4itemAdapt,2026-08-30T16:13:46+00:00,motion.5mm-x-50mm-shaft
yes,200,listing has a title,s.click.aliexpress.com,https://s.click.aliexpress.com/e/qvDIPLfK,https://www.aliexpress.us/item/2255799847707082.html?aff_fcid=c3a0eb99166b4738aa993d79c8e9b90f-1788106621394-05833-qvDIPLfK&aff_fsk=qvDIPLfK&aff_platform=link-c-tool&sk=qvDIPLfK&aff_trace_key=c3a0eb99166b4738aa993d79c8e9b90f-1788106621394-05833-qvDIPLfK&terminal_id=b6cf602e55c147bc876b5703aca0949c&afSmartRedirect=y&gatewayAdapt=glo2usa4itemAdapt,2026-08-30T16:17:01+00:00,motion.gt2-belt-loop-6mm-wide-188mm
yes,200,listing has a title,s.click.aliexpress.com,https://s.click.aliexpress.com/e/r12bNBPE,https://www.aliexpress.us/item/2251832803829795.html?aff_fcid=2ab44902ae354699bfe7c3c0d0c6e0ce-1788106730623-07044-r12bNBPE&aff_fsk=r12bNBPE&aff_platform=link-c-tool&sk=r12bNBPE&aff_trace_key=2ab44902ae354699bfe7c3c0d0c6e0ce-1788106730623-07044-r12bNBPE&terminal_id=b6cf602e55c147bc876b5703aca0949c&gatewayAdapt=glo2usa4itemAdapt,2026-08-30T16:18:51+00:00,vibration-management.rubber-compressor-foot
yes,200,listing has a title,s.click.aliexpress.com,https://s.click.aliexpress.com/e/rRVnt3M4,https://www.aliexpress.us/item/2251832519894077.html?cpt=1571270467169&aff_fcid=c61df081509e4b73a851947fc7b46c93-1788105884304-04286-rRVnt3M4&aff_fsk=rRVnt3M4&aff_platform=link-c-tool&sk=rRVnt3M4&aff_trace_key=c61df081509e4b73a851947fc7b46c93-1788105884304-04286-rRVnt3M4&terminal_id=b6cf602e55c147bc876b5703aca0949c&afSmartRedirect=y&gatewayAdapt=glo2usa4itemAdapt,2026-08-30T16:04:44+00:00,fasteners.m5-t-nut fasteners.m5-t-nut-for-2020-extrusions fasteners.m5-t-nut-hntaj5-5
yes,200,listing has a title,s.click.aliexpress.com,https://s.click.aliexpress.com/e/ripvAfVQ,https://www.aliexpress.us/item/2255799847707082.html?aff_fcid=43d1014c5706403ea83f64503c5ccefe-1788106618169-02339-ripvAfVQ&aff_fsk=ripvAfVQ&aff_platform=link-c-tool&sk=ripvAfVQ&aff_trace_key=43d1014c5706403ea83f64503c5ccefe-1788106618169-02339-ripvAfVQ&terminal_id=b6cf602e55c147bc876b5703aca0949c&afSmartRedirect=y&gatewayAdapt=glo2usa4itemAdapt,2026-08-30T16:16:58+00:00,motion.gt2-belt-loop-6mm-wide-188mm
yes,200,listing has a title,s.click.aliexpress.com,https://s.click.aliexpress.com/e/rsE0Y3Io,https://www.aliexpress.us/item/2251832464361177.html?aff_fcid=b7ec6bc7d9524790a9f25915c827d392-1788106591890-06695-rsE0Y3Io&aff_fsk=rsE0Y3Io&aff_platform=link-c-tool&sk=rsE0Y3Io&aff_trace_key=b7ec6bc7d9524790a9f25915c827d392-1788106591890-06695-rsE0Y3Io&terminal_id=b6cf602e55c147bc876b5703aca0949c&gatewayAdapt=glo2usa4itemAdapt,2026-08-30T16:16:32+00:00,motion.gt2-20t-9mm-wide-pulley-5mm-bore
yes,200,listing has a title,s.click.aliexpress.com,https://s.click.aliexpress.com/e/ryH5bQic,https://www.aliexpress.us/item/2251832667233248.html?aff_fcid=b78e31407d754938b2675fa7db100455-1788106094756-00880-ryH5bQic&aff_fsk=ryH5bQic&aff_platform=link-c-tool&sk=ryH5bQic&aff_trace_key=b78e31407d754938b2675fa7db100455-1788106094756-00880-ryH5bQic&terminal_id=b6cf602e55c147bc876b5703aca0949c&afSmartRedirect=y&gatewayAdapt=glo2usa4itemAdapt,2026-08-30T16:08:15+00:00,hotend.v6-volcano-titanium-heatbreak
yes,200,listing has a title,s.click.aliexpress.com,https://s.click.aliexpress.com/e/sNdv53Gc,https://www.aliexpress.us/item/2251832664674464.html?aff_fcid=f3c1a77e9e1346ef98b4d608c80dd943-1788106512623-04513-sNdv53Gc&aff_fsk=sNdv53Gc&aff_platform=link-c-tool&sk=sNdv53Gc&aff_trace_key=f3c1a77e9e1346ef98b4d608c80dd943-1788106512623-04513-sNdv53Gc&terminal_id=b6cf602e55c147bc876b5703aca0949c&gatewayAdapt=glo2usa4itemAdapt,2026-08-30T16:15:13+00:00,motion.f695-2rs
yes,200,listing has a title,s.click.aliexpress.com,https://s.click.aliexpress.com/e/sn5eoCiG,https://www.aliexpress.us/item/2251801552778750.html?aff_fcid=b603c80e66a94f21b1770f5ab8b4a529-1788106429409-02342-sn5eoCiG&aff_fsk=sn5eoCiG&aff_platform=link-c-tool&sk=sn5eoCiG&aff_trace_key=b603c80e66a94f21b1770f5ab8b4a529-1788106429409-02342-sn5eoCiG&terminal_id=b6cf602e55c147bc876b5703aca0949c&gatewayAdapt=glo2usa4itemAdapt,2026-08-30T16:13:50+00:00,motion.5x26mm-shaft
yes,200,listing has a title,s.click.aliexpress.com,https://s.click.aliexpress.com/e/swWaYCdw,https://www.aliexpress.us/item/2251832693198080.html?aff_fcid=1043205fe723410f99def42b5e4f619b-1788106104257-04353-swWaYCdw&aff_fsk=swWaYCdw&aff_platform=link-c-tool&sk=swWaYCdw&aff_trace_key=1043205fe723410f99def42b5e4f619b-1788106104257-04353-swWaYCdw&terminal_id=b6cf602e55c147bc876b5703aca0949c&afSmartRedirect=y&gatewayAdapt=glo2usa4itemAdapt,2026-08-30T16:08:24+00:00,hotend.volcano-steel-nozzle
yes,200,listing has a title,s.click.aliexpress.com,https://s.click.aliexpress.com/e/tm9T4aDE,https://www.aliexpress.us/item/2251832773852739.html?aff_fcid=c7b31afdd81645c1950769721eb4d9b3-1788105241312-02893-tm9T4aDE&aff_fsk=tm9T4aDE&aff_platform=link-c-tool&sk=tm9T4aDE&aff_trace_key=c7b31afdd81645c1950769721eb4d9b3-1788105241312-02893-tm9T4aDE&terminal_id=b6cf602e55c147bc876b5703aca0949c&afSmartRedirect=y&gatewayAdapt=glo2usa4itemAdapt,2026-08-30T15:54:02+00:00,electronics.50w-heater-cartridge
yes,200,http 200,sliceengineering.com,https://www.sliceengineering.com/shop/50w-heater-cartridge,https://www.sliceengineering.com/products/50w-heater-cartridge-bare-leads,2026-08-30T16:54:18+00:00,electronics.50w-heater-cartridge
yes,200,product page - currently unavailable,smile.amazon.com,https://smile.amazon.com/BIQU-Printer-Smoothieboard-Compatible-Ramps1-4/dp/B082HCFL34,https://www.amazon.com:443/BIQU-Printer-Smoothieboard-Compatible-Ramps1-4/dp/B082HCFL34,2026-08-30T17:06:27+00:00,controller.skr-1-4
yes,200,product page - currently unavailable,smile.amazon.com,https://smile.amazon.com/Bowden-Extruder-Universal-Geared-Printer/dp/B08KP189KN,https://www.amazon.com:443/Bowden-Extruder-Universal-Geared-Printer/dp/B08KP189KN,2026-08-30T17:06:31+00:00,extruder.bmg-extruder-kit-used-for-gears
yes,200,product page - currently unavailable,smile.amazon.com,https://smile.amazon.com/Silverstone-Professional-Fine-Tuned-Performance-FW121/dp/B00NOTVCUQ,https://www.amazon.com:443/Silverstone-Professional-Fine-Tuned-Performance-FW121/dp/B00NOTVCUQ,2026-08-30T17:06:29+00:00,electronics.120x120x15-fan-12v-rear-can-use-120x120x25-fan
yes,200,product page - currently unavailable,smile.amazon.com,https://smile.amazon.com/dp/B06XCZC89W,https://www.amazon.com:443/dp/B06XCZC89W,2026-08-30T17:06:36+00:00,tools.ferrule-crimping-tool
yes,200,product page,smile.amazon.com,https://smile.amazon.com/gp/product/B0069TRKJ0,https://www.amazon.com:443/gp/product/B0069TRKJ0,2026-08-30T17:06:40+00:00,tools.ratcheting-wire-terminal-crimper
yes,200,product page,smile.amazon.com,https://smile.amazon.com/gp/product/B01018CYV8,https://www.amazon.com:443/gp/product/B01018CYV8,2026-08-30T17:06:34+00:00,tools.auto-adjusting-wire-strippers
yes,200,http 200,tapplastics.com,https://www.tapplastics.com/product/plastics/cut_to_size_plastic/polycarbonate_sheets/516,,2026-08-30T16:40:25+00:00,panels.front-door-212mm-x-239mm-x-2-5mm-pc-or-acrylic.voron-0 panels.front-door-212mm-x-239mm-x-2-5mm-pc-or-acrylic.voron-0.1 panels.front-door-212mm-x-239mm-x-3mm-pc-or-acrylic.voron-0.2 panels.rear-panel-212mm-x-248mm-whatever-material-you-want.voron-0.1 panels.rear-panel-212mm-x-248mm-whatever-material-you-want.voron-0.2 panels.rear-panel-212mm-x-248mm-x-2-5mm-whatever-material-you-want.voron-0 panels.side-front-top-polycarbonate-panels.voron-1.8 panels.side-front-top-polycarbonate-panels.voron-2.2 panels.side-front-top-polycarbonate-panels.voron-trident panels.side-panel-212mm-x-230mm-x-2-5mm-pc-or-acrylic.voron-0 panels.side-panel-212mm-x-230mm-x-2-5mm-pc-or-acrylic.voron-0.1 panels.side-panel-212mm-x-230mm-x-3mm-pc-or-acrylic.voron-0.2
yes,200,http 200,us.misumi-ec.com,https://us.misumi-ec.com/vona2/detail/110300026540?HissuCode=LMUW8&Keyword=LMUW8&PNSearch=LMUW8&searchFlow=suggest2products,https://us.misumi-ec.com/vona2/detail/110300026540/?HissuCode=LMUW8&Keyword=LMUW8&PNSearch=LMUW8&searchFlow=suggest2products,2026-08-30T16:50:26+00:00,motion.linear-bearings-lmuw8
yes,200,http 200,us.misumi-ec.com,https://us.misumi-ec.com/vona2/detail/110302247910,https://us.misumi-ec.com/vona2/detail/110302247910/?seriesCode=110302247910&tab=drawingAndSpecifications&Page=1,2026-08-30T16:48:10+00:00,fasteners.m3-roll-in-t-nut fasteners.m3-t-nut-hntaj5-3 fasteners.m5-t-nut fasteners.m5-t-nut-hntaj5-5
yes,200,http 200,us.misumi-ec.com,https://us.misumi-ec.com/vona2/detail/110302634310?HissuCode=PSFJ8-320&KWSearch=PSFJ8-320&PNSearch=PSFJ8-320&searchFlow=results2type,https://us.misumi-ec.com/vona2/detail/110302634310/?HissuCode=PSFJ8-320&KWSearch=PSFJ8-320&PNSearch=PSFJ8-320&searchFlow=results2type,2026-08-30T16:50:28+00:00,motion.linear-rods-psfj8-320
yes,200,http 200,us.misumi-ec.com,https://us.misumi-ec.com/vona2/detail/110302683830?HissuCode=HFSB5-2020-150-TPW&KWSearch=HFSB5-2020-150-TPW&PNSearch=HFSB5-2020-150-TPW&searchFlow=results2type,https://us.misumi-ec.com/vona2/detail/110302683830/?HissuCode=HFSB5-2020-150-TPW&KWSearch=HFSB5-2020-150-TPW&PNSearch=HFSB5-2020-150-TPW&searchFlow=results2type,2026-08-30T16:48:12+00:00,frame.hfsb5-2020-150-tpw
yes,200,http 200,us.misumi-ec.com,https://us.misumi-ec.com/vona2/detail/110302683830?HissuCode=HFSB5-2020-232-LTP&KWSearch=HFSB5-2020-232-LTP&PNSearch=HFSB5-2020-232-LTP&searchFlow=results2type,https://us.misumi-ec.com/vona2/detail/110302683830/?HissuCode=HFSB5-2020-232-LTP&KWSearch=HFSB5-2020-232-LTP&PNSearch=HFSB5-2020-232-LTP&searchFlow=results2type&seriesCode=110302683830&tab=drawingAndSpecifications&Page=1,2026-08-30T16:48:45+00:00,frame.hfsb5-2020-232-ltp
yes,200,http 200,us.misumi-ec.com,https://us.misumi-ec.com/vona2/detail/110302683830?HissuCode=HFSB5-2020-240&Keyword=HFSB5-2020-240&PNSearch=HFSB5-2020-240&searchFlow=suggest2products,https://us.misumi-ec.com/vona2/detail/110302683830/?HissuCode=HFSB5-2020-240&Keyword=HFSB5-2020-240&PNSearch=HFSB5-2020-240&searchFlow=suggest2products,2026-08-30T16:48:46+00:00,frame.hfsb5-2020-240
yes,200,http 200,us.misumi-ec.com,https://us.misumi-ec.com/vona2/detail/110302683830?HissuCode=HFSB5-2020-250&Keyword=HFSB5-2020-250&PNSearch=HFSB5-2020-250&searchFlow=suggest2products,https://us.misumi-ec.com/vona2/detail/110302683830/?HissuCode=HFSB5-2020-250&Keyword=HFSB5-2020-250&PNSearch=HFSB5-2020-250&searchFlow=suggest2products,2026-08-30T16:48:13+00:00,frame.hfsb5-2020-230
yes,200,http 200,us.misumi-ec.com,https://us.misumi-ec.com/vona2/detail/110302683830?HissuCode=HFSB5-2020-282-LTP&KWSearch=HFSB5-2020-282-LTP&PNSearch=HFSB5-2020-282-LTP&searchFlow=results2type,https://us.misumi-ec.com/vona2/detail/110302683830/?HissuCode=HFSB5-2020-282-LTP&KWSearch=HFSB5-2020-282-LTP&PNSearch=HFSB5-2020-282-LTP&searchFlow=results2type,2026-08-30T16:48:48+00:00,frame.hfsb5-2020-282-ltp
yes,200,http 200,us.misumi-ec.com,https://us.misumi-ec.com/vona2/detail/110302683830?HissuCode=HFSB5-2020-290&Keyword=HFSB5-2020-290&PNSearch=HFSB5-2020-290&searchFlow=suggest2products,https://us.misumi-ec.com/vona2/detail/110302683830/?HissuCode=HFSB5-2020-290&Keyword=HFSB5-2020-290&PNSearch=HFSB5-2020-290&searchFlow=suggest2products,2026-08-30T16:48:50+00:00,frame.hfsb5-2020-290
yes,200,http 200,us.misumi-ec.com,https://us.misumi-ec.com/vona2/detail/110302683830?HissuCode=HFSB5-2020-330&KWSearch=HFSB5-2020-330&PNSearch=HFSB5-2020-330&searchFlow=results2type,https://us.misumi-ec.com/vona2/detail/110302683830/?HissuCode=HFSB5-2020-330&KWSearch=HFSB5-2020-330&PNSearch=HFSB5-2020-330&searchFlow=results2type,2026-08-30T16:49:22+00:00,frame.hfsb5-2020-330
yes,200,http 200,us.misumi-ec.com,https://us.misumi-ec.com/vona2/detail/110302683830?HissuCode=HFSB5-2020-330&Keyword=HFSB5-2020-330&PNSearch=HFSB5-2020-330&searchFlow=suggest2products,https://us.misumi-ec.com/vona2/detail/110302683830/?HissuCode=HFSB5-2020-330&Keyword=HFSB5-2020-330&PNSearch=HFSB5-2020-330&searchFlow=suggest2products&seriesCode=110302683830&tab=drawingAndSpecifications&Page=1,2026-08-30T16:49:21+00:00,frame.hfsb5-2020-330
yes,200,http 200,us.misumi-ec.com,https://us.misumi-ec.com/vona2/detail/110302683830?HissuCode=HFSB5-2020-330-LTP&KWSearch=HFSB5-2020-330-LTP&PNSearch=HFSB5-2020-330-LTP&searchFlow=results2type,https://us.misumi-ec.com/vona2/detail/110302683830/?HissuCode=HFSB5-2020-330-LTP&KWSearch=HFSB5-2020-330-LTP&PNSearch=HFSB5-2020-330-LTP&searchFlow=results2type,2026-08-30T16:49:24+00:00,frame.hfsb5-2020-330-ltp
yes,200,http 200,us.misumi-ec.com,https://us.misumi-ec.com/vona2/detail/110302683830?HissuCode=HFSB5-2020-332-LTP&KWSearch=HFSB5-2020-332-LTP&PNSearch=HFSB5-2020-332-LTP&searchFlow=results2type,https://us.misumi-ec.com/vona2/detail/110302683830/?HissuCode=HFSB5-2020-332-LTP&KWSearch=HFSB5-2020-332-LTP&PNSearch=HFSB5-2020-332-LTP&searchFlow=results2type,2026-08-30T16:49:26+00:00,frame.hfsb5-2020-332-ltp
yes,200,http 200,us.misumi-ec.com,https://us.misumi-ec.com/vona2/detail/110302683830?HissuCode=HFSB5-2020-340&Keyword=HFSB5-2020-340&PNSearch=HFSB5-2020-340&searchFlow=suggest2products,https://us.misumi-ec.com/vona2/detail/110302683830/?HissuCode=HFSB5-2020-340&Keyword=HFSB5-2020-340&PNSearch=HFSB5-2020-340&searchFlow=suggest2products,2026-08-30T16:49:27+00:00,frame.hfsb5-2020-340
yes,200,http 200,us.misumi-ec.com,https://us.misumi-ec.com/vona2/detail/110302683830?HissuCode=HFSB5-2020-370&Keyword=HFSB5-2020-370&PNSearch=HFSB5-2020-370&searchFlow=suggest2products,https://us.misumi-ec.com/vona2/detail/110302683830/?HissuCode=HFSB5-2020-370&Keyword=HFSB5-2020-370&PNSearch=HFSB5-2020-370&searchFlow=suggest2products,2026-08-30T16:49:29+00:00,frame.hfsb5-2020-370
yes,200,http 200,us.misumi-ec.com,https://us.misumi-ec.com/vona2/detail/110302683830?HissuCode=HFSB5-2020-370-AH185&Keyword=HFSB5-2020-370-AH185&PNSearch=HFSB5-2020-370-AH185&searchFlow=suggest2products,https://us.misumi-ec.com/vona2/detail/110302683830/?HissuCode=HFSB5-2020-370-AH185&Keyword=HFSB5-2020-370-AH185&PNSearch=HFSB5-2020-370-AH185&searchFlow=suggest2products,2026-08-30T16:49:31+00:00,frame.hfsb5-2020-370-ah185
yes,200,http 200,us.misumi-ec.com,https://us.misumi-ec.com/vona2/detail/110302683830?HissuCode=HFSB5-2020-370-AH185-TPW&KWSearch=HFSB5-2020-370-AH185-TPW&PNSearch=HFSB5-2020-370-AH185-TPW&searchFlow=results2type,https://us.misumi-ec.com/vona2/detail/110302683830/?HissuCode=HFSB5-2020-370-AH185-TPW&KWSearch=HFSB5-2020-370-AH185-TPW&PNSearch=HFSB5-2020-370-AH185-TPW&searchFlow=results2type,2026-08-30T16:49:32+00:00,frame.hfsb5-2020-370-ah185-tpw
yes,200,http 200,us.misumi-ec.com,https://us.misumi-ec.com/vona2/detail/110302683830?HissuCode=HFSB5-2020-370-AH45-BH325&KWSearch=HFSB5-2020-370-AH45-BH325&PNSearch=HFSB5-2020-370-AH45-BH325&searchFlow=results2type,https://us.misumi-ec.com/vona2/detail/110302683830/?HissuCode=HFSB5-2020-370-AH45-BH325&KWSearch=HFSB5-2020-370-AH45-BH325&PNSearch=HFSB5-2020-370-AH45-BH325&searchFlow=results2type,2026-08-30T16:49:34+00:00,frame.hfsb5-2020-370-ah45-bh325
yes,200,http 200,us.misumi-ec.com,https://us.misumi-ec.com/vona2/detail/110302683830?HissuCode=HFSB5-2020-370-TPW&KWSearch=HFSB5-2020-370-TPW&PNSearch=HFSB5-2020-370-TPW&searchFlow=results2type,https://us.misumi-ec.com/vona2/detail/110302683830/?HissuCode=HFSB5-2020-370-TPW&KWSearch=HFSB5-2020-370-TPW&PNSearch=HFSB5-2020-370-TPW&searchFlow=results2type,2026-08-30T16:49:36+00:00,frame.hfsb5-2020-370-tpw
yes,200,http 200,us.misumi-ec.com,https://us.misumi-ec.com/vona2/detail/110302683830?HissuCode=HFSB5-2020-380&Keyword=HFSB5-2020-380&PNSearch=HFSB5-2020-380&searchFlow=suggest2products,https://us.misumi-ec.com/vona2/detail/110302683830/?HissuCode=HFSB5-2020-380&Keyword=HFSB5-2020-380&PNSearch=HFSB5-2020-380&searchFlow=suggest2products,2026-08-30T16:49:37+00:00,frame.hfsb5-2020-380
yes,200,http 200,us.misumi-ec.com,https://us.misumi-ec.com/vona2/detail/110302683830?HissuCode=HFSB5-2020-420-AH210&Keyword=HFSB5-2020-420-AH210&PNSearch=HFSB5-2020-420-AH210&searchFlow=suggest2products,https://us.misumi-ec.com/vona2/detail/110302683830/?HissuCode=HFSB5-2020-420-AH210&Keyword=HFSB5-2020-420-AH210&PNSearch=HFSB5-2020-420-AH210&searchFlow=suggest2products,2026-08-30T16:49:39+00:00,frame.hfsb5-2020-420-ah210
yes,200,http 200,us.misumi-ec.com,https://us.misumi-ec.com/vona2/detail/110302683830?HissuCode=HFSB5-2020-420-AH210-TPW&KWSearch=HFSB5-2020-420-AH210-TPW&PNSearch=HFSB5-2020-420-AH210-TPW&searchFlow=results2type,https://us.misumi-ec.com/vona2/detail/110302683830/?HissuCode=HFSB5-2020-420-AH210-TPW&KWSearch=HFSB5-2020-420-AH210-TPW&PNSearch=HFSB5-2020-420-AH210-TPW&searchFlow=results2type,2026-08-30T16:49:41+00:00,frame.hfsb5-2020-420-ah210-tpw
yes,200,http 200,us.misumi-ec.com,https://us.misumi-ec.com/vona2/detail/110302683830?HissuCode=HFSB5-2020-420-TPW&KWSearch=HFSB5-2020-420-TPW&PNSearch=HFSB5-2020-420-TPW&searchFlow=results2type,https://us.misumi-ec.com/vona2/detail/110302683830/?HissuCode=HFSB5-2020-420-TPW&KWSearch=HFSB5-2020-420-TPW&PNSearch=HFSB5-2020-420-TPW&searchFlow=results2type,2026-08-30T16:49:42+00:00,frame.hfsb5-2020-420-tpw
yes,200,http 200,us.misumi-ec.com,https://us.misumi-ec.com/vona2/detail/110302683830?HissuCode=HFSB5-2020-430&Keyword=HFSB5-2020-430&PNSearch=HFSB5-2020-430&searchFlow=suggest2products,https://us.misumi-ec.com/vona2/detail/110302683830/?HissuCode=HFSB5-2020-430&Keyword=HFSB5-2020-430&PNSearch=HFSB5-2020-430&searchFlow=suggest2products&seriesCode=110302683830&tab=drawingAndSpecifications&Page=1,2026-08-30T16:50:14+00:00,frame.hfsb5-2020-430
yes,200,http 200,us.misumi-ec.com,https://us.misumi-ec.com/vona2/detail/110302683830?HissuCode=HFSB5-2020-470-AH235&Keyword=HFSB5-2020-470-AH235&PNSearch=HFSB5-2020-470-AH235&searchFlow=suggest2products,https://us.misumi-ec.com/vona2/detail/110302683830/?HissuCode=HFSB5-2020-470-AH235&Keyword=HFSB5-2020-470-AH235&PNSearch=HFSB5-2020-470-AH235&searchFlow=suggest2products,2026-08-30T16:50:16+00:00,frame.hfsb5-2020-470-ah235
yes,200,http 200,us.misumi-ec.com,https://us.misumi-ec.com/vona2/detail/110302683830?HissuCode=HFSB5-2020-470-AH235-TPW&KWSearch=HFSB5-2020-470-AH235-TPW&PNSearch=HFSB5-2020-470-AH235-TPW&searchFlow=results2type,https://us.misumi-ec.com/vona2/detail/110302683830/?HissuCode=HFSB5-2020-470-AH235-TPW&KWSearch=HFSB5-2020-470-AH235-TPW&PNSearch=HFSB5-2020-470-AH235-TPW&searchFlow=results2type,2026-08-30T16:50:17+00:00,frame.hfsb5-2020-470-ah235-tpw
yes,200,http 200,us.misumi-ec.com,https://us.misumi-ec.com/vona2/detail/110302683830?HissuCode=HFSB5-2020-470-TPW&KWSearch=HFSB5-2020-470-TPW&PNSearch=HFSB5-2020-470-TPW&searchFlow=results2type,https://us.misumi-ec.com/vona2/detail/110302683830/?HissuCode=HFSB5-2020-470-TPW&KWSearch=HFSB5-2020-470-TPW&PNSearch=HFSB5-2020-470-TPW&searchFlow=results2type,2026-08-30T16:50:19+00:00,frame.hfsb5-2020-470-tpw
yes,200,http 200,us.misumi-ec.com,https://us.misumi-ec.com/vona2/detail/110302683830?HissuCode=HFSB5-2020-500-LCP-RCP-AV360&Keyword=HFSB5-2020-500-LCP-RCP-AV360&PNSearch=HFSB5-2020-500-LCP-RCP-AV360&searchFlow=suggest2products,https://us.misumi-ec.com/vona2/detail/110302683830/?HissuCode=HFSB5-2020-500-LCP-RCP-AV360&Keyword=HFSB5-2020-500-LCP-RCP-AV360&PNSearch=HFSB5-2020-500-LCP-RCP-AV360&searchFlow=suggest2products,2026-08-30T16:50:21+00:00,frame.hfsb5-2020-500-lcp-rcp-av360
yes,200,http 200,us.misumi-ec.com,https://us.misumi-ec.com/vona2/detail/110302683830?HissuCode=HFSB5-2020-500-LTP-RCP-AV380-AP40&Keyword=HFSB5-2020-500-LTP-RCP-AV380-AP40&PNSearch=HFSB5-2020-500-LTP-RCP-AV380-AP40&searchFlow=suggest2products,https://us.misumi-ec.com/vona2/detail/110302683830/?HissuCode=HFSB5-2020-500-LTP-RCP-AV380-AP40&Keyword=HFSB5-2020-500-LTP-RCP-AV380-AP40&PNSearch=HFSB5-2020-500-LTP-RCP-AV380-AP40&searchFlow=suggest2products,2026-08-30T16:50:23+00:00,frame.hfsb5-2020-500-ltp-rcp-av380-ap40
yes,200,http 200,us.misumi-ec.com,https://us.misumi-ec.com/vona2/detail/110302683830?Inch=0,https://us.misumi-ec.com/vona2/detail/110302683830/?Inch=0,2026-08-30T16:50:24+00:00,frame.misumi-hfsb5-2020-size-depends-use-configurator
yes,200,http 200,zoro.com,https://www.zoro.com/loctite-liquid-034-oz-retaining-compound-0006-233546/i/G6219927,https://www.zoro.com/loctite-retaining-compound-641-series-yellow-liquid-10ml-bottle-233546/i/G6219927/,2026-08-30T16:58:55+00:00,tools.loctite-641-or-609-shaft-retaining-compound-medium-strength-good-to-300f
yes,200,http 200,zyltech.com,https://www.zyltech.com/genuine-zyltech-ramps-1-4-3d-printer-12864-lcd-smart-controller,https://www.zyltech.com/genuine-zyltech-ramps-1-4-3d-printer-12864-lcd-smart-controller/,2026-08-30T16:54:19+00:00,controller.reprap-full-graphics-display
yes,200,http 200,zyltech.com,https://www.zyltech.com/zyltech-mgn12-h-type-linear-rail-with-single-or-double-carriage-block,https://www.zyltech.com/zyltech-mgn12-h-type-linear-rail-with-single-or-double-carriage-block/,2026-08-30T16:54:20+00:00,motion.linear-rail-mgn12h-300mm motion.linear-rail-mgn12h-for-x-axis motion.linear-rail-mgn12h-see-configurator-for-length
yes,200,http 200,zyltech.com,https://www.zyltech.com/zyltech-mgn9-linear-rail-with-single-or-double-carriage-block,https://www.zyltech.com/zyltech-mgn9-linear-rail-with-single-or-double-carriage-block/,2026-08-30T16:54:22+00:00,motion.linear-rail-mgn9h-for-y-axis motion.linear-rail-mgn9h-see-configurator-for-length
