item_id,item_name,category,roles,vendor,label,url,affiliate,affiliate_urls,projects
bowden.bowden-clip,Bowden Clip,Bowden,recommended,AliExpress,TriangleLab,https://www.aliexpress.com/item/32892392365.html,,https://s.click.aliexpress.com/e/Njq3xkWG,voron-m4 mobius-3.1
bowden.bowden-fitting,Bowden Fitting,Bowden,recommended/budget,AliExpress,TriangleLab,https://s.click.aliexpress.com/e/_dZNWAU4,yes,,voron-0.2 voron-0 voron-0.1
bowden.bowden-fitting,Bowden Fitting,Bowden,recommended,AliExpress,TriangleLab | TriangleLab (Aliexpress),https://www.aliexpress.com/item/32934148155.html,,https://s.click.aliexpress.com/e/klIuTlpI,voron-m4 mobius-3.1 jetpack
bowden.bowden-tube-4mm-od-3mm-id,Bowden Tube 4mm OD/3mm ID,Bowden,recommended,AliExpress,Aliexpress,https://www.aliexpress.com/item/32433845259.html,,,jetpack
bowden.bowden-tubing-4mmod-2mmid-1-meter,Bowden Tubing 4mmOD 2mmID (1 meter),Bowden,recommended,AliExpress,Aliexpress,https://s.click.aliexpress.com/e/_dY9tW7w,yes,,voron-0.2 voron-0 voron-0.1
bowden.bowden-tubing-4mmod-2mmid-1-meter,Bowden Tubing 4mmOD 2mmID (1 meter),Bowden,alternative,AliExpress,Aliexpress (4mmx3mm),https://s.click.aliexpress.com/e/_DlmJrQ7,yes,,voron-0.2
bowden.bowden-tubing-4mmod-2mmid-1-meter,Bowden Tubing 4mmOD 2mmID (1 meter),Bowden,budget,AliExpress,Aliexpress,https://s.click.aliexpress.com/e/_dWCbUww,yes,,voron-0
buildplate.aluminum-build-plate-mic6-atp-5-jig-plate-etc-5-16in-or-8mm-depending-on-whats-available-in-your-country,Aluminum Build Plate (MIC6/ATP-5/Jig Plate/etc) (5/16in or 8mm depending on whats available in your country),Buildplate,recommended,mandalaroseworks.com,Mandala Rose Works,https://www.mandalaroseworks.com/shop/voron,,,voron-trident
buildplate.aluminum-build-plate-mic6-atp-5-jig-plate-etc-5-16in-or-8mm-depending-on-whats-available-in-your-country,Aluminum Build Plate (MIC6/ATP-5/Jig Plate/etc) (5/16in or 8mm depending on whats available in your country),Buildplate,alternative,clever3d.de,Clever3D.de,https://clever3d.de/epages/7a4290fc-7c7f-46cc-9b99-eadef22228e2.sf/en_US?ObjectPath=%2FShops%2F7a4290fc-7c7f-46cc-9b99-eadef22228e2%2FProducts%2FAluGuss8mm,,,voron-2.4 voron-trident voron-1.8 voron-1.6.2 voron-2.2
buildplate.aluminum-build-plate-mic6-atp-5-jig-plate-etc-120x120mm-4-75inx4-75in-1-4in-or-6mm-depending-on-whats-available-in-your-country,Aluminum Build Plate (MIC6/ATP-5/Jig Plate/etc) 120x120mm (4.75inx4.75in) (1/4in or 6mm depending on whats available in your country),Buildplate,alternative/non_affiliate,clever3d.de,Clever3D.de,https://clever3d.de/epages/7a4290fc-7c7f-46cc-9b99-eadef22228e2.sf/en_US?ObjectPath=%2FShops%2F7a4290fc-7c7f-46cc-9b99-eadef22228e2%2FProducts%2FAluGuss8mm,,,voron-0.2 voron-0 voron-0.1
buildplate.high-temperature-magnet,High Temperature Magnet,Buildplate,recommended,McMaster-Carr,McMaster-Carr,https://www.mcmaster.com/7301T25/,,,optional-parts
buildplate.high-temperature-magnet,High Temperature Magnet,Buildplate,alternative,AliExpress,TriangleLab,https://www.aliexpress.com/item/33015063641.html,,https://s.click.aliexpress.com/e/d0f9GzOY,optional-parts
buildplate.high-temperature-magnet,High Temperature Magnet,Buildplate,alternative,schallenkammer.de,Schallenkammer,https://www.schallenkammer.de/magnetfolien/magnetfolie-200.html,,,optional-parts
buildplate.magnetic-sheet-pei-optional,Magnetic Sheet + PEI (optional),Buildplate,recommended,AliExpress,Aliexpress,https://www.aliexpress.com/item/2251832800625551.html,,https://s.click.aliexpress.com/e/_DFv4IPv,voron-2.4
buildplate.magnetic-sheet-for-spring-steel-plate-120x120-optional,Magnetic sheet for spring steel plate 120x120 (OPTIONAL),Buildplate,recommended,McMaster-Carr,Mcmaster Carr,https://www.mcmaster.com/7301T21/,,,voron-0.2 voron-0.1
buildplate.pei-3m-468p-200mp,PEI + 3M 468P (200MP),Buildplate,recommended,catalog.cshyde.com,CSHyde (Trim),https://catalog.cshyde.com/item/pei-ultem/int-surface-10-mil-ultem-pei-w-3m-acrylic-adhesive/36-10a-3d-9-84-12-40,,,voron-2.4 voron-trident voron-1.8 voron-1.6.2 voron-2.2
buildplate.pei-3m-468p-200mp,PEI + 3M 468P (200MP),Buildplate,recommended,catalog.cshyde.com,CSHyde,https://catalog.cshyde.com/item/pei-ultem/int-surface-10-mil-ultem-pei-w-3m-acrylic-adhesive/36-10a-3d-12x12,,,voron-2.4 voron-trident voron-1.8 voron-2.2
buildplate.pei-3m-468p-200mp,PEI + 3M 468P (200MP),Buildplate,recommended,catalog.cshyde.com,CS Hyde,https://catalog.cshyde.com/item/pei-sheet-3d-printing-build-surface/10-mil-ultem-pei-w-3m-acrylic-adhesive/36-10a-3d-4-7x4-7,,,voron-0.2 voron-0 voron-0.1
buildplate.pei-3m-468p-200mp,PEI + 3M 468P (200MP),Buildplate,recommended,catalog.cshyde.com,CSHyde,https://catalog.cshyde.com/item/pei-ultem/int-surface-10-mil-ultem-pei-w-3m-acrylic-adhesive/36-10a-3d-14x14,,,voron-2.4 voron-2.2
buildplate.pei-3m-468p-200mp,PEI + 3M 468P (200MP),Buildplate,alternative,muellerbestellung.de,"Mueller (Trim, includes adhesive) | Mueller (includes adhesive)",https://www.muellerbestellung.de/Ultem-1000-Schwarz-030-mm-dick-300-x-300-mm-Selbstklebend,,,voron-2.4 voron-trident voron-1.8 voron-1.6.2 voron-2.2
buildplate.pei-3m-468p-200mp,PEI + 3M 468P (200MP),Buildplate,alternative,muellerbestellung.de,Mueller 5pack (Trim),https://www.muellerbestellung.de/Ultem-1000-Schwarz-030-mm-dick-420-x-297-mm-5-Stk,,,voron-trident voron-1.8 voron-1.6.2 voron-2.2
buildplate.pei-3m-468p-200mp,PEI + 3M 468P (200MP),Buildplate,alternative/non_affiliate,muellerbestellung.de,Muller Ultem 1000,https://www.muellerbestellung.de/Ultem-1000-Polyetherimid-3D-Druck-Folie-Abm-und-Farbe-waehlbar-254-x-165-x-03-mm-Selbstklebend-einseitig-Schwarz,,,voron-0.2 voron-0 voron-0.1
buildplate.pei-3m-468p-200mp,PEI + 3M 468P (200MP),Buildplate,alternative,muellerbestellung.de,Mueller (includes adhesive),https://www.muellerbestellung.de/Ultem-1000-Schwarz-030-mm-dick-350-x-350-mm-Selbstklebend,,,voron-2.4 voron-2.2
buildplate.prusa-mk3-y-carrier,Prusa MK3 Y Carrier,Buildplate,alternative,AliExpress,[Affiliate Link],https://s.click.aliexpress.com/e/_d7QoTpE,yes,,voron-switchwire
buildplate.prusa-mk3-y-carrier,Prusa MK3 Y Carrier,Buildplate,alternative,Printed Solid,Printed Solid,https://www.printedsolid.com/products/ldo-y-carriage-for-mk3?variant=32431285043285,,,voron-switchwire
buildplate.prusa-mk52-heated-bed-24v,Prusa MK52 Heated Bed - 24V,Buildplate,alternative,AliExpress,[Affiliate Link],https://s.click.aliexpress.com/e/_dVSICze,yes,,voron-switchwire
buildplate.silicone-ac-120v-240v-heater-100x100mm-100w,Silicone AC 120V/240V Heater 100x100mm 100W,Buildplate,recommended,keenovo.store,Keenovo,https://keenovo.store/collections/standard-keenovo-silicone-heaters/products/keenovo-square-silicone-heater-3d-printer-build-plate-heatbed-heating-pad?variant=8324020666423,,,voron-0
buildplate.silicone-ac-120v-240v-heater-100x100mm-100w,Silicone AC 120V/240V Heater 100x100mm 100W,Buildplate,alternative,AliExpress,Magicstudio,https://www.aliexpress.com/item/4000924227913.html,,,voron-0
buildplate.silicone-ac-heater-200x200mm,Silicone AC Heater 200x200mm,Buildplate,recommended,keenovo.store,Keenovo (120v),https://keenovo.store/collections/standard-keenovo-silicone-heaters/products/keenovo-square-silicone-heater-3d-printer-build-plate-heatbed-heating-pad?variant=8324020731959,,,voron-2.4 voron-trident voron-1.8 voron-1.6.2 voron-2.2
buildplate.silicone-ac-heater-200x200mm,Silicone AC Heater 200x200mm,Buildplate,alternative,keenovo.store,Keenovo (220v),https://keenovo.store/collections/standard-keenovo-silicone-heaters/products/keenovo-square-silicone-heater-3d-printer-build-plate-heatbed-heating-pad?variant=8324020764727,,,voron-2.4 voron-trident voron-1.8 voron-1.6.2 voron-2.2
buildplate.silicone-ac-heater-240x240mm,Silicone AC Heater 240x240mm,Buildplate,recommended,keenovo.store,Keenovo (120v),https://keenovo.store/collections/standard-keenovo-silicone-heaters/products/keenovo-square-silicone-heater-3d-printer-build-plate-heatbed-heating-pad?variant=8324020928567,,,voron-trident voron-1.8 voron-2.2
buildplate.silicone-ac-heater-240x240mm,Silicone AC Heater 240x240mm,Buildplate,alternative,keenovo.store,Keenovo (220v),https://keenovo.store/collections/standard-keenovo-silicone-heaters/products/keenovo-square-silicone-heater-3d-printer-build-plate-heatbed-heating-pad?variant=8324020961335,,,voron-trident voron-1.8 voron-2.2
buildplate.silicone-ac-heater-250x250mm,Silicone AC Heater 250x250mm,Buildplate,recommended,keenovo.store,Keenovo (120v),https://keenovo.store/collections/standard-keenovo-silicone-heaters/products/keenovo-square-silicone-heater-3d-printer-build-plate-heatbed-heating-pad?variant=8324020928567,,,voron-2.4
buildplate.silicone-ac-heater-250x250mm,Silicone AC Heater 250x250mm,Buildplate,alternative,keenovo.store,Keenovo (220v),https://keenovo.store/collections/standard-keenovo-silicone-heaters/products/keenovo-square-silicone-heater-3d-printer-build-plate-heatbed-heating-pad?variant=8324020961335,,,voron-2.4
buildplate.silicone-ac-heater-300x300mm,Silicone AC Heater 300x300mm,Buildplate,recommended,keenovo.store,Keenovo (120v),https://keenovo.store/collections/standard-keenovo-silicone-heaters/products/keenovo-square-silicone-heater-3d-printer-build-plate-heatbed-heating-pad?variant=8324021092407,,,voron-2.4 voron-trident voron-2.2
buildplate.silicone-ac-heater-300x300mm,Silicone AC Heater 300x300mm,Buildplate,alternative,keenovo.store,Keenovo (220v),https://keenovo.store/collections/standard-keenovo-silicone-heaters/products/keenovo-square-silicone-heater-3d-printer-build-plate-heatbed-heating-pad?variant=8324021125175,,,voron-2.4 voron-trident voron-2.2
buildplate.silicone-dc-24v-heater-100x100mm-60w,Silicone DC 24V Heater 100x100mm 60W,Buildplate,recommended,keenovo.store,Keenovo,https://keenovo.store/collections/standard-keenovo-silicone-heaters/products/keenovo-square-silicone-heater-3d-printer-build-plate-heatbed-heating-pad?variant=33194097803404,,,voron-0.2 voron-0.1
buildplate.spring-steel-bed-kit-with-pei-and-magnet,Spring Steel Bed Kit with PEI and Magnet,Buildplate,recommended,AliExpress,Aliexpress | Normal PEI,https://www.aliexpress.com/item/32990786969.html,,https://s.click.aliexpress.com/e/DxeGsT3E https://s.click.aliexpress.com/e/rmMnnj2o https://s.click.aliexpress.com/e/KaNFsCWk,optional-parts
buildplate.spring-steel-bed-kit-with-pei-and-magnet,Spring Steel Bed Kit with PEI and Magnet,Buildplate,recommended/alternative,AliExpress,Normal PEI | Powdercoated PEI,https://www.aliexpress.com/item/33057100422.html,,https://s.click.aliexpress.com/e/Ert8fuDw https://s.click.aliexpress.com/e/4P2hETlQ,optional-parts
buildplate.spring-steel-bed-kit-with-pei-and-magnet,Spring Steel Bed Kit with PEI and Magnet,Buildplate,alternative,AliExpress,Powdercoated PEI,https://www.aliexpress.com/item/4000138916012.html,,https://s.click.aliexpress.com/e/3OWZIFYG https://s.click.aliexpress.com/e/nyUl7eys,optional-parts
buildplate.spring-steel-flex-buildplate-120x120mm-optional,Spring Steel Flex Buildplate 120x120mm (OPTIONAL),Buildplate,recommended,AliExpress,Aliexpress,https://s.click.aliexpress.com/e/_dXbCEmC,yes,,voron-0.2 voron-0 voron-0.1
buildplate.yellow-die-springs-8x4x20mm,yellow die springs 8x4x20mm,Buildplate,recommended/budget,AliExpress,Aliexpress,https://s.click.aliexpress.com/e/_dUTJIFD,yes,,voron-0.2 voron-0 voron-0.1
buildplate.yellow-die-springs-8x4x20mm,yellow die springs 8x4x20mm,Buildplate,recommended/alternative,AliExpress,Aliexpress,https://www.aliexpress.com/item/4000009273908.html,,,voron-1.8
buildplate.yellow-die-springs-8x4x20mm,yellow die springs 8x4x20mm,Buildplate,alternative,Amazon,Amazon [Affilaite Link] | Amazon [Affiliate Link],https://amzn.to/2KGsHzJ,yes,,voron-0.2 voron-0 voron-0.1 voron-1.8
cables.10x11-cable-chain-openable-1m,10x11 Cable Chain - Openable (1m),Cables,alternative,AliExpress,Aliexpress,https://www.aliexpress.com/item/33000014666.html,,,voron-switchwire
cables.10x11-cable-chain-openable-1m,10x11 Cable Chain - Openable (1m),Cables,alternative,Amazon,Amazon,https://www.amazon.com/dp/B07QLGWQ1L,,,voron-switchwire
cables.10x11mm-1-meter-with-2-end-sets-2-fixed-end-2-free-end-r18-18mm-radius,"10x11mm - 1 meter with 2 end sets (2 fixed end, 2 free end), R18 (18mm radius)",Cables,recommended,Amazon,Amazon,https://www.amazon.com/dp/B07QLGWQ1L,,,voron-1.8
cables.10x11mm-1-meter-with-2-end-sets-2-fixed-end-2-free-end-r18-18mm-radius,"10x11mm - 1 meter with 2 end sets (2 fixed end, 2 free end), R18 (18mm radius)",Cables,alternative,AliExpress,Aliexpress,https://www.aliexpress.com/item/33000014666.html,,,voron-1.8
cables.10x11mm-1-meter-with-3-end-sets-3-fixed-end-3-free-end-r18-18mm-radius,"10x11mm - 1 meter with 3 end sets (3 fixed end, 3 free end), R18 (18mm radius)",Cables,recommended,Amazon,Amazon,https://www.amazon.com/dp/B07QLGWQ1L,,,voron-trident
cables.10x11mm-1-meter-with-3-end-sets-3-fixed-end-3-free-end-r18-18mm-radius,"10x11mm - 1 meter with 3 end sets (3 fixed end, 3 free end), R18 (18mm radius)",Cables,alternative,AliExpress,Aliexpress,https://www.aliexpress.com/item/33000014666.html,,https://s.click.aliexpress.com/e/_AccRIc,voron-trident
cables.16awg-silicone-cable-10ft-total,16AWG Silicone Cable (10ft total),Cables,alternative,AliExpress,Striveday,https://www.aliexpress.com/item/32793333567.html,,,voron-switchwire
cables.16awg-silicone-cable-10ft-total,16AWG Silicone Cable (10ft total),Cables,alternative,Amazon,Striveday,https://www.amazon.com/dp/B01J3LP1HS,,,voron-switchwire
cables.18awg-ptfe-wire-wire-10ft-total,18AWG PTFE wire wire (10ft total),Cables,recommended,AliExpress,Aliexpress,https://www.aliexpress.com/item/4000703204793.html,,,voron-trident
cables.18awg-silicone-cable-10ft-total,18AWG Silicone Cable (10ft total),Cables,recommended/alternative,Amazon,Striveday,https://www.amazon.com/dp/B01LH1G2IE,,,voron-2.4
cables.18awg-silicone-cable-10ft-total,18AWG Silicone Cable (10ft total),Cables,alternative,AliExpress,Striveday,https://www.aliexpress.com/item/32872395185.html,,https://s.click.aliexpress.com/e/kzE6vJLi,voron-2.4
cables.20awg-ptfe-wire-10ft-total,20AWG PTFE wire (10ft total),Cables,recommended,AliExpress,Aliexpress,https://www.aliexpress.com/item/4000703227416.html,,,voron-trident
cables.20awg-silicone-cable-10ft-total,20AWG Silicone Cable (10ft total),Cables,alternative,AliExpress,Striveday,https://www.aliexpress.com/item/32872395185.html,,https://s.click.aliexpress.com/e/kzE6vJLi,voron-switchwire
cables.20awg-silicone-cable-10ft-total,20AWG Silicone Cable (10ft total),Cables,alternative,Amazon,Striveday,https://www.amazon.com/dp/B01LH1G2IE,,,voron-switchwire
cables.20awg-silicone-cable-25ft-total,20AWG Silicone Cable (25ft total),Cables,recommended,AliExpress,Aliexpress,https://www.aliexpress.com/item/32955538744.html,,,voron-1.8
cables.20awg-silicone-cable-50ft-total,20AWG Silicone Cable (50ft total),Cables,recommended,AliExpress,Aliexpress,https://www.aliexpress.com/item/32955538744.html,,,voron-2.2
cables.22awg-ptfe-wire-100ft-total,22AWG PTFE wire (100ft total),Cables,recommended,AliExpress,AliExpress,https://www.aliexpress.com/item/4000703245035.html,,,voron-trident
cables.22awg-ptfe-wire-250ft-total,22AWG PTFE wire (250ft total),Cables,recommended,AliExpress,AliExpress,https://www.aliexpress.com/item/4000703245035.html,,https://s.click.aliexpress.com/e/_AO1X1S,voron-2.4
cables.24awg-silicone-cable-100ft-total,24AWG Silicone Cable (100ft total),Cables,alternative,AliExpress,Striveday,https://www.aliexpress.com/item/32872395185.html,,https://s.click.aliexpress.com/e/kzE6vJLi,voron-switchwire
cables.24awg-silicone-cable-100ft-total,24AWG Silicone Cable (100ft total),Cables,alternative,Amazon,Striveday,https://www.amazon.com/dp/B01LH1G2IE,,,voron-switchwire
cables.24awg-silicone-cable-120ft-total,24AWG Silicone Cable (120ft total),Cables,recommended,AliExpress,Aliexpress,https://www.aliexpress.com/item/32953105957.html,,,voron-2.2
cables.24awg-silicone-cable-120ft-total,24AWG Silicone Cable (120ft total),Cables,alternative,AliExpress,Striveday,https://www.aliexpress.com/item/32872395185.html,,https://s.click.aliexpress.com/e/kzE6vJLi,voron-2.2
cables.24awg-silicone-cable-120ft-total,24AWG Silicone Cable (120ft total),Cables,alternative,Amazon,Striveday,https://www.amazon.com/dp/B01LH1G2IE,,,voron-2.2
cables.24awg-silicone-cable-50ft-total,24AWG Silicone Cable (50ft total),Cables,recommended,AliExpress,Aliexpress,https://www.aliexpress.com/item/32953105957.html,,,voron-1.8
cables.24awg-silicone-cable-50ft-total,24AWG Silicone Cable (50ft total),Cables,alternative,AliExpress,Striveday,https://www.aliexpress.com/item/32872395185.html,,https://s.click.aliexpress.com/e/kzE6vJLi,voron-1.8
cables.24awg-silicone-cable-50ft-total,24AWG Silicone Cable (50ft total),Cables,alternative,Amazon,Striveday,https://www.amazon.com/dp/B01LH1G2IE,,,voron-1.8
cables.2mmx100mm-zip-ties,2mmx100mm zip ties,Cables,recommended,AliExpress,Aliexpress,https://s.click.aliexpress.com/e/_99um6r,yes,,voron-0.2 voron-0.1
cables.7mm-x-7mm-cable-chain-less-than-1-2-meter-needed,7mm x 7mm cable chain (less than 1/2 meter needed),Cables,recommended,Amazon,Amazon [Affiliate Link],https://amzn.to/2VIUE08,yes,,voron-0.2 voron-0 voron-0.1
cables.dupont-connector-plug-2-position,DuPont Connector Plug 2 Position,Cables,recommended,Digi-Key,Digikey,https://www.digikey.com/product-detail/en/amphenol-icc-fci/65039-035ELF/609-5483-ND/4272534,,,voron-2.2
cables.dupont-connector-plug-3-position,DuPont Connector Plug 3 Position,Cables,recommended,Digi-Key,Digikey,https://www.digikey.com/product-detail/en/amphenol-icc-fci/65039-034ELF/609-5482-ND/4272533,,,voron-2.2
cables.dupont-connector-plug-4-position,DuPont Connector Plug 4 Position,Cables,recommended,Digi-Key,Digikey,https://www.digikey.com/product-detail/en/amphenol-icc-fci/65039-033ELF/609-5481-ND/4272532,,,voron-2.2
cables.dupont-female-pin,Dupont Female Pin,Cables,recommended,Digi-Key,Digikey,https://www.digikey.com/product-detail/en/amphenol-icc-fci/47649-000LF/609-3614-1-ND/2044035,,,voron-2.2
cables.dupont-female-pin,Dupont Female Pin,Cables,alternative,Amazon,Amazon,https://www.amazon.com/dp/B01G0I0ZZK,,https://amzn.to/2l5ZXY8,voron-2.2
cables.fork-spade-terminal,Fork Spade Terminal,Cables,recommended,Digi-Key,Digikey,https://www.digikey.com/products/en,,,voron-2.4 voron-trident voron-1.8 voron-2.2
cables.insulated-crimp-receptical,Insulated Crimp Receptical,Cables,recommended,Digi-Key,Digikey,https://www.digikey.com/products/en,,,voron-2.4 voron-trident voron-1.8 voron-2.2
cables.insulated-crimp-receptical,Insulated Crimp Receptical,Cables,recommended,Digi-Key,Digikey,https://www.digikey.com/product-detail/en/te-connectivity-amp-connectors/2-520181-2/A27804TR-ND/289246,,,voron-0.2 voron-0 voron-0.1
cables.jst-connectors-2pin-3pin-4pin,"JST connectors (2pin,3pin,4pin)",Cables,recommended,Amazon,Amazon [Affiliate Link],https://amzn.to/2W3RSl6,yes,,voron-0
cables.jst-connectors-2pin-3pin-4pin,"JST connectors (2pin,3pin,4pin)",Cables,budget,AliExpress,Aliexpress,https://s.click.aliexpress.com/e/_dXhqMto,yes,,voron-0
cables.jst-connectors-2pin-3pin-4pin-5pin,"JST connectors (2pin,3pin,4pin,5pin)",Cables,recommended,Amazon,Amazon [Affiliate Link],https://amzn.to/2W3RSl6,yes,,voron-0.2 voron-0.1
cables.jst-xh-connector-plug-2-position,JST-XH Connector Plug 2 Position,Cables,recommended,Digi-Key,Digikey,https://www.digikey.com/product-detail/en/amphenol-icc-fci/65039-035ELF/609-5483-ND/4272534,,,voron-1.8
cables.jst-xh-connector-plug-3-position,JST-XH Connector Plug 3 Position,Cables,recommended,Digi-Key,Digikey,https://www.digikey.com/product-detail/en/amphenol-icc-fci/65039-034ELF/609-5482-ND/4272533,,,voron-1.8
cables.jst-xh-connector-plug-4-position,JST-XH Connector Plug 4 Position,Cables,recommended,Digi-Key,Digikey,https://www.digikey.com/product-detail/en/amphenol-icc-fci/65039-033ELF/609-5481-ND/4272532,,,voron-1.8
cables.jst-xh-female-pin,JST-XH Female Pin,Cables,recommended,AliExpress,Aliexpress,https://www.aliexpress.com/item/32963843207.html,,https://s.click.aliexpress.com/e/_dZtuHpY,voron-2.4 voron-trident
cables.jst-xh-female-pin,JST-XH Female Pin,Cables,recommended,Digi-Key,Digikey,https://www.digikey.com/product-detail/en/amphenol-icc-fci/47649-000LF/609-3614-1-ND/2044035,,,voron-1.8
cables.jst-xh-female-pin,JST-XH Female Pin,Cables,alternative,Amazon,Amazon,https://www.amazon.com/dp/B015Y6JOUG,,,voron-2.4 voron-trident voron-switchwire
cables.jst-xh-female-pin,JST-XH Female Pin,Cables,alternative,AliExpress,[Affiliate Link],https://s.click.aliexpress.com/e/_dZtuHpY,yes,,voron-switchwire
cables.jst-xh-female-pin,JST-XH Female Pin,Cables,alternative,Amazon,Amazon,https://www.amazon.com/dp/B01G0I0ZZK,,https://amzn.to/2l5ZXY8,voron-1.8
cables.microfit-connector-plug-2-position-43640-0201,MicroFit Connector Plug 2 Position (43640-0201),Cables,recommended,Digi-Key,Digikey,https://www.digikey.com/products/en,,,voron-2.4 voron-trident voron-1.8 voron-2.2
cables.microfit-connector-plug-3-position-43640-0301,MicroFit Connector Plug 3 Position (43640-0301),Cables,recommended,Digi-Key,Digikey,https://www.digikey.com/products/en,,,voron-2.4 voron-trident voron-1.8 voron-2.2
cables.microfit-connector-plug-4-position-43640-0401,MicroFit Connector Plug 4 Position (43640-0401),Cables,recommended,Digi-Key,Digikey,https://www.digikey.com/products/en,,,voron-2.4 voron-trident voron-1.8 voron-2.2
cables.microfit-connector-plug-8-position-43025-0800,MicroFit Connector Plug 8 Position (43025-0800),Cables,recommended,arrow.com,Arrow,https://www.arrow.com/en/products/43025-0800/molex,,,optional-parts
cables.microfit-connector-receptacle-2-position-43645-0200,MicroFit Connector Receptacle 2 Position (43645-0200),Cables,recommended,Digi-Key,Digikey,https://www.digikey.com/products/en,,,voron-2.4 voron-trident voron-1.8 voron-2.2
cables.microfit-connector-receptacle-3-position-43645-0300,MicroFit Connector Receptacle 3 Position (43645-0300),Cables,recommended,Digi-Key,Digikey,https://www.digikey.com/products/en,,,voron-2.4 voron-trident voron-1.8 voron-2.2
cables.microfit-connector-receptacle-4-position-43645-0400,MicroFit Connector Receptacle 4 Position (43645-0400),Cables,recommended,Digi-Key,Digikey,https://www.digikey.com/products/en,,,voron-2.4 voron-trident voron-1.8 voron-2.2
cables.microfit-connector-receptacle-8-position-43020-0801,MicroFit Connector Receptacle 8 Position (43020-0801),Cables,recommended,arrow.com,Arrow,https://www.arrow.com/en/products/43020-0801/molex,,,optional-parts
cables.microfit3-connector-plug-3-position,MicroFit3 Connector Plug 3 Position,Cables,recommended,Digi-Key,Digikey,https://www.digikey.com/products/en,,,stealthburner
cables.microfit3-connector-receptical-3-position,MicroFit3 Connector Receptical 3 Position,Cables,recommended,Digi-Key,Digikey,https://www.digikey.com/products/en,,,stealthburner
cables.microfit3-dual-row-10circuits-male-female-plug,Microfit3 Dual Row (10circuits) Male & Female Plug,Cables,alternative,arrow.com,Arrow,https://www.arrow.com/en/products/76650-0159/molex,,,voron-0
cables.microfit3-female-pin,MicroFit3 Female Pin,Cables,recommended,Digi-Key,Digikey,https://www.digikey.com/products/en,,,stealthburner
cables.microfit3-female-pin-43030-0007,MicroFit3 Female Pin (43030-0007),Cables,recommended,Digi-Key,Digikey,https://www.digikey.com/products/en,,,voron-2.4 voron-trident voron-1.8 voron-2.2
cables.microfit3-male-female-plugs,Microfit3 Male & Female Plugs,Cables,recommended,Digi-Key,Digikey,https://www.digikey.com/en/products/detail/molex/0766500159/2116044,,,voron-0.2 voron-0.1
cables.microfit3-male-female-plugs,Microfit3 Male & Female Plugs,Cables,alternative,arrow.com,Arrow,https://www.arrow.com/en/products/76650-0159/molex,,,voron-0.2 voron-0.1
cables.microfit3-male-pin,MicroFit3 Male Pin,Cables,recommended,Digi-Key,Digikey,https://www.digikey.com/products/en,,,stealthburner
cables.microfit3-male-pin-43031-0007,MicroFit3 Male Pin (43031-0007),Cables,recommended/alternative,Digi-Key,Digikey | DigiKey,https://www.digikey.com/products/en,,,voron-2.4 voron-trident voron-switchwire voron-1.8 voron-2.2
cables.mlx-female-pin-02-08-1002,MLX Female Pin (02-08-1002),Cables,recommended,Digi-Key,Digikey,https://www.digikey.com/products/en,,,voron-2.4 voron-trident voron-1.8 voron-2.2
cables.mlx-male-pin-02-08-2004,MLX Male Pin (02-08-2004),Cables,recommended,Digi-Key,Digikey,https://www.digikey.com/products/en,,,voron-2.4 voron-trident voron-1.8 voron-2.2
cables.mlx-power-plug-3-position-50-84-1030,MLX Power Plug 3 Position (50-84-1030),Cables,recommended,Digi-Key,Digikey,https://www.digikey.com/products/en,,,voron-2.4 voron-trident voron-1.8 voron-2.2
cables.mlx-power-receptacle-3-position-50-84-2030,MLX Power Receptacle 3 Position (50-84-2030),Cables,recommended,Digi-Key,Digikey,https://www.digikey.com/products/en,,,voron-2.4 voron-trident voron-1.8 voron-2.2
cables.nylon-cable-ties-4,"Nylon Cable Ties 4""",Cables,recommended,Amazon,Amazon,https://www.amazon.com/dp/B01M06HTVH,,https://amzn.to/2mzoRjl,voron-2.4 voron-trident voron-1.8 voron-2.2
cables.nylon-cable-ties-4,"Nylon Cable Ties 4""",Cables,alternative,Amazon,[Affiliate Link],https://amzn.to/2mzoRjl,yes,,voron-switchwire
cables.ptfe-wire-20gauge-10ft,PTFE Wire 20gauge 10ft,Cables,recommended,AliExpress,Aliexpress,https://s.click.aliexpress.com/e/_AfncFO,yes,,voron-0.2 voron-0.1
cables.ptfe-wire-22gauge-100ft-get-5m-of-6-colors-for-30m-total-tin-plated,"PTFE Wire 22gauge 100ft (get 5m of 6 colors for 30m total, tin plated)",Cables,recommended,AliExpress,Aliexpress,https://s.click.aliexpress.com/e/_AfncFO,yes,,voron-0.2 voron-0.1
cables.silicon-wire-24gauge-100ft-individual-strand-length-total-example-25ft-of-4p-wire-100ft,Silicon Wire 24gauge 100ft (individual strand length total [example: 25ft of 4p wire=100ft]),Cables,recommended,AliExpress,Aliexpress,https://s.click.aliexpress.com/e/_dUm7jDS,yes,,voron-0
cables.silicon-wire-24gauge-100ft-individual-strand-length-total-example-25ft-of-4p-wire-100ft,Silicon Wire 24gauge 100ft (individual strand length total [example: 25ft of 4p wire=100ft]),Cables,budget,AliExpress,Aliexpress,https://s.click.aliexpress.com/e/_dTGC7SE,yes,,voron-0
cables.thermal-fuse-125c,Thermal Fuse 125C,Cables,recommended/budget,AliExpress,AliExpress,https://s.click.aliexpress.com/e/_dU6uGpq,yes,,voron-0 voron-0.1
cables.thermal-fuse-150c,Thermal Fuse 150C,Cables,recommended,AliExpress,AliExpress,https://s.click.aliexpress.com/e/_dU6uGpq,yes,,voron-0.2
cables.wire-18gauge-10ft-individual-strand-length-total-example-25ft-of-4p-wire-100ft,Wire 18gauge 10ft (individual strand length total [example: 25ft of 4p wire=100ft]),Cables,recommended,AliExpress,Aliexpress,https://s.click.aliexpress.com/e/_ANOyiL,yes,,voron-0.2 voron-0.1
controller.2-pin-kk-connector-housing,2 Pin KK Connector Housing,Controller,recommended,Digi-Key,Digikey,https://www.digikey.com/products/en,,,optional-parts
controller.2-pin-kk-connector-housing,2 Pin KK Connector Housing,Controller,alternative,AliExpress,Aliexpress,https://www.aliexpress.com/item/32699021641.html,,https://s.click.aliexpress.com/e/rj7xkF04,optional-parts
controller.3-pin-kk-connector-housing,3 Pin KK Connector Housing,Controller,recommended,Digi-Key,Digikey,https://www.digikey.com/products/en,,,optional-parts
controller.4-pin-kk-connector-housing,4 Pin KK Connector Housing,Controller,recommended,Digi-Key,Digikey,https://www.digikey.com/products/en,,,optional-parts
controller.5-pin-kk-connector-housing,5 Pin KK Connector Housing,Controller,recommended,Digi-Key,Digikey,https://www.digikey.com/products/en,,,optional-parts
controller.6-stepper-controller-or-multiple-to-equal-6-steppers,6 Stepper Controller (or multiple to equal 6+ steppers),Controller,recommended,AliExpress,Aliexpress (FYSETC),https://www.aliexpress.com/item/1005002324070189.html,,https://s.click.aliexpress.com/e/_Aeeig4,voron-trident
controller.6-stepper-controller-or-multiple-to-equal-6-steppers,6 Stepper Controller (or multiple to equal 6+ steppers),Controller,alternative,AliExpress,Aliexpress (BTT),https://www.aliexpress.com/item/1005002611654405.html,,https://s.click.aliexpress.com/e/_A5y24k,voron-trident
controller.a4988-stepper-motor-driver,A4988 Stepper Motor Driver,Controller,recommended,Zyltech,Zyltech,https://www.zyltech.com/ramps-1-4-3d-printer-controller-mega-2560-atmega16u2-atmega2560-5x-a4988-2a-drivers,,,voron-1.6.2
controller.a4988-stepper-motor-driver,A4988 Stepper Motor Driver,Controller,alternative,AliExpress,Fysetc,https://www.aliexpress.com/item/32848965946.html,,https://s.click.aliexpress.com/e/dwLwtM7O https://s.click.aliexpress.com/e/Dfsbf1zA,voron-1.6.2 voron-2.2
controller.arduino-mega-2560,Arduino Mega 2560,Controller,recommended,Zyltech,Zyltech,https://www.zyltech.com/ramps-1-4-3d-printer-controller-mega-2560-atmega16u2-atmega2560-5x-a4988-2a-drivers,,,voron-2.2
controller.arduino-mega-2560,Arduino Mega 2560,Controller,alternative,AliExpress,AliExpress,https://www.aliexpress.com/item/32913167217.html,,https://s.click.aliexpress.com/e/lmwjkE8o https://s.click.aliexpress.com/e/nmBEDWOM,voron-1.6.2 voron-2.2
controller.bigtree-skr-1-4,Bigtree SKR 1.4,Controller,recommended,AliExpress,Aliexpress,https://www.aliexpress.com/item/4000470048293.html,,,optional-parts
controller.duet-2-duex5,Duet 2 - Duex5,Controller,recommended,AliExpress,Aliexpress,https://www.aliexpress.com/item/32888952843.html,,https://s.click.aliexpress.com/e/2xNW6GwU,optional-parts
controller.duet-2-duex5,Duet 2 - Duex5,Controller,alternative,Filastruder,Filastruder,https://www.filastruder.com/collections/electronics/products/duex2-and-duex-5-expansion-board,,,optional-parts
controller.duet-2-pt100-daughter-board,Duet 2 - PT100 Daughter Board,Controller,recommended,AliExpress,Aliexpress,https://www.aliexpress.com/item/32880076289.html,,https://s.click.aliexpress.com/e/lYwkoQrW,optional-parts
controller.duet-2-pt100-daughter-board,Duet 2 - PT100 Daughter Board,Controller,alternative,Filastruder,Filastruder,https://www.filastruder.com/collections/electronics/products/temperature-sensor-boards-for-duet,,,optional-parts
controller.duet-2-wifi,Duet 2 Wifi,Controller,recommended,AliExpress,Aliexpress,https://www.aliexpress.com/item/32880072214.html,,https://s.click.aliexpress.com/e/45PZubCc,optional-parts
controller.duet-2-wifi,Duet 2 Wifi,Controller,alternative,Filastruder,Filastruder,https://www.filastruder.com/collections/electronics/products/duet-wifi,,,optional-parts
controller.duet-maestro,Duet Maestro,Controller,recommended,AliExpress,Aliexpress,https://www.aliexpress.com/item/32947221310.html,,https://s.click.aliexpress.com/e/o13WMHVe,optional-parts
controller.duet-maestro,Duet Maestro,Controller,alternative,Filastruder,Filastruder,https://www.filastruder.com/collections/electronics/products/duet-2-maestro,,,optional-parts
controller.duet-maestro-expansion-board,Duet Maestro Expansion Board,Controller,recommended,AliExpress,Aliexpress,https://www.aliexpress.com/item/4000084426106.html,,https://s.click.aliexpress.com/e/BY1W9KKU,optional-parts
controller.duet-maestro-expansion-board,Duet Maestro Expansion Board,Controller,alternative,Filastruder,Filastruder,https://www.filastruder.com/collections/electronics/products/duet-maestro-expansion-board,,,optional-parts
controller.fysetc-mini12864-display-type-b,FYSETC mini12864 Display (Type B),Controller,recommended,AliExpress,Aliexpress (FYSETC),https://www.aliexpress.com/item/32980210325.html,,https://s.click.aliexpress.com/e/_dUYlfGD,voron-trident voron-1.8
controller.jst-crimp-pin-22-28awg,JST Crimp Pin (22-28AWG),Controller,recommended,Digi-Key,Digikey,https://www.digikey.com/product-detail/en/jst-sales-america-inc/SXH-001T-P0.6/455-1135-1-ND/527370,,,optional-parts
controller.jst-xhp-2-housing,JST XHP-2 Housing,Controller,recommended,Digi-Key,Digikey,https://www.digikey.com/product-detail/en/jst-sales-america-inc/XHP-2/455-2266-ND/555485,,,optional-parts
controller.jst-xhp-2-housing,JST XHP-2 Housing,Controller,alternative,AliExpress,Aliexpress,https://www.aliexpress.com/item/32959016223.html,,,optional-parts
controller.jst-xhp-3-housing,JST XHP-3 Housing,Controller,recommended,Digi-Key,Digikey,https://www.digikey.com/product-detail/en/jst-sales-america-inc/XHP-3/455-2219-ND/1651017,,,optional-parts
controller.jst-xhp-4-housing,JST XHP-4 Housing,Controller,recommended,Digi-Key,Digikey,https://www.digikey.com/product-detail/en/jst-sales-america-inc/XHP-4/455-2267-ND/683353,,,optional-parts
controller.kk-crimp-pin,KK Crimp Pin,Controller,recommended,Digi-Key,Digikey,https://www.digikey.com/product-detail/en/molex/0008500113/WM1114CT-ND/467980,,,optional-parts
controller.longer-display-cables-60cm,Longer Display Cables (60cm),Controller,recommended,AliExpress,Aliexpress,https://www.aliexpress.com/item/32883311114.html,,,voron-1.8
controller.micro-usb-power-cable,Micro USB Power Cable,Controller,recommended,Amazon,Amazon,https://www.amazon.com/dp/B012VWH6PQ,,,voron-1.6.2 voron-2.2
controller.microsd-card,MicroSD Card,Controller,recommended,Amazon,Amazon (64gb),https://www.amazon.com/dp/B073JYVKNX,,,voron-2.4 voron-1.6.2 voron-2.2
controller.microsd-card,MicroSD Card,Controller,recommended,Amazon,Amazon (32gb),https://www.amazon.com/dp/B0749KG1JK,,,voron-trident voron-1.8
controller.microsd-card,MicroSD Card,Controller,alternative,Amazon,Affiliate Link,https://amzn.to/2PDYXWX,yes,,voron-switchwire
controller.mini-12864-display-type-b,Mini 12864 Display (Type B),Controller,recommended,AliExpress,Fysetc,https://www.aliexpress.com/item/32980210325.html,,https://s.click.aliexpress.com/e/_d7ByDeP,voron-2.4
controller.mini-12864-display-type-b,Mini 12864 Display (Type B),Controller,alternative,AliExpress,[Affiliate Link],https://s.click.aliexpress.com/e/_d7ByDeP,yes,,voron-switchwire
controller.ramps-1-4,RAMPs 1.4,Controller,recommended,Zyltech,Zyltech,https://www.zyltech.com/ramps-1-4-3d-printer-controller-mega-2560-atmega16u2-atmega2560-5x-a4988-2a-drivers,,,voron-1.6.2
controller.raspberry-pi-4-2gb,Raspberry Pi 4 2GB,Controller,recommended,arrow.com,Arrow,https://www.arrow.com/en/products/raspberrypi4-2gb/raspberry-pi-foundation,,,voron-trident voron-1.8
controller.raspberry-pi-4-2gb,Raspberry Pi 4 2GB,Controller,alternative,Amazon,Amazon,https://www.amazon.com/dp/B07TD42S27,,,voron-trident voron-1.8
controller.raspberrypi3-b,RaspberryPi3 B+,Controller,recommended,arrow.com,Arrow,https://www.arrow.com/en/products/raspberrypi3b/raspberry-pi-foundation,,,voron-1.6.2
controller.raspberrypi3-b-dont-get-a-4-they-have-issues,"RaspberryPi3 B+ (dont get a 4, they have issues)",Controller,recommended,arrow.com,Arrow,https://www.arrow.com/en/products/raspberrypi3b/raspberry-pi-foundation,,,voron-2.2
controller.raspberrypi4,RaspberryPi4,Controller,recommended,arrow.com,Arrow,https://www.arrow.com/en/products/raspberrypi4/raspberry-pi-foundation,,,voron-2.4
controller.reprap-full-graphics-display,RepRap Full Graphics Display,Controller,recommended/alternative,AliExpress,Fysetc,https://www.aliexpress.com/item/32851642822.html,,https://s.click.aliexpress.com/e/pqgskdNI https://s.click.aliexpress.com/e/nUxz35FK,voron-1.6.2 voron-2.2
controller.reprap-full-graphics-display,RepRap Full Graphics Display,Controller,alternative/recommended,Zyltech,Zyltech,https://www.zyltech.com/genuine-zyltech-ramps-1-4-3d-printer-12864-lcd-smart-controller,,,voron-1.6.2 voron-2.2
controller.skr-1-4,SKR 1.4,Controller,recommended,AliExpress,BIGTREETECH,https://www.aliexpress.com/item/4000470048293.html,,,voron-2.4
controller.skr-1-4,SKR 1.4,Controller,recommended/alternative,AliExpress,Kit (SKR 1.4 + 5 TMC 2209 Drivers) | Just the Board (SKR 1.4),https://www.aliexpress.com/item/4000474140713.html,,https://s.click.aliexpress.com/e/_dZMQYRT https://s.click.aliexpress.com/e/_d7JJtiz,voron-1.8
controller.skr-1-4,SKR 1.4,Controller,alternative,Amazon,Amazon,https://smile.amazon.com/BIQU-Printer-Smoothieboard-Compatible-Ramps1-4/dp/B082HCFL34,,,voron-2.4
controller.tmc-2209-drivers,TMC 2209 Drivers,Controller,alternative,AliExpress,Just the Drivers (TMC 2209),https://www.aliexpress.com/item/33047241001.html,,https://s.click.aliexpress.com/e/_dW2vIwt,voron-1.8
controller.tmc2209-stepper-motor-driver,TMC2209 Stepper Motor Driver,Controller,recommended,AliExpress,BIGTREETECH,https://www.aliexpress.com/item/33029587820.html,,https://s.click.aliexpress.com/e/_dUlA1Bk,voron-2.4
controller.tmc2209-stepper-motor-driver,TMC2209 Stepper Motor Driver,Controller,alternative,Amazon,Amazon,https://www.amazon.com/dp/B07W5S3KVF,,https://amzn.to/3kzV6bz,voron-2.4
controller.tmc2209-stepsticks-for-skr-1-3,TMC2209 Stepsticks for SKR 1.3,Controller,recommended,AliExpress,Aliexpress,https://www.aliexpress.com/item/4000206288948.html,,https://s.click.aliexpress.com/e/38lTe6y0,optional-parts
controller.tmc2209-stepsticks-for-skr-1-3,TMC2209 Stepsticks for SKR 1.3,Controller,alternative,Amazon,Amazon,https://www.amazon.com/dp/B07W5S3KVF,,https://amzn.to/33MNSri,optional-parts
controller.usb-c-power-cable,USB C Power Cable,Controller,recommended,Amazon,Amazon,https://www.amazon.com/dp/B01GGKYKQM,,,voron-2.4
electronics.120x120x15-fan-12v-rear-can-use-120x120x25-fan,120x120x15 Fan (12V) (Rear can use 120x120x25 Fan),Electronics,recommended,Amazon,Amazon,https://smile.amazon.com/Silverstone-Professional-Fine-Tuned-Performance-FW121/dp/B00NOTVCUQ,,https://amzn.to/2l0UXE0,voron-1.6.2 voron-2.2
electronics.24v-heater-cartridge-slim-wires,24V Heater Cartridge (slim wires),Electronics,recommended,Amazon,Amazon [Affiliate Link],https://amzn.to/2VJlFAu,yes,,voron-0.2 voron-0 voron-0.1
electronics.3007-axial-fan-5v-min-3-5cfm,3007 axial fan 5V (min 3.5CFM),Electronics,recommended,Digi-Key,Digikey,https://www.digikey.com/en/products/detail/sunon-fans/4127-MF30060V1-1000U-A99/9838567,,,voron-0.1
electronics.3007-axial-fan-5v-min-3-5cfm,3007 axial fan 5V (min 3.5CFM),Electronics,alternative,Digi-Key,Digikey,https://www.digikey.com/en/products/detail/delta-electronics/ASB0305HP-00CP4/7403227,,,voron-0.1
electronics.3010-axial-fan-24v,3010 axial fan 24v,Electronics,recommended,AliExpress,Aliexpress,https://s.click.aliexpress.com/e/_DkCBTgT,yes,,voron-0.2
electronics.3010-axial-fan-24v,3010 axial fan 24v,Electronics,alternative/budget,AliExpress,gdstime ali | Aliexpress,https://s.click.aliexpress.com/e/_d7Kb0ms,yes,,voron-0
electronics.3010-axial-fan-24v,3010 axial fan 24v,Electronics,alternative,Digi-Key,Digikey,https://www.digikey.com/en/products/detail/mechatronics-fan-group/MR3010H05B1-RSR/7605851,,,voron-0.2
electronics.3010-blower-fans-24v,3010 blower fans 24V,Electronics,alternative/recommended,AliExpress,gdstime ali | Aliexpress,https://s.click.aliexpress.com/e/_d8S7D6y,yes,,voron-0 voron-0.1
electronics.3010-blower-fans-24v,3010 blower fans 24V,Electronics,recommended/alternative,AliExpress,Aliexpress,https://s.click.aliexpress.com/e/_DlbccTf,yes,,voron-0.2
electronics.3010-blower-fans-24v,3010 blower fans 24V,Electronics,alternative,Digi-Key,Digikey (5v),https://www.digikey.com/en/products/detail/delta-electronics/BFB0305HHA-C/11563392,,,voron-0.2
electronics.3010-blower-fans-24v,3010 blower fans 24V,Electronics,budget,AliExpress,Aliexpress,https://s.click.aliexpress.com/e/_d9eOyxH,yes,,voron-0
electronics.3m-5952-vhb-tape-20mm-or-so-is-good,3M 5952 VHB tape (20mm or so is good),Electronics,recommended,AliExpress,Aliexpress,https://s.click.aliexpress.com/e/_DknVHRP,yes,,voron-0.2
electronics.4010-axial-fan,4010 Axial Fan,Electronics,recommended,AliExpress,Aliexpress,https://www.aliexpress.com/item/32727867521.html,,,stealthburner
electronics.4010-axial-fan,4010 Axial Fan,Electronics,alternative,AliExpress,Aliexpress,https://s.click.aliexpress.com/e/_d8MBoAW,yes,,stealthburner
electronics.4010-axial-fan,4010 Axial Fan,Electronics,alternative,Amazon,Amazon,https://www.amazon.com/dp/B07WWJF4LG,,,stealthburner
electronics.40w-heater-cartridge,40w Heater Cartridge,Electronics,recommended,AliExpress,Aliexpress,https://www.aliexpress.com/item/32815934251.html,,https://s.click.aliexpress.com/e/FfRqlrTa,optional-parts
electronics.40x40x10-axial-fan,40x40x10 Axial Fan,Electronics,recommended,AliExpress,GDSTIME (Aliexpress),https://www.aliexpress.com/item/32727867521.html,,https://s.click.aliexpress.com/e/_d8MBoAW,afterburner
electronics.40x40x10-axial-fan,40x40x10 Axial Fan,Electronics,alternative,Amazon,Amazon,https://www.amazon.com/dp/B07WWJF4LG,,,afterburner
electronics.40x40x10-axial-fan-24v,40x40x10 Axial Fan (24V),Electronics,recommended,AliExpress,Aliexpress,https://www.aliexpress.com/item/32868163248.html,,https://s.click.aliexpress.com/e/_AUbIY8,voron-trident voron-1.8
electronics.40x40x10-axial-fan-24v,40x40x10 Axial Fan (24V),Electronics,alternative,Amazon,Amazon,https://www.amazon.com/dp/B07WWJF4LG,,,voron-trident voron-1.8
electronics.40x40x10-axial-fan-ball-bearing-24v,40x40x10 Axial Fan- Ball Bearing (24V),Electronics,recommended,AliExpress,GDSTIME,https://www.aliexpress.com/item/32726640438.html,,https://s.click.aliexpress.com/e/_d8MBoAW,voron-2.4
electronics.40x40x10-axial-fan-ball-bearing-24v,40x40x10 Axial Fan- Ball Bearing (24V),Electronics,alternative,Amazon,Amazon,https://www.amazon.com/dp/B07DB5H6K1,,,voron-2.4 voron-switchwire
electronics.40x40x10-axial-fan-ball-bearing-24v,40x40x10 Axial Fan- Ball Bearing (24V),Electronics,alternative,AliExpress,[Affiliate Link],https://s.click.aliexpress.com/e/_d8MBoAW,yes,,voron-switchwire
electronics.40x40x10-centrifugal-blower-fan-12v,40x40x10 Centrifugal Blower Fan (12V),Electronics,recommended,Digi-Key,Digikey,https://www.digikey.com/product-detail/en/delta-electronics/BFB0412HHA-A117/603-1840-ND/5022816,,,voron-1.6.2 voron-2.2
electronics.40x40x10-centrifugal-blower-fan-12v,40x40x10 Centrifugal Blower Fan (12V),Electronics,alternative,AliExpress,AliExpress,https://www.aliexpress.com/item/32798634077.html,,https://s.click.aliexpress.com/e/NwIXaHhO https://s.click.aliexpress.com/e/2L4yMi7O,voron-1.6.2 voron-2.2
electronics.40x40x20-axial-fan-12v,40x40x20 Axial Fan (12V),Electronics,recommended,Digi-Key,Digikey (12v),https://www.digikey.com/product-detail/en/delta-electronics/EFB0412HD/603-1009-ND/1014340,,,voron-1.6.2
electronics.40x40x20-axial-fan-12v,40x40x20 Axial Fan (12V),Electronics,recommended,Digi-Key,Digikey (12v),https://www.digikey.com/product-detail/en/delta-electronics/EFB0412HD-F00/603-1396-ND/2560520,,,voron-2.2
electronics.40x40x20-axial-fan-12v,40x40x20 Axial Fan (12V),Electronics,alternative,Digi-Key,Digikey (24v),https://www.digikey.com/products/en,,,voron-1.6.2 voron-2.2
electronics.40x40x20-centrifugal-blower-fan-24v,40x40x20 Centrifugal Blower Fan (24V),Electronics,recommended,AliExpress,Aliexpress,https://www.aliexpress.com/item/32867138904.html,,,voron-1.8
electronics.40x40x20-centrifugal-blower-fan-24v,40x40x20 Centrifugal Blower Fan (24V),Electronics,alternative,Amazon,Amazon,https://www.amazon.com/dp/B07L2XZKS7,,,voron-1.8
electronics.40x40x20-centrifugal-blower-fan-ball-bearing-24v,40x40x20 Centrifugal Blower Fan - Ball Bearing (24V),Electronics,recommended,AliExpress,GDSTIME,https://www.aliexpress.com/item/1005001464730686.html,,https://s.click.aliexpress.com/e/_dZ3Fq0i,voron-2.4
electronics.40x40x20-centrifugal-blower-fan-ball-bearing-24v,40x40x20 Centrifugal Blower Fan - Ball Bearing (24V),Electronics,alternative,Amazon,Amazon,https://www.amazon.com/dp/B07L2YH79Y,,,voron-2.4 voron-switchwire
electronics.40x40x20-centrifugal-blower-fan-ball-bearing-24v,40x40x20 Centrifugal Blower Fan - Ball Bearing (24V),Electronics,alternative,AliExpress,[Affiliate Link],https://s.click.aliexpress.com/e/_dZ3Fq0i,yes,,voron-switchwire
electronics.40x40x20-radial-fan-blower,40x40x20 Radial Fan (Blower),Electronics,recommended,AliExpress,GDSTIME (Aliexpress),https://www.aliexpress.com/item/1005001464730686.html,,https://s.click.aliexpress.com/e/_dZ3Fq0i,afterburner
electronics.40x40x20-radial-fan-blower,40x40x20 Radial Fan (Blower),Electronics,alternative,Amazon,Amazon,https://www.amazon.com/dp/B07L2XZKS7,,,afterburner
electronics.50w-heater-cartridge,50w Heater Cartridge,Electronics,recommended,sliceengineering.com,Slice Engineering,https://www.sliceengineering.com/shop/50w-heater-cartridge,,,optional-parts
electronics.50w-heater-cartridge,50w Heater Cartridge,Electronics,alternative,AliExpress,Aliexpress,https://www.aliexpress.com/item/32960167491.html,,https://s.click.aliexpress.com/e/tm9T4aDE,optional-parts
electronics.60x60x20-axial-fan-24v,60x60x20 Axial Fan (24V),Electronics,recommended,Digi-Key,DigiKey,https://www.digikey.com/product-detail/en/orion-fans/OD6020-24HB/1053-1234-ND/2621139,,,voron-2.4 voron-trident voron-1.8
electronics.60x60x20-axial-fan-24v,60x60x20 Axial Fan (24V),Electronics,alternative,AliExpress,GDSTIME,https://www.aliexpress.com/item/32899594270.html,,https://s.click.aliexpress.com/e/_d67FlLy https://s.click.aliexpress.com/e/_9i7U7w,voron-2.4 voron-trident voron-switchwire voron-1.8
electronics.60x60x20-axial-fan-24v,60x60x20 Axial Fan (24V),Electronics,alternative,Amazon,Amazon,https://www.amazon.com/dp/B08577444D,,,voron-2.4 voron-trident voron-switchwire voron-1.8
electronics.ac-inlet,AC Inlet,Electronics,recommended,Digi-Key,Digikey,https://www.digikey.com/en/products/detail/adam-tech/IEC-GS-1-100/9831135,,,voron-0.1
electronics.bat85-diode,BAT85 Diode,Electronics,recommended,Digi-Key,DigiKey,https://www.digikey.com/product-detail/en/BAT85S-TR/BAT85SCT-ND/3104371,,,voron-2.4 voron-trident voron-1.8 voron-1.6.2 voron-2.2
electronics.battery-backup-110v-us-only-1500va-900w,Battery Backup (110V US Only) (1500VA/900w),Electronics,recommended,Amazon,Amazon,https://www.amazon.com/dp/B000FBK3QK,,https://amzn.to/2OvQeqc,optional-parts
electronics.battery-backup-110v-us-only-1500va-900w,Battery Backup (110V US Only) (1500VA/900w),Electronics,alternative,Amazon,Amazon,https://www.amazon.com/dp/B07RWMLKFM,,,optional-parts
electronics.bigtreetech-skr-mini-e3-v1-2-or-v2,Bigtreetech SKR mini E3 (v1.2 or v2),Electronics,recommended/budget,AliExpress,Aliexpress,https://s.click.aliexpress.com/e/_d6jtsAC,yes,,voron-0
electronics.bigtreetech-skr-mini-e3-v1-2-or-v2,Bigtreetech SKR mini E3 (v1.2 or v2),Electronics,non_affiliate,AliExpress,Aliexpress,https://www.aliexpress.com/item/33042554065.html,,,voron-0
electronics.bigtreetech-skr-mini-e3-v2,Bigtreetech SKR mini E3 (v2),Electronics,recommended,AliExpress,Aliexpress,https://s.click.aliexpress.com/e/_9yHMVF,yes,,voron-0.1
electronics.bigtreetech-skr-mini-e3-v2,Bigtreetech SKR mini E3 (v2),Electronics,alternative,AliExpress,Aliexpress,https://www.aliexpress.com/item/33042554065.html,,,voron-0.1
electronics.bigtreetech-skr-pico,Bigtreetech SKR Pico,Electronics,recommended,AliExpress,Aliexpress,https://s.click.aliexpress.com/e/_DcyyjH5,yes,,voron-0.2
electronics.bigtreetech-skr-pico,Bigtreetech SKR Pico,Electronics,alternative,AliExpress,Aliexpress,https://www.aliexpress.com/item/33042554065.html,,,voron-0.2
electronics.c13-power-cord,C13 Power Cord,Electronics,recommended,Amazon,Amazon,https://www.amazon.com/dp/B072LNKHBB,,,voron-trident voron-1.8 voron-1.6.2 voron-2.2
electronics.c13-power-cord-with-inline-switch,C13 Power Cord with Inline Switch,Electronics,recommended/budget,AliExpress,Aliexpress,https://s.click.aliexpress.com/e/_dTDjOmA,yes,,voron-0
electronics.c13-power-cord-with-inline-switch,C13 Power Cord with Inline Switch,Electronics,non_affiliate,AliExpress,Aliexpress,https://www.aliexpress.com/item/4000353269786.html,,,voron-0
electronics.camera-for-octoprint,Camera (for Octoprint),Electronics,recommended,Amazon,Logitech C930e,https://www.amazon.com/dp/B00CRJWW2G,,https://amzn.to/2IxfKaS,optional-parts
electronics.camera-for-octoprint,Camera (for Octoprint),Electronics,alternative,Amazon,Logitech C270,https://www.amazon.com/dp/B004FHO5Y6,,https://amzn.to/2OsBUik,optional-parts
electronics.crydom-ed24d3-ssr,Crydom ED24D3 SSR,Electronics,recommended,Digi-Key,Digikey,https://www.digikey.com/product-detail/en/sensata-crydom/ED24D3/CC1825-ND/2665173,,,voron-0
electronics.crydom-ed24d3-ssr,Crydom ED24D3 SSR,Electronics,alternative,Mouser,Mouser,https://www.mouser.com/ProductDetail/Crydom/ED24D3?qs=C7H2C2ytqFX%2Fs1r7lyp2Iw%3D%3D,,,voron-0
electronics.dc-dc-psu-buck-converter-24v-to-5v,DC/DC PSU/buck converter - 24V to 5V,Electronics,recommended,Amazon,Amazon [Affiliate Link],https://amzn.to/2KIBNMw,yes,,voron-0.2 voron-0 voron-0.1
electronics.dc-dc-psu-buck-converter-24v-to-5v,DC/DC PSU/buck converter - 24V to 5V,Electronics,alternative,AliExpress,Aliexpress,https://s.click.aliexpress.com/e/_dTqN7aZ,yes,,voron-0.2 voron-0 voron-0.1
electronics.dc-dc-psu-buck-converter-24v-to-5v,DC/DC PSU/buck converter - 24V to 5V,Electronics,budget,AliExpress,Aliexpress,https://s.click.aliexpress.com/e/_Bfg1Siru,yes,,voron-0
electronics.din-rail,DIN Rail,Electronics,recommended,Digi-Key,Digikey,https://www.digikey.com/en/products/detail/idec/BAA1000/8344276,,,voron-2.4
electronics.dragon-fly-bmo-hotend,Dragon Fly BMO Hotend,Electronics,recommended,AliExpress,Aliexpress,https://s.click.aliexpress.com/e/_9ht8Ir,yes,,voron-0.2 voron-0.1
electronics.dragon-hotend,Dragon Hotend,Electronics,recommended,AliExpress,Aliexpress,https://www.aliexpress.com/item/1005002477263672.html,,,voron-0 voron-0.1
electronics.e3d-revo-voron,E3D Revo VORON,Electronics,recommended,E3D,E3D,https://e3d-online.com/products/revo-voron,,,voron-0.2
electronics.e3d-v6-bowden-hotend-kit-24v,E3D V6 Bowden Hotend Kit (24V),Electronics,recommended,AliExpress,Trianglelab,https://www.aliexpress.com/item/32844028127.html,,https://s.click.aliexpress.com/e/_A3iL6c https://s.click.aliexpress.com/e/_dUgYDyZ,voron-trident voron-1.8
electronics.e3d-v6-bowden-hotend-kit-24v,E3D V6 Bowden Hotend Kit (24V),Electronics,alternative,Filastruder,Filastruder,https://www.filastruder.com/products/all-metal-e3d-v6-hotend,,,voron-trident voron-1.8
electronics.e3d-v6-bowden-hotend-kit-24v,E3D V6 Bowden Hotend Kit (24V),Electronics,alternative,Printed Solid,Printed Solid,https://www.printedsolid.com/products/e3d-hot-end-kit-v6?variant=22124184600661,,,voron-trident
electronics.fuse-2-5a-250v-holder-cartridge-5-x-20mm-glass,Fuse 2.5A 250V Holder Cartridge 5 X 20mm Glass,Electronics,recommended,Digi-Key,Digikey,https://www.digikey.com/en/products/detail/littelfuse-inc/061702-5MXP/5233765,,,voron-0.2 voron-0.1
electronics.fuse-medium-time-delay-acting-4a-250v-holder-cartridge-5-x-20mm-glass,Fuse Medium Time Delay Acting 4A 250V Holder Cartridge 5 X 20mm Glass,Electronics,recommended/alternative,Digi-Key,Digikey,https://www.digikey.com/en/products/detail/littelfuse-inc/0232004-MXP/778023,,,voron-2.4 voron-trident voron-switchwire
electronics.fuse-medium-time-delay-acting-8a-250v-holder-cartridge-5-x-20mm-glass,Fuse Medium Time Delay Acting 8A 250V Holder Cartridge 5 X 20mm Glass,Electronics,recommended,Digi-Key,Digikey,https://www.digikey.com/products/en,,,voron-2.4 voron-trident voron-1.8 voron-1.6.2 voron-2.2
electronics.iec320-c14-inlet,IEC320 C14 inlet,Electronics,recommended,Digi-Key,Digikey,https://www.digikey.com/en/products/detail/adam-tech/IEC-GS-1-100/9831135,,,voron-0.2
electronics.iec320-c14-inlet-push-fit-w-rocker-switch-fuse,IEC320 C14 Inlet - Push-fit - w/ Rocker Switch & Fuse,Electronics,recommended,Digi-Key,See note for PiF Digikey,https://www.digikey.com/en/products/detail/adam-tech/IEC-GS-1-100/9831135,,,voron-2.4
electronics.inductive-probe,Inductive Probe,Electronics,recommended,AliExpress,Aliexpress - TL-Q5MC2-Z,https://www.aliexpress.com/item/2251832663198775.html,,https://s.click.aliexpress.com/e/_DlxY7KJ,voron-2.4
electronics.inductive-probe,Inductive Probe,Electronics,alternative,Digi-Key,Digkey - GX-HL15B,https://www.digikey.com/en/products/detail/panasonic-industrial-automation-sales/GX-HL15B/3896951,,,voron-2.4
electronics.inductive-probe,Inductive Probe,Electronics,alternative,Digi-Key,Digikey - TL-Q5MC2,https://www.digikey.com/en/products/detail/omron-automation-and-safety/tl-q5mc2/2669828,,,voron-2.4
electronics.led-light-bar-12v-24v,LED Light Bar (12v/24v),Electronics,recommended,Amazon,Amazon,https://www.amazon.com/dp/B00LAAZ2UW,,https://amzn.to/35gPg7q,optional-parts
electronics.mean-well-lrs-200-12-psu,Mean Well LRS-200-12 PSU,Electronics,recommended/alternative,Digi-Key,Digikey | Digikey (Europe),https://www.digikey.com/products/en,,,voron-1.6.2 voron-2.2
electronics.mean-well-lrs-200-24-psu,Mean Well LRS-200-24 PSU,Electronics,recommended/alternative,Digi-Key,Digikey | Digikey (Europe),https://www.digikey.com/products/en,,,voron-2.4 voron-trident voron-1.8
electronics.meanwell-lrs-100-24,Meanwell LRS-100-24,Electronics,recommended,Mouser,Mouser,https://www.mouser.com/productdetail/mean-well/lrs-100-24?qs=vDxCgdWo2h8VcCv3wQzZdg%3D%3D,,,voron-0
electronics.meanwell-lrs-100-24,Meanwell LRS-100-24,Electronics,alternative,Digi-Key,Digikey,https://www.digikey.com/product-detail/en/mean-well-usa-inc/LRS-100-24/1866-3314-ND/7705008,,,voron-0
electronics.meanwell-lrs-100-24,Meanwell LRS-100-24,Electronics,budget,eBay,ebay,https://www.ebay.com/itm/Mean-Well-LRS-100-24-Power-Supply-24V-4-5A-108W-Output-85-264VAC-Input/264628907662?epid=667788813&hash=item3d9d1cae8e%3Ag%3ATTEAAOSwyWFeUWIV,,,voron-0
electronics.meanwell-lrs-150-24,Meanwell LRS-150-24,Electronics,recommended,Mouser,Mouser,https://www.mouser.com/ProductDetail/MEAN-WELL/LRS-150-24?qs=%2Fha2pyFadujaj%2F6cO0Hh6kYnnLsf9IOqcNQ0fcoOAnOylsolKT1NZQ%3D%3D,,,voron-0.2 voron-0.1
electronics.meanwell-lrs-150-24,Meanwell LRS-150-24,Electronics,alternative,Digi-Key,Digikey,https://www.digikey.com/en/products/detail/mean-well-usa-inc/LRS-150-24/7705015,,,voron-0.2 voron-0.1
electronics.meanwell-rs-25-5-psu,Meanwell RS-25-5 PSU,Electronics,recommended,Digi-Key,Digikey,https://www.digikey.com/product-detail/en/mean-well-usa-inc/RS-25-5/1866-4145-ND/7706180,,,voron-2.4 voron-trident voron-1.8 voron-1.6.2 voron-2.2
electronics.nema14-36mm-round-pancake-motor-with-10-tooth-gear-20mm,NEMA14 36mm Round Pancake Motor with 10 tooth gear 20mm,Electronics,recommended,StepperOnline,OMC Stepper,https://www.omc-stepperonline.com/round-nema-14-bipolar-0-9deg-9-ncm-12-75-oz-in-1-0a-%CF%8636x17-5mm-4-wires-14hr07-1004vrn,,,stealthburner
electronics.nema14-36mm-round-pancake-motor-with-10-tooth-gear-20mm,NEMA14 36mm Round Pancake Motor with 10 tooth gear 20mm,Electronics,alternative,AliExpress,Aliexpress,https://s.click.aliexpress.com/e/_DBnmZ1l,yes,,stealthburner
electronics.nema14-36mm-round-pancake-motor-with-10-tooth-gear-20mm,NEMA14 36mm Round Pancake Motor with 10 tooth gear 20mm,Electronics,alternative,AliExpress,Aliexpress,https://s.click.aliexpress.com/e/_A2WTM8,yes,,stealthburner
electronics.nema14-36mm-round-pancake-stepper-motor-with-10-tooth-spur-gear-ldo-36sth20-1004ahg,NEMA14 36mm round pancake Stepper Motor with 10 tooth spur gear (LDO 36STH20-1004AHG),Electronics,alternative,AliExpress,Aliexpress,https://s.click.aliexpress.com/e/_DBnmZ1l,yes,,voron-0.2 voron-0.1
electronics.nema14-36mm-round-pancake-stepper-motor-with-10-tooth-spur-gear-ldo-36sth20-1004ahg,NEMA14 36mm round pancake Stepper Motor with 10 tooth spur gear (LDO 36STH20-1004AHG),Electronics,alternative,AliExpress,Aliexpress,https://s.click.aliexpress.com/e/_A2WTM8,yes,,voron-0.2 voron-0.1
electronics.nema14-36mm-round-pancake-stepper-motor-with-10-tooth-spur-gear-omc-14hr07-1004vrn,NEMA14 36mm round pancake Stepper Motor with 10 tooth spur gear (OMC 14HR07-1004VRN),Electronics,recommended,StepperOnline,OMC Stepper,https://www.omc-stepperonline.com/round-nema-14-bipolar-0-9deg-9-ncm-12-75-oz-in-1-0a-%CF%8636x17-5mm-4-wires-14hr07-1004vrn,,,voron-0.2 voron-0.1
electronics.nema14-stepper-motor-14hs10-0404s,NEMA14 Stepper Motor (14HS10-0404S),Electronics,recommended,StepperOnline,OMC Stepperonline,https://www.omc-stepperonline.com/nema-14-bipolar-1-8deg-14ncm-20oz-in-0-4a-12v-35x35x26mm-4-wires.html,,,voron-0
electronics.nema14-stepper-motor-14hs17-0504s,NEMA14 Stepper Motor (14HS17-0504S),Electronics,recommended,StepperOnline,OMC Stepper - V0 Kit,https://www.omc-stepperonline.com/nema-14-stepper-motor-kit-for-voron-v0.html,,,voron-0
electronics.nema14-stepper-motor-14hs17-0504s,NEMA14 Stepper Motor (14HS17-0504S),Electronics,alternative/budget,AliExpress,Aliexpress | Aliexpress (OMC Store),https://s.click.aliexpress.com/e/_dTb2YwC,yes,,voron-0
electronics.nema14-stepper-motor-40ncm,NEMA14 Stepper Motor 40Ncm,Electronics,recommended,StepperOnline,OMC Stepper,https://www.omc-stepperonline.com/nema-14-bipolar-1-8deg-40ncm-56-7oz-in-1-5a-4-2v-35x35x52mm-4-wires-14hs20-1504s,,,voron-0.2 voron-0.1
electronics.nema14-stepper-motor-40ncm,NEMA14 Stepper Motor 40Ncm,Electronics,alternative,AliExpress,Aliexpress,https://s.click.aliexpress.com/e/_AdKnDl,yes,,voron-0.2 voron-0.1
electronics.nema14-stepper-motor-40ncm,NEMA14 Stepper Motor 40Ncm,Electronics,alternative,StepperOnline,Full Motor Kit,https://www.omc-stepperonline.com/voron-v0-1-bom-of-stepper-motors-14hs20-1504s-14hr07-1004vrn-17ls13-0404e-200g-voronv01,,,voron-0.2 voron-0.1
electronics.nema17-motor-17hs08-1004s,NEMA17 Motor 17HS08-1004S,Electronics,recommended/alternative,AliExpress,Aliexpress | Stepper Online (Ali),https://www.aliexpress.com/item/32585429251.html,,https://s.click.aliexpress.com/e/_9RQa9O https://s.click.aliexpress.com/e/_dWNseGV,voron-trident afterburner voron-1.8
electronics.nema17-motor-17hs08-1004s,NEMA17 Motor 17HS08-1004S,Electronics,recommended,StepperOnline,Stepper Online,https://www.omc-stepperonline.com/nema-17-stepper-motor/nema-17-bipolar-1-8deg-16ncm-22-6oz-in-1a-3-7v-42x42x20mm-4-wires.html,,,afterburner
electronics.nema17-motor-17hs08-1004s,NEMA17 Motor 17HS08-1004S,Electronics,recommended,StepperOnline,Stepper Online,https://www.omc-stepperonline.com/nema-17-bipolar-1-8deg-16ncm-22-6oz-in-1a-3-7v-42x42x20mm-4-wires.html,,,jetpack
electronics.nema17-motor-17hs08-1004s,NEMA17 Motor 17HS08-1004S,Electronics,alternative,LDO Motors,LDO,https://docs.ldomotors.com/en/voron/LDO_Voron_Distributors,,,voron-trident
electronics.nema17-motor-17hs15-1504s1,NEMA17 Motor 17HS15-1504S1,Electronics,recommended,StepperOnline,Stepper Online,https://www.omc-stepperonline.com/nema-17-bipolar-45ncm-63-74oz-in-1-5a-42x42x39mm-4-wires-w-1m-cable-and-connector.html,,,voron-m4
electronics.nema17-motor-17hs15-1504s1,NEMA17 Motor 17HS15-1504S1,Electronics,alternative,AliExpress,Stepper Online,https://www.aliexpress.com/item/32956138636.html,,,voron-switchwire
electronics.nema17-motor-17hs15-1504s1,NEMA17 Motor 17HS15-1504S1,Electronics,alternative,AliExpress,Stepper Online,https://www.aliexpress.com/item/32589488227.html,,,voron-m4
electronics.nema17-motor-17hs19-2004s,NEMA17 Motor 17HS19-2004S,Electronics,recommended,StepperOnline,Stepper Online,https://www.omc-stepperonline.com/nema-17-bipolar-59ncm-84oz-in-2a-42x48mm-4-wires-w-1m-cable-and-connector.html,,,voron-2.4 voron-1.8 voron-1.6.2 voron-2.2
electronics.nema17-motor-17hs19-2004s,NEMA17 Motor 17HS19-2004S,Electronics,recommended,StepperOnline,Stepper Online,https://www.omc-stepperonline.com/nema-17-bipolare-59ncm-84oz-in-2a-42x48mm-4fili-w-1m-cable-and-connector.html,,,mobius-3.1
electronics.nema17-motor-17hs19-2004s,NEMA17 Motor 17HS19-2004S,Electronics,alternative,AliExpress,Stepper Online,https://www.aliexpress.com/item/32589488227.html,,https://s.click.aliexpress.com/e/5E5huNIu https://s.click.aliexpress.com/e/N67pN5pI https://s.click.aliexpress.com/e/OBxe5EwU,voron-2.4 mobius-3.1 voron-1.6.2 voron-2.2
electronics.nema17-motor-17hs19-2004s,NEMA17 Motor 17HS19-2004S,Electronics,alternative,Amazon,Amazon,https://www.amazon.com/dp/B00PNEQKC0,,https://amzn.to/325amWA,voron-2.4 voron-1.8
electronics.nema17-motor-17hs19-2004s,NEMA17 Motor 17HS19-2004S,Electronics,alternative,AliExpress,Stepper Online,https://www.aliexpress.com/item/32572890101.html,,,voron-1.8
electronics.nema17-motor-17hs19-2004s-min-35mm-shaft-for-double-shear,NEMA17 Motor 17HS19-2004S (min 35mm shaft for double shear),Electronics,recommended,StepperOnline,Stepper Online,https://www.omc-stepperonline.com/nema-17-bipolar-59ncm-84oz-in-2a-42x48mm-4-wires-w-1m-cable-and-connector.html,,,voron-trident
electronics.nema17-motor-17hs19-2004s-min-35mm-shaft-for-double-shear,NEMA17 Motor 17HS19-2004S (min 35mm shaft for double shear),Electronics,alternative,AliExpress,Stepper Online,https://www.aliexpress.com/item/32572890101.html,,https://s.click.aliexpress.com/e/_9J8aJa,voron-trident
electronics.nema17-motor-17hs19-2004s-min-35mm-shaft-for-double-shear,NEMA17 Motor 17HS19-2004S (min 35mm shaft for double shear),Electronics,alternative,Amazon,Amazon,https://www.amazon.com/dp/B00PNEQKC0,,,voron-trident
electronics.nema17-motor-17hs19-2004s-min-35mm-shaft-for-double-shear,NEMA17 Motor 17HS19-2004S (min 35mm shaft for double shear),Electronics,alternative,LDO Motors,LDO,https://docs.ldomotors.com/en/voron/LDO_Voron_Distributors,,,voron-trident
electronics.nema17-motor-with-leadscrew-17ls19-1684e-300g,NEMA17 Motor with Leadscrew (17LS19-1684E-300G),Electronics,recommended,StepperOnline,Stepper Online,https://www.omc-stepperonline.com/nema-17-external-48mm-stack-168a-lead-8mm031496-length-300mm-17ls19-1684e-300g.html,,,voron-1.6.2
electronics.nema17-motor-with-leadscrew-17ls19-1684e-300g,NEMA17 Motor with Leadscrew (17LS19-1684E-300G),Electronics,alternative,AliExpress,Stepper Online,https://www.aliexpress.com/item/32915193041.html,,https://s.click.aliexpress.com/e/dPyoa9Vq,voron-1.6.2
electronics.nema17-stepper-motor-34mm-max-with-integrated-lead-screw-200mm-t8x8,NEMA17 Stepper Motor (34mm max) with integrated lead screw 200mm T8x8,Electronics,recommended,StepperOnline,OMC Stepper,https://www.omc-stepperonline.com/nema-17-external-34mm-stack-04a-lead-8mm031496-length-200mm-17ls13-0404e-200g.html,,,voron-0.1
electronics.nema17-stepper-motor-34mm-max-with-integrated-lead-screw-200mm-t8x8,NEMA17 Stepper Motor (34mm max) with integrated lead screw 200mm T8x8,Electronics,alternative,AliExpress,Aliexpress,https://s.click.aliexpress.com/e/_9JMcTz,yes,,voron-0.1
electronics.nema17-stepper-motor-with-integrated-lead-screw-200mm-t8x8,NEMA17 Stepper Motor with integrated lead screw 200mm T8x8,Electronics,recommended,StepperOnline,OMC Stepper,https://www.omc-stepperonline.com/nema-17-external-34mm-stack-04a-lead-8mm031496-length-200mm-17ls13-0404e-200g.html,,,voron-0.2
electronics.nema17-stepper-motor-with-integrated-lead-screw-200mm-t8x8,NEMA17 Stepper Motor with integrated lead screw 200mm T8x8,Electronics,alternative,AliExpress,Aliexpress,https://s.click.aliexpress.com/e/_9JMcTz,yes,,voron-0.2
electronics.ntc-100k-beta-3950-thermistor-sensor,NTC 100K Beta 3950 Thermistor Sensor,Electronics,recommended,AliExpress,Aliexpress,https://www.aliexpress.com/item/33029709571.html,,,optional-parts
electronics.nylon-pcb-standoff-kit-m3,Nylon PCB Standoff Kit (M3),Electronics,recommended,AliExpress,Aliexpress,https://s.click.aliexpress.com/e/_dVf8kck,yes,,voron-0
electronics.omron-g3na-210b-dc5-10a-or-crydom-d2425-25a-or-crydom-84134000-10a-ssr,Omron G3NA-210B-DC5 (10A) or Crydom D2425 (25A) or Crydom 84134000 (10A) SSR,Electronics,recommended,Digi-Key,Digikey (Omron),https://www.digikey.com/en/products/detail/omron-automation-and-safety/G3NA-210B-UTU-DC5-24/634443,,,voron-trident voron-1.8
electronics.omron-g3na-210b-dc5-10a-or-crydom-d2425-25a-or-crydom-84134000-10a-ssr,Omron G3NA-210B-DC5 (10A) or Crydom D2425 (25A) or Crydom 84134000 (10A) SSR,Electronics,recommended,Digi-Key,Digikey (Omron),https://www.digikey.com/products/en,,,voron-1.6.2 voron-2.2
electronics.omron-g3na-210b-dc5-10a-or-crydom-d2425-25a-or-crydom-84134000-10a-ssr,Omron G3NA-210B-DC5 (10A) or Crydom D2425 (25A) or Crydom 84134000 (10A) SSR,Electronics,alternative,Digi-Key,Digikey (Crydom 25A),https://www.digikey.com/product-detail/en/sensata-crydom/D2425/CC1006-ND/139477,,,voron-trident voron-1.8 voron-1.6.2 voron-2.2
electronics.omron-g3na-210b-dc5-10a-or-crydom-d2425-25a-or-crydom-84134000-10a-ssr,Omron G3NA-210B-DC5 (10A) or Crydom D2425 (25A) or Crydom 84134000 (10A) SSR,Electronics,alternative,Digi-Key,Digikey (Crydom 10A),https://www.digikey.com/product-detail/en/sensata-crydom/84134000/646-1227-ND/1816787,,,voron-trident voron-1.8 voron-1.6.2 voron-2.2
electronics.omron-g3na-210b-dc5-10a-or-crydom-d2425-25a-or-crydom-84134000-10a-ssr-or-panasonic-aqa211vl-15a,Omron G3NA-210B-DC5 (10A) or Crydom D2425 (25A) or Crydom 84134000 (10A) SSR or Panasonic AQA211VL (15A),Electronics,recommended,Digi-Key,Digikey (Omron),https://www.digikey.com/en/products/detail/omron-automation-and-safety/G3NA-210B-UTU-DC5-24/634443,,,voron-2.4
electronics.omron-g3na-210b-dc5-10a-or-crydom-d2425-25a-or-crydom-84134000-10a-ssr-or-panasonic-aqa211vl-15a,Omron G3NA-210B-DC5 (10A) or Crydom D2425 (25A) or Crydom 84134000 (10A) SSR or Panasonic AQA211VL (15A),Electronics,recommended,Digi-Key,Digikey (Panasonic),https://www.digikey.com/en/products/detail/panasonic-electric-works/AQA211VL/2364682,,,voron-2.4
electronics.omron-g3na-210b-dc5-10a-or-crydom-d2425-25a-or-crydom-84134000-10a-ssr-or-panasonic-aqa211vl-15a,Omron G3NA-210B-DC5 (10A) or Crydom D2425 (25A) or Crydom 84134000 (10A) SSR or Panasonic AQA211VL (15A),Electronics,alternative,Digi-Key,Digikey (Crydom 25A),https://www.digikey.com/product-detail/en/sensata-crydom/D2425/CC1006-ND/139477,,,voron-2.4
electronics.omron-g3na-210b-dc5-10a-or-crydom-d2425-25a-or-crydom-84134000-10a-ssr-or-panasonic-aqa211vl-15a,Omron G3NA-210B-DC5 (10A) or Crydom D2425 (25A) or Crydom 84134000 (10A) SSR or Panasonic AQA211VL (15A),Electronics,alternative,Digi-Key,Digikey (Crydom 10A),https://www.digikey.com/product-detail/en/sensata-crydom/84134000/646-1227-ND/1816787,,,voron-2.4
electronics.omron-g3na-210b-dc5-10a-or-crydom-d2425-25a-or-crydom-84134000-10a-ssr-or-panasonic-aqa211vl-15a,Omron G3NA-210B-DC5 (10A) or Crydom D2425 (25A) or Crydom 84134000 (10A) SSR or Panasonic AQA211VL (15A),Electronics,alternative,Filastruder,Filastruder (Panasonic),https://www.filastruder.com/products/solid-state-relay?_pos=1&_sid=f58b74679&_ss=r,,,voron-2.4
electronics.omron-mouse-button-micro-switch,Omron Mouse Button - Micro Switch,Electronics,alternative/recommended,Digi-Key,Digikey,https://www.digikey.com/product-detail/en/omron-electronics-inc-emc-div/D2F-5L/Z8846-ND/8593137,,,voron-2.4 voron-trident voron-0.2 voron-0 voron-0.1 voron-1.8 voron-1.6.2 voron-2.2
electronics.omron-mouse-button-micro-switch,Omron Mouse Button - Micro Switch,Electronics,recommended,Digi-Key,Digikey,https://www.digikey.com/en/products/detail/omron-electronics-inc-emc-div/D2F-01L/83264,,,voron-2.4
electronics.omron-mouse-button-micro-switch,Omron Mouse Button - Micro Switch,Electronics,alternative,Digi-Key,Digikey,https://www.digikey.com/product-detail/en/omron-electronics-inc-emc-div/D2F-5/Z8845-ND/8593136,,,voron-1.6.2
electronics.omron-mouse-button-micro-switch,Omron Mouse Button - Micro Switch,Electronics,budget,AliExpress,Aliexpress,https://s.click.aliexpress.com/e/_d6Ra2OL,yes,,voron-0
electronics.omron-tl-q5mc2-npn-nc-5mm-sense,"Omron TL-Q5MC2 - NPN, NC, 5mm Sense",Electronics,recommended,AliExpress,Aliexpress,https://www.aliexpress.com/item/2251832663198775.html,,https://s.click.aliexpress.com/e/_DEI50IF,voron-trident
electronics.omron-tl-q5mc2-npn-nc-5mm-sense,"Omron TL-Q5MC2 - NPN, NC, 5mm Sense",Electronics,recommended,AliExpress,Aliexpress (B-Stock),https://s.click.aliexpress.com/e/_DBxCtJf,yes,,optional-parts
electronics.omron-tl-q5mc2-npn-nc-5mm-sense,"Omron TL-Q5MC2 - NPN, NC, 5mm Sense",Electronics,alternative,Mouser,Mouser (OEM A-Stock),https://www.mouser.com/ProductDetail/Omron-Automation-and-Safety/TL-Q5MC2?qs=%2Fha2pyFadujGSyouhW07bDypqQHk8q5KtPum7PUL424%3D,,,voron-switchwire optional-parts
electronics.omron-tl-q5mc2-npn-nc-5mm-sense,"Omron TL-Q5MC2 - NPN, NC, 5mm Sense",Electronics,alternative,newark.com,Newark (OEM A-Stock),https://www.newark.com/omron-industrial-automation/tl-q5mc2/rect-prx-5mm-npn-nc-unsh/dp/38B1174,,,voron-switchwire optional-parts
electronics.omron-tl-q5mc2-npn-nc-5mm-sense,"Omron TL-Q5MC2 - NPN, NC, 5mm Sense",Electronics,alternative,AliExpress,[Affiliate Link],https://s.click.aliexpress.com/e/_DlxY7KJ,yes,,voron-switchwire
electronics.pl-08n-inductive-probe,PL-08N Inductive Probe,Electronics,recommended,AliExpress,Zhongde,https://www.aliexpress.com/item/32803870919.html,,https://s.click.aliexpress.com/e/kff2VwTW https://s.click.aliexpress.com/e/FIzMxqrQ,voron-1.8 voron-1.6.2 voron-2.2
electronics.power-supply-for-24v-conversions,Power Supply for 24v Conversions,Electronics,recommended/alternative,Digi-Key,Digikey | Digikey (Europe),https://www.digikey.com/products/en,,,optional-parts
electronics.pt100-rtd-sensor,PT100 RTD Sensor,Electronics,recommended,E3D,E3D,https://e3d-online.com/products/pt100-temperature-sensor,,,optional-parts
electronics.pt100-rtd-sensor,PT100 RTD Sensor,Electronics,alternative,AliExpress,Aliexpress,https://www.aliexpress.com/item/32828593452.html,,,optional-parts
electronics.raspberry-pi-3,Raspberry Pi 3,Electronics,recommended,adafruit.com,Adafruit,https://www.adafruit.com/product/3775,,,voron-0.2 voron-0 voron-0.1
electronics.skr-mini-e3-v2,SKR Mini E3 V2,Electronics,alternative,AliExpress,[Affiliate Link],https://s.click.aliexpress.com/e/_d6DRiEC,yes,,voron-switchwire
electronics.small-12v-psu-for-lights-etc-for-24v-builds,"Small 12v PSU for Lights, etc for 24v Builds",Electronics,recommended,Digi-Key,Digikey (25w),https://www.digikey.com/product-detail/en/mean-well-usa-inc/RS-25-12/1866-4140-ND/7706175,,,optional-parts
electronics.small-12v-psu-for-lights-etc-for-24v-builds,"Small 12v PSU for Lights, etc for 24v Builds",Electronics,alternative,Digi-Key,Digikey (35w),https://www.digikey.com/product-detail/en/mean-well-usa-inc/RS-35-12/1866-4146-ND/7706181,,,optional-parts
electronics.ssr-din-mount,SSR DIN Mount,Electronics,recommended,AliExpress,Aliexpress,https://www.aliexpress.com/item/32971006524.html,,https://s.click.aliexpress.com/e/_AOUGIu https://s.click.aliexpress.com/e/_dVWAQDP,voron-trident voron-1.8
electronics.tbc-05-terminal-cover-optional-for-rs-25-5,"TBC-05 Terminal Cover (optional, for RS-25-5)",Electronics,recommended,Digi-Key,Digikey,https://www.digikey.com/en/products/detail/mean-well-usa-inc/TBC-05/7707107,,,voron-trident
electronics.tbc-09-terminal-cover-optional-for-lrs-200-24,"TBC-09 Terminal Cover (optional, for LRS-200-24)",Electronics,recommended,Digi-Key,Digikey,https://www.digikey.com/products/en,,,voron-trident voron-1.8
electronics.thermal-fuse,Thermal Fuse,Electronics,recommended,AliExpress,AliExpress,https://www.aliexpress.com/item/32885492280.html,,https://s.click.aliexpress.com/e/MCR810Q4 https://s.click.aliexpress.com/e/_AkDKU4 https://s.click.aliexpress.com/e/dvRGxOu0,voron-2.4 voron-trident voron-1.8 voron-1.6.2 voron-2.2
electronics.thermistor-for-your-hotend-of-choice,Thermistor for your hotend of choice,Electronics,recommended,AliExpress,Aliexpress,https://s.click.aliexpress.com/e/_dZx4X0S,yes,,voron-0.2 voron-0 voron-0.1
electronics.threaded-v6-hotend-kit-24v-all-metal,Threaded v6 Hotend kit 24V (All Metal),Electronics,recommended,AliExpress,Aliexpress,https://s.click.aliexpress.com/e/_dWCqSj2,yes,,voron-0 voron-0.1
electronics.threaded-v6-hotend-kit-24v-all-metal,Threaded v6 Hotend kit 24V (All Metal),Electronics,non_affiliate/alternative,AliExpress,Aliexpress,https://www.aliexpress.com/item/32888737278.html,,,voron-0 voron-0.1
electronics.tr8x8-lead-screw-nut,TR8x8 Lead Screw Nut,Electronics,recommended,pololu.com,Pololu,https://www.pololu.com/product/2688,,,voron-1.6.2
electronics.tycoelectronics-10egg1-1-normal-or-10ehg1-1-medical-filtered-power-inlet,TycoElectronics - 10EGG1-1 (Normal) or 10EHG1-1 (Medical): Filtered Power Inlet,Electronics,recommended,Digi-Key,Digikey,https://www.digikey.com/en/products/detail/te-connectivity-corcom-filters/3-1609115-4/2032295,,,voron-2.4 voron-trident
electronics.tycoelectronics-10egg1-1-normal-or-10ehg1-1-medical-filtered-power-inlet,TycoElectronics - 10EGG1-1 (Normal) or 10EHG1-1 (Medical): Filtered Power Inlet,Electronics,alternative,Mouser,Mouser,https://www.mouser.com/ProductDetail/TE-Connectivity-PB/10EGG1-1?qs=vcjNRp8H9z1CsIf%2F5OknUw%3D%3D,,,voron-2.4 voron-trident voron-switchwire
electronics.tycoelectronics-10egg1-2-normal-or-10ehg1-2-medical-filtered-power-inlet,TycoElectronics - 10EGG1-2 (Normal) or 10EHG1-2 (Medical): Filtered Power Inlet,Electronics,recommended,Digi-Key,Digikey,https://www.digikey.com/products/en,,,voron-2.4 voron-trident voron-1.8 voron-1.6.2 voron-2.2
electronics.tycoelectronics-10egg1-2-normal-or-10ehg1-2-medical-filtered-power-inlet,TycoElectronics - 10EGG1-2 (Normal) or 10EHG1-2 (Medical): Filtered Power Inlet,Electronics,alternative,Mouser,Mouser,https://www.mouser.com/ProductDetail/TE-Connectivity-PB/10EGG1-2?qs=vcjNRp8H9z2nhEkRL4AXYw%3D%3D,,,voron-2.4 voron-trident voron-switchwire voron-1.8
electronics.v0-display,V0-Display,Electronics,recommended,github.com,Github,https://github.com/VoronDesign/Voron-Hardware/tree/master/V0_Display,,,voron-0.2
electronics.v0-display,V0-Display,Electronics,alternative,AliExpress,Aliexpress,https://s.click.aliexpress.com/e/_DnCImzZ,yes,,voron-0.2
electronics.vhb-tape-20mm-or-so-is-good,VHB tape (20mm or so is good),Electronics,recommended,AliExpress,Aliexpress,https://s.click.aliexpress.com/e/_9viGyF,yes,,voron-0.1
electronics.vhb-tape-20mm-or-so-is-good,VHB tape (20mm or so is good),Electronics,budget,AliExpress,Aliexpress,https://www.aliexpress.com/item/4000017095580.html,,,voron-0
electronics.zf-rocker-switches-dpst-16a-on-off,ZF - Rocker Switches DPST 16A ON-OFF,Electronics,recommended,Digi-Key,Digikey (no Light),https://www.digikey.com/products/en,,,voron-2.4 voron-trident voron-1.8 voron-1.6.2 voron-2.2
electronics.zf-rocker-switches-dpst-16a-on-off,ZF - Rocker Switches DPST 16A ON-OFF,Electronics,alternative,Mouser,Mouser (Red Light),https://www.mouser.com/ProductDetail/ZF/WRG32F2BBRLN?qs=%2Fha2pyFadugTPgk3aI89ZNgIRYXUDJ2iew%252BR%252BPzJE%2FSagvnd6sid0w%3D%3D,,,voron-2.4 voron-trident voron-switchwire voron-1.8 voron-1.6.2 voron-2.2
extruder.bmg-extruder-insides-5mmid,BMG Extruder Insides 5mmID,Extruder,recommended,AliExpress,Aliexpress (TL),https://s.click.aliexpress.com/e/_dY14nbA,yes,,voron-0.2 voron-0.1
extruder.bmg-extruder-kit-used-for-gears,BMG Extruder Kit (used for gears),Extruder,recommended,AliExpress,Aliexpress (TriangleLabs),https://www.aliexpress.com/item/2255799834871688.html,,https://s.click.aliexpress.com/e/_Asx8EC,voron-trident
extruder.bmg-extruder-kit-used-for-gears,BMG Extruder Kit (used for gears),Extruder,recommended,AliExpress,Aliexpress (TriangleLabs),https://www.aliexpress.com/item/32917029058.html,,,voron-1.8
extruder.bmg-extruder-kit-used-for-gears,BMG Extruder Kit (used for gears),Extruder,alternative,Amazon,Amazon (TriangleLabs),https://smile.amazon.com/Bowden-Extruder-Universal-Geared-Printer/dp/B08KP189KN,,,voron-trident voron-1.8
extruder.bmg-extruder-kit-used-for-gears,BMG Extruder Kit (used for gears),Extruder,alternative,Filastruder,Filastruder,https://www.filastruder.com/products/bondtech-bmg-internals-set?_pos=1&_sid=8f05bd81a&_ss=r,,,voron-trident
extruder.bmg-extruder-kit-used-for-gears,BMG Extruder Kit (used for gears),Extruder,alternative,Printed Solid,Printed Solid,https://www.printedsolid.com/products/bondtech-bmg-extruder,,,voron-trident
extruder.bondtech-drive-gear-kit-5mmid,Bondtech Drive Gear Kit 5mmID,Extruder,recommended,Bondtech,Bondtech,https://www.bondtech.se/en/product/drivegear-kits,,,voron-0.2 voron-0.1
extruder.bondtech-drive-gear-kit-5mmid,Bondtech Drive Gear Kit 5mmID,Extruder,alternative,AliExpress,TriangleLabs,https://s.click.aliexpress.com/e/_dS7fWDW,yes,,voron-0.2 voron-0.1
extruder.bondtech-drive-gear-kit-5mmid,Bondtech Drive Gear Kit 5mmID,Extruder,alternative,Filastruder,Filastruder,https://www.filastruder.com/collections/bondtech/products/drivegear-kit,,,voron-0.2 voron-0.1
extruder.bondtech-motor-gear-bowden-only,Bondtech Motor Gear (bowden only),Extruder,recommended/alternative/non_affiliate,Bondtech,Bondtech,https://www.bondtech.se/en/product/motor-gear,,,voron-0.2 afterburner voron-0 voron-0.1
extruder.bondtech-motor-gear-bowden-only,Bondtech Motor Gear (bowden only),Extruder,alternative/recommended,Filastruder,Filastruder,https://www.filastruder.com/collections/bondtech/products/bondtech-motor-gear,,,voron-0.2 afterburner voron-0 voron-0.1
extruder.bondtech-motor-gear-bowden-only,Bondtech Motor Gear (bowden only),Extruder,alternative,AliExpress,TriangleLabs,https://s.click.aliexpress.com/e/_d7eKr16,yes,,voron-0.2 voron-0 voron-0.1
extruder.bondtech-motor-gear-bowden-only,Bondtech Motor Gear (bowden only),Extruder,alternative,AliExpress,TriangleLabs,https://www.aliexpress.com/item/32946695708.html,,,afterburner
extruder.complete-bmg-extruder-clone,Complete BMG Extruder Clone,Extruder,recommended,AliExpress,Aliexpress (TL),https://s.click.aliexpress.com/e/_AU7ik2,yes,,voron-0.2 voron-0.1
extruder.complete-bmg-extruder-clone,Complete BMG Extruder Clone,Extruder,recommended,AliExpress,Aliexpress (TL),https://www.aliexpress.com/item/32917029058.html,,https://s.click.aliexpress.com/e/_9u8JFO,stealthburner afterburner
extruder.complete-bmg-extruder-clone,Complete BMG Extruder Clone,Extruder,recommended,AliExpress,Aliexpress (TL),https://s.click.aliexpress.com/e/_d8khc8c,yes,,voron-0
extruder.mr85-bearing,MR85 Bearing,Extruder,recommended/alternative/non_affiliate,Bondtech,Bondtech,https://www.bondtech.se/en/product/ballbearing-5x8x2-5,,,voron-0.2 afterburner voron-0 voron-0.1
extruder.mr85-bearing,MR85 Bearing,Extruder,alternative,AliExpress,TriangleLabs,https://s.click.aliexpress.com/e/_dZPCzjq,yes,,voron-0.2 voron-0 voron-0.1
extruder.shaft-idler-assembly,Shaft/Idler Assembly,Extruder,recommended/alternative/non_affiliate,Bondtech,Bondtech,https://www.bondtech.se/en/product/shaft-assembly,,,voron-0.2 afterburner voron-0 voron-0.1
extruder.shaft-idler-assembly,Shaft/Idler Assembly,Extruder,alternative/recommended,Filastruder,Filastruder,https://www.filastruder.com/collections/bondtech/products/bondtech-shaft-gear-assembly,,,voron-0.2 afterburner voron-0 voron-0.1
extruder.shaft-idler-assembly,Shaft/Idler Assembly,Extruder,alternative,AliExpress,TriangleLabs,https://s.click.aliexpress.com/e/_dXUX0B6,yes,,voron-0.2 voron-0 voron-0.1
extruder.shaft-idler-assembly,Shaft/Idler Assembly,Extruder,alternative,AliExpress,TriangleLabs,https://www.aliexpress.com/item/32946823004.html,,,afterburner
fasteners.4-x-3-8-flat-head-self-tapping-screw,#4 x 3/8 Flat Head Self Tapping Screw,Fasteners,recommended,Bolt Depot,Bolt Depot,https://www.boltdepot.com/Product-Details.aspx?product=2423,,,voron-2.2
fasteners.4-x-3-8-flat-head-self-tapping-screw,#4 x 3/8 Flat Head Self Tapping Screw,Fasteners,alternative,McMaster-Carr,McMaster-Carr (100 pack),https://www.mcmaster.com/90048A108/,,,voron-2.2
fasteners.10x16x0-2-shim-ring,10x16x0.2 Shim Ring,Fasteners,recommended,AliExpress,Aliexpress,https://www.aliexpress.com/item/32918722399.html,,https://s.click.aliexpress.com/e/N4iraNbS,voron-2.2
fasteners.10x16x0-2-shim-ring,10x16x0.2 Shim Ring,Fasteners,alternative,AliExpress,Aliexpress,https://www.aliexpress.com/item/33009726442.html,,https://s.click.aliexpress.com/e/DjCBXNJi,voron-2.2
fasteners.10x16x0-2-shim-ring,10x16x0.2 Shim Ring,Fasteners,alternative,McMaster-Carr,McMaster-Carr (50 pack),https://www.mcmaster.com/98055A119/,,,voron-2.2
fasteners.5x10x0-5-shim-ring,5x10x0.5 Shim Ring,Fasteners,recommended,AliExpress,Aliexpress,https://www.aliexpress.com/item/32917948919.html,,https://s.click.aliexpress.com/e/2csTObT6,voron-2.2
fasteners.5x10x0-5-shim-ring,5x10x0.5 Shim Ring,Fasteners,alternative,AliExpress,Aliexpress,https://www.aliexpress.com/item/32922422551.html,,,voron-2.2
fasteners.5x10x0-5-shim-ring,5x10x0.5 Shim Ring,Fasteners,alternative,McMaster-Carr,McMaster-Carr (50 pack),https://www.mcmaster.com/98055A098/,,,voron-2.2
fasteners.5x10x1-shim-ring,5x10x1 Shim Ring,Fasteners,recommended,AliExpress,Aliexpress,https://www.aliexpress.com/item/32917948919.html,,https://s.click.aliexpress.com/e/41Vkdm7q,voron-2.4 voron-2.2
fasteners.5x10x1-shim-ring,5x10x1 Shim Ring,Fasteners,alternative,McMaster-Carr,McMaster-Carr (50 pack),https://www.mcmaster.com/98055A099/,,,voron-2.4 voron-switchwire voron-2.2
fasteners.5x10x1-shim-ring,5x10x1 Shim Ring,Fasteners,alternative,AliExpress,[Affiliate Link],https://s.click.aliexpress.com/e/41Vkdm7q,yes,,voron-switchwire
fasteners.6x6x3-spacer,6x6x3 Spacer,Fasteners,alternative,Bolt Depot,Bolt Depot (Imperial equivalent),https://www.boltdepot.com/Product-Details.aspx?product=25940,,,voron-switchwire
fasteners.6x6x3-spacer,6x6x3 Spacer,Fasteners,alternative,McMaster-Carr,McMaster-Carr (Imperial equivalent),https://www.mcmaster.com/92320A322/,,,voron-switchwire
fasteners.m2-x-12-or-13mm-plastite-self-tapping-screw,M2 x 12 or 13mm Plastite Self Tapping Screw,Fasteners,recommended,McMaster-Carr,McMaster-Carr (50 pack),https://www.mcmaster.com/99397A269/,,,mobius-3.1
fasteners.m2-x-12-or-13mm-plastite-self-tapping-screw,M2 x 12 or 13mm Plastite Self Tapping Screw,Fasteners,alternative,AliExpress,Aliexpress,https://www.aliexpress.com/item/32748428213.html,,https://s.click.aliexpress.com/e/nBMZN9KC,mobius-3.1
fasteners.m2x10-self-tapping-screw-for-plastics,M2x10 Self Tapping Screw for Plastics,Fasteners,recommended/budget,AliExpress,Aliexpress,https://www.aliexpress.com/item/33043885403.html,,,voron-trident voron-0.2 stealthburner voron-0 voron-0.1
fasteners.m2x10-self-tapping-screw-for-plastics,M2x10 Self Tapping Screw for Plastics,Fasteners,recommended,McMaster-Carr,McMaster-Carr (50 pack),https://www.mcmaster.com/99397A267/,,,voron-2.4
fasteners.m2x10-self-tapping-screw-for-plastics,M2x10 Self Tapping Screw for Plastics,Fasteners,alternative,AliExpress,Aliexpress,https://www.aliexpress.com/item/32748428213.html,,https://s.click.aliexpress.com/e/lZCUQlFa https://s.click.aliexpress.com/e/_9vwNdi,voron-2.4 voron-trident voron-switchwire stealthburner
fasteners.m2x10-self-tapping-screw-for-plastics,M2x10 Self Tapping Screw for Plastics,Fasteners,alternative,Amazon,Amazon - kit | Amazon - kit [Affiliate Link],https://amzn.to/2JFQPSK,yes,,voron-0.2 voron-0 voron-0.1
fasteners.m2x10-self-tapping-screw-for-plastics,M2x10 Self Tapping Screw for Plastics,Fasteners,alternative,AliExpress,Aliexpress,https://s.click.aliexpress.com/e/_d6tILYa,yes,,voron-0.2 voron-0.1
fasteners.m2x10-self-tapping-screw-for-plastics,M2x10 Self Tapping Screw for Plastics,Fasteners,alternative,Amazon,Amazon,https://www.amazon.com/dp/B012THLK1E,,,voron-trident
fasteners.m2x12-self-tapping-screw-for-plastics,M2x12 Self Tapping Screw for Plastics,Fasteners,recommended,McMaster-Carr,McMaster-Carr (50 pack),https://www.mcmaster.com/99397A269/,,,voron-1.8 voron-2.2
fasteners.m2x12-self-tapping-screw-for-plastics,M2x12 Self Tapping Screw for Plastics,Fasteners,alternative,AliExpress,Aliexpress,https://www.aliexpress.com/item/32748428213.html,,https://s.click.aliexpress.com/e/lZCUQlFa,voron-1.8 voron-2.2
fasteners.m2x8-self-tapping-screw-for-plastics,M2x8 Self Tapping Screw for Plastics,Fasteners,recommended,McMaster-Carr,McMaster-Carr (50 pack),https://www.mcmaster.com/99397A264/,,,voron-2.2
fasteners.m2x8-self-tapping-screw-for-plastics,M2x8 Self Tapping Screw for Plastics,Fasteners,alternative,AliExpress,[Affiliate Link],https://s.click.aliexpress.com/e/3m3KoEoY,yes,,voron-2.2
fasteners.m3-hammer-head-t-nuts,M3 Hammer Head T-Nuts,Fasteners,recommended,AliExpress,Aliexpress,https://www.aliexpress.com/item/33023248880.html,,https://s.click.aliexpress.com/e/_dSjU9WW https://s.click.aliexpress.com/e/_9zdkMk,voron-2.4 voron-trident
fasteners.m3-hammer-head-t-nuts,M3 Hammer Head T-Nuts,Fasteners,alternative,Amazon,Amazon,https://www.amazon.com/dp/B07SDFCTD4,,,voron-2.4 voron-trident
fasteners.m3-heat-set-insert-m3x5x4,M3 Heat Set Insert (M3x5x4),Fasteners,recommended/alternative,AliExpress,Aliexpress - M3x5x4 | Aliexpress,https://www.aliexpress.com/item/4000232858343.html,,https://s.click.aliexpress.com/e/_dW3Uprs https://s.click.aliexpress.com/e/_9z7hh2,voron-2.4 voron-trident stealthburner afterburner voron-m4 voron-1.8
fasteners.m3-heat-set-insert-m3x5x4,M3 Heat Set Insert (M3x5x4),Fasteners,recommended/alternative,AliExpress,Aliexpress,https://s.click.aliexpress.com/e/_ANjqIj,yes,,voron-0.2 voron-0.1
fasteners.m3-heat-set-insert-m3x5x4,M3 Heat Set Insert (M3x5x4),Fasteners,alternative/recommended,Amazon,Amazon,https://www.amazon.com/dp/B077CJV3Z9,,,voron-2.4 stealthburner
fasteners.m3-heat-set-insert-m3x5x4,M3 Heat Set Insert (M3x5x4),Fasteners,recommended,AliExpress,Aliexpress - M3x5x4,https://s.click.aliexpress.com/e/_dWMOd8C,yes,,voron-0
fasteners.m3-heat-set-insert-m3x5x4,M3 Heat Set Insert (M3x5x4),Fasteners,alternative,McMaster-Carr,McMaster-Carr,https://www.mcmaster.com/94180A331/,,,voron-2.4 stealthburner afterburner
fasteners.m3-heat-set-insert-m3x5x4,M3 Heat Set Insert (M3x5x4),Fasteners,alternative,AliExpress,[Affiliate Link],https://s.click.aliexpress.com/e/_dW3Uprs,yes,,voron-switchwire
fasteners.m3-heat-set-insert-m3x5x4,M3 Heat Set Insert (M3x5x4),Fasteners,alternative,cnckitchenus.store,CNC Kitchen,https://cnckitchenus.store/products/made-for-voron-gewindeeinsatz-threaded-insert-m3x5x4-100-stk-pcs,,,voron-trident
fasteners.m3-locknut,M3 Locknut,Fasteners,recommended,Bolt Depot,Bolt Depot,https://www.boltdepot.com/Product-Details.aspx?product=4370,,,mobius-3.1 jetpack voron-2.2
fasteners.m3-locknut,M3 Locknut,Fasteners,recommended,Bolt Depot,Bolt Depot,https://www.boltdepot.com/Product-Details.aspx?product=4792,,,voron-trident voron-0.1
fasteners.m3-locknut,M3 Locknut,Fasteners,alternative,McMaster-Carr,McMaster-Carr (100 pack),https://www.mcmaster.com/90576A102/,,,mobius-3.1 jetpack voron-2.2
fasteners.m3-locknut,M3 Locknut,Fasteners,alternative,AliExpress,Aliexpress,https://www.aliexpress.com/item/32988995881.html,,,voron-0.1
fasteners.m3-locknut,M3 Locknut,Fasteners,alternative,Amazon,Amazon,https://www.amazon.com/dp/B07BD24MXV,,,voron-trident
fasteners.m3-locknut,M3 Locknut,Fasteners,alternative,McMaster-Carr,McMaster-Carr (100 pack),https://www.mcmaster.com/93625A100/,,,voron-trident
fasteners.m3-roll-in-t-nut,M3 Roll-in T-Nut,Fasteners,recommended/alternative,AliExpress,ZFhong,https://www.aliexpress.com/item/32805163712.html,,https://s.click.aliexpress.com/e/_AaU1Qc https://s.click.aliexpress.com/e/KUHCwnu4,voron-trident voron-1.8
fasteners.m3-roll-in-t-nut,M3 Roll-in T-Nut,Fasteners,alternative/recommended,Misumi,Misumi,https://us.misumi-ec.com/vona2/detail/110302247910,,,voron-trident voron-1.8
fasteners.m3-roll-in-t-nut,M3 Roll-in T-Nut,Fasteners,alternative,AliExpress,Link CNC,https://www.aliexpress.com/item/32706208829.html,,https://s.click.aliexpress.com/e/_AK4KP2 https://s.click.aliexpress.com/e/CjL58TXS,voron-trident voron-1.8
fasteners.m3-t-nut-for-2020-extrusions,M3 T-nut (For 2020 extrusions),Fasteners,alternative,AliExpress,ZFhong,https://www.aliexpress.com/item/32805163712.html,,https://s.click.aliexpress.com/e/KUHCwnu4,voron-switchwire
fasteners.m3-t-nut-for-2020-extrusions,M3 T-nut (For 2020 extrusions),Fasteners,alternative,AliExpress,Link CNC,https://www.aliexpress.com/item/32706208829.html,,https://s.click.aliexpress.com/e/CjL58TXS,voron-switchwire
fasteners.m3-t-nut-hntaj5-3,M3 T-nut HNTAJ5-3,Fasteners,recommended,Misumi,Misumi,https://us.misumi-ec.com/vona2/detail/110302247910,,,voron-2.4 voron-2.2
fasteners.m3-t-nut-hntaj5-3,M3 T-nut HNTAJ5-3,Fasteners,alternative,AliExpress,ZFhong,https://www.aliexpress.com/item/32805163712.html,,https://s.click.aliexpress.com/e/KUHCwnu4,voron-2.4 voron-2.2
fasteners.m3-t-nut-hntaj5-3,M3 T-nut HNTAJ5-3,Fasteners,alternative,AliExpress,Link CNC,https://www.aliexpress.com/item/32706208829.html,,https://s.click.aliexpress.com/e/CjL58TXS,voron-2.4 voron-2.2
fasteners.m3-thumb-screws,M3 Thumb Screws,Fasteners,recommended,AliExpress,Aliexpress,https://www.aliexpress.com/item/4000010655936.html,,,voron-1.8
fasteners.m3-washer,M3 Washer,Fasteners,recommended,Bolt Depot,Bolt Depot,https://www.boltdepot.com/Product-Details.aspx?product=4513,,,voron-2.4 voron-trident stealthburner voron-m4 voron-1.8 voron-2.2
fasteners.m3-washer,M3 Washer,Fasteners,alternative,McMaster-Carr,McMaster-Carr (100 pack) | McMaster,https://www.mcmaster.com/93475A210/,,,voron-2.4 voron-trident stealthburner voron-m4 voron-1.8 voron-2.2
fasteners.m3x12-fhcs,M3x12 FHCS,Fasteners,alternative,McMaster-Carr,McMaster-Carr (25 pack),https://www.mcmaster.com/92125A132/,,,voron-switchwire
fasteners.m3x12-shcs,M3x12 SHCS,Fasteners,recommended,Bolt Depot,Bolt Depot,https://www.boltdepot.com/Product-Details.aspx?product=13637,,,voron-2.4 voron-trident stealthburner afterburner voron-m4 mobius-3.1 jetpack voron-1.8 voron-2.2
fasteners.m3x12-shcs,M3x12 SHCS,Fasteners,alternative,McMaster-Carr,McMaster-Carr (100 pack),https://www.mcmaster.com/91290A117/,,,voron-2.4 voron-trident voron-switchwire voron-m4 mobius-3.1 jetpack voron-1.8 voron-2.2
fasteners.m3x16-shcs,M3x16 SHCS,Fasteners,recommended,Bolt Depot,Bolt Depot,https://www.boltdepot.com/Product-Details.aspx?product=13638,,,voron-2.4 voron-trident stealthburner afterburner voron-m4 voron-1.8 voron-2.2
fasteners.m3x16-shcs,M3x16 SHCS,Fasteners,alternative,McMaster-Carr,McMaster-Carr (100 pack),https://www.mcmaster.com/91290A120/,,,voron-2.4 voron-trident voron-switchwire voron-m4 voron-1.8 voron-2.2
fasteners.m3x20-shcs,M3x20 SHCS,Fasteners,recommended,Bolt Depot,Bolt Depot,https://www.boltdepot.com/Product-Details.aspx?product=13639,,,voron-2.4 voron-trident stealthburner afterburner mobius-3.1 jetpack voron-1.8 voron-2.2
fasteners.m3x20-shcs,M3x20 SHCS,Fasteners,alternative,McMaster-Carr,McMaster-Carr (100 pack),https://www.mcmaster.com/91290A123/,,,voron-2.4 voron-trident voron-switchwire mobius-3.1 jetpack voron-1.8 voron-2.2
fasteners.m3x25-shcs,M3x25 SHCS,Fasteners,recommended,Bolt Depot,Bolt Depot,https://www.boltdepot.com/Product-Details.aspx?product=13640,,,stealthburner jetpack voron-2.2
fasteners.m3x25-shcs,M3x25 SHCS,Fasteners,alternative,McMaster-Carr,McMaster-Carr (100 pack),https://www.mcmaster.com/91290A125/,,,voron-switchwire jetpack voron-2.2
fasteners.m3x30-shcs,M3x30 SHCS,Fasteners,recommended,Bolt Depot,Bolt Depot,https://www.boltdepot.com/Product-Details.aspx?product=13641,,,voron-2.4 voron-trident stealthburner afterburner voron-m4 mobius-3.1 jetpack voron-1.8 voron-2.2
fasteners.m3x30-shcs,M3x30 SHCS,Fasteners,alternative,McMaster-Carr,McMaster-Carr (10 pack),https://www.mcmaster.com/91290A171/,,,voron-2.4 voron-trident voron-switchwire voron-m4 mobius-3.1 jetpack voron-1.8 voron-2.2
fasteners.m3x40-shcs,M3x40 SHCS,Fasteners,recommended,Bolt Depot,Bolt Depot,https://www.boltdepot.com/Product-Details.aspx?product=6387,,,voron-2.4 voron-trident afterburner voron-1.8 voron-2.2
fasteners.m3x40-shcs,M3x40 SHCS,Fasteners,alternative,McMaster-Carr,McMaster-Carr (25 pack),https://www.mcmaster.com/91290A136/,,,voron-2.4 voron-trident voron-switchwire voron-1.8 voron-2.2
fasteners.m3x6-bhcs,M3x6 BHCS,Fasteners,recommended,Bolt Depot,Bolt Depot,https://www.boltdepot.com/Product-Details.aspx?product=13334,,,voron-2.4 voron-trident afterburner voron-m4 mobius-3.1 voron-1.8 voron-2.2
fasteners.m3x6-bhcs,M3x6 BHCS,Fasteners,recommended,Bolt Depot,Bolt Depot,https://www.boltdepot.com/Metric_socket_button_head_Class_12.9_alloy_steel_black_oxide_finish_3mm_x_0.5mm.aspx,,,voron-0.2 stealthburner voron-0 voron-0.1
fasteners.m3x6-bhcs,M3x6 BHCS,Fasteners,alternative,McMaster-Carr,McMaster-Carr (100 pack),https://www.mcmaster.com/91239A111/,,,voron-2.4 voron-trident voron-switchwire voron-m4 mobius-3.1 voron-1.8 voron-2.2
fasteners.m3x6-bhcs,M3x6 BHCS,Fasteners,alternative/budget,AliExpress,Aliexpress,https://s.click.aliexpress.com/e/_d7V4XEq,yes,,voron-0.2 voron-0 voron-0.1
fasteners.m3x6-fhcs,M3x6 FHCS,Fasteners,recommended,Bolt Depot,Bolt Depot,https://www.boltdepot.com/Product-Details.aspx?product=13249,,,voron-2.4 voron-trident
fasteners.m3x6-fhcs,M3x6 FHCS,Fasteners,alternative,McMaster-Carr,McMaster-Carr (100 pack),https://www.mcmaster.com/91294A126/,,,voron-trident voron-switchwire
fasteners.m3x6-shcs,M3x6 SHCS,Fasteners,recommended,Bolt Depot,Bolt Depot,https://www.boltdepot.com/Product-Details.aspx?product=13634,,,mobius-3.1
fasteners.m3x6-shcs,M3x6 SHCS,Fasteners,alternative,McMaster-Carr,McMaster-Carr (100 pack),https://www.mcmaster.com/91290A111/,,,mobius-3.1
fasteners.m3x8-shcs,M3x8 SHCS,Fasteners,recommended,Bolt Depot,Bolt Depot,https://www.boltdepot.com/Product-Details.aspx?product=13635,,,voron-2.4 voron-trident stealthburner mobius-3.1 jetpack voron-1.8 voron-2.2
fasteners.m3x8-shcs,M3x8 SHCS,Fasteners,recommended,Bolt Depot,Bolt Depot,https://www.boltdepot.com/Product-Details.aspx?product=13633,,,afterburner
fasteners.m3x8-shcs,M3x8 SHCS,Fasteners,alternative,McMaster-Carr,McMaster-Carr (100 pack),https://www.mcmaster.com/91290A113/,,,voron-2.4 voron-trident voron-switchwire mobius-3.1 jetpack voron-1.8 voron-2.2
fasteners.m4-thumb-nuts,M4 Thumb Nuts,Fasteners,recommended,AliExpress,Aliexpress,https://www.aliexpress.com/item/4000010655936.html,,,voron-trident
fasteners.m4-thumb-nuts,M4 Thumb Nuts,Fasteners,alternative,Amazon,Amazon,https://www.amazon.com/dp/B01IVU642I,,,voron-trident
fasteners.m4x6-bhcs,M4x6 BHCS,Fasteners,recommended,Bolt Depot,Bolt Depot,https://www.boltdepot.com/Product-Details.aspx?product=18944,,,voron-2.4 voron-trident voron-1.8 voron-2.2
fasteners.m4x6-bhcs,M4x6 BHCS,Fasteners,alternative,McMaster-Carr,McMaster-Carr (100 pack),https://www.mcmaster.com/91239A138/,,,voron-2.4 voron-trident voron-1.8 voron-2.2
fasteners.m4x8-bhcs,M4x8 BHCS,Fasteners,alternative,McMaster-Carr,McMaster-Carr (100 pack),https://www.mcmaster.com/91239A140/,,,voron-switchwire
fasteners.m5-1-0mm-thick-shim-washer,M5 1.0mm Thick Shim/Washer,Fasteners,recommended,AliExpress,Aliexpress,https://www.aliexpress.com/item/32917948919.html,,https://s.click.aliexpress.com/e/_9vyYqu https://s.click.aliexpress.com/e/41Vkdm7q,voron-trident voron-1.8
fasteners.m5-1-0mm-thick-shim-washer,M5 1.0mm Thick Shim/Washer,Fasteners,alternative,McMaster-Carr,McMaster-Carr (50 pack),https://www.mcmaster.com/98055A099/,,,voron-trident voron-1.8
fasteners.m5-heat-set-inserts-m5xd7xl6,M5 Heat Set Inserts (M5xD7xL6),Fasteners,alternative,cnckitchenus.store,CNC Kitchen,https://cnckitchenus.store/products/heat-set-insert-m5-x-5-8-short-version-50-pieces,,,voron-trident
fasteners.m5-hexnut,M5 Hexnut,Fasteners,recommended,Bolt Depot,Bolt Depot,https://www.boltdepot.com/Product-Details.aspx?product=4785,,,voron-2.4
fasteners.m5-hexnut,M5 Hexnut,Fasteners,recommended,Bolt Depot,Bolt Depot,https://www.boltdepot.com/Metric_hex_nuts_Stainless_steel_18-8_(A-2).aspx,,,voron-0
fasteners.m5-hexnut,M5 Hexnut,Fasteners,budget,AliExpress,Aliexpress,https://s.click.aliexpress.com/e/_dTGSCls,yes,,voron-0
fasteners.m5-locknut,M5 Locknut,Fasteners,recommended,Bolt Depot,Bolt Depot,https://www.boltdepot.com/Product-Details.aspx?product=4803,,,voron-2.2
fasteners.m5-locknut,M5 Locknut,Fasteners,alternative,McMaster-Carr,McMaster-Carr (100 pack),https://www.mcmaster.com/90576A104/,,,voron-2.2
fasteners.m5-t-nut,M5 T-Nut,Fasteners,recommended,AliExpress,ZFhong,https://www.aliexpress.com/item/32805163712.html,,https://s.click.aliexpress.com/e/_A7AOVO https://s.click.aliexpress.com/e/Cj06YPR2,voron-trident voron-1.8
fasteners.m5-t-nut,M5 T-Nut,Fasteners,alternative,AliExpress,Link CNC,https://www.aliexpress.com/item/32706208829.html,,https://s.click.aliexpress.com/e/_9AnI1m https://s.click.aliexpress.com/e/rRVnt3M4,voron-trident voron-1.8
fasteners.m5-t-nut,M5 T-Nut,Fasteners,alternative,Misumi,Misumi,https://us.misumi-ec.com/vona2/detail/110302247910,,,voron-trident voron-1.8
fasteners.m5-t-nut-for-2020-extrusions,M5 T-nut (For 2020 extrusions),Fasteners,alternative,AliExpress,ZFhong,https://www.aliexpress.com/item/32805163712.html,,https://s.click.aliexpress.com/e/Cj06YPR2,voron-switchwire
fasteners.m5-t-nut-for-2020-extrusions,M5 T-nut (For 2020 extrusions),Fasteners,alternative,AliExpress,Link CNC,https://www.aliexpress.com/item/32706208829.html,,https://s.click.aliexpress.com/e/rRVnt3M4,voron-switchwire
fasteners.m5-t-nut-hntaj5-5,M5 T-nut HNTAJ5-5,Fasteners,recommended,Misumi,Misumi,https://us.misumi-ec.com/vona2/detail/110302247910,,,voron-2.4 voron-2.2
fasteners.m5-t-nut-hntaj5-5,M5 T-nut HNTAJ5-5,Fasteners,alternative,AliExpress,ZFhong,https://www.aliexpress.com/item/32805163712.html,,https://s.click.aliexpress.com/e/Cj06YPR2,voron-2.4 voron-2.2
fasteners.m5-t-nut-hntaj5-5,M5 T-nut HNTAJ5-5,Fasteners,alternative,AliExpress,Link CNC,https://www.aliexpress.com/item/32706208829.html,,https://s.click.aliexpress.com/e/rRVnt3M4,voron-2.4 voron-2.2
fasteners.m5x10-bhcs,M5x10 BHCS,Fasteners,recommended,Bolt Depot,Bolt Depot,https://www.boltdepot.com/Product-Details.aspx?product=15646,,,voron-2.4 voron-1.8 voron-2.2
fasteners.m5x10-bhcs,M5x10 BHCS,Fasteners,recommended,Bolt Depot,Bolt Depot,https://www.boltdepot.com/Product-Details.aspx?product=13343,,,voron-trident
fasteners.m5x10-bhcs,M5x10 BHCS,Fasteners,alternative,McMaster-Carr,McMaster-Carr (100 pack),https://www.mcmaster.com/91239A224/,,,voron-2.4 voron-trident voron-switchwire voron-1.8 voron-2.2
fasteners.m5x16-bhcs,M5x16 BHCS,Fasteners,recommended,Bolt Depot,Bolt Depot,https://www.boltdepot.com/Product-Details.aspx?product=15648,,,voron-2.4 voron-1.8 voron-2.2
fasteners.m5x16-bhcs,M5x16 BHCS,Fasteners,recommended,Bolt Depot,Bolt Depot,https://www.boltdepot.com/Product-Details.aspx?product=13345,,,voron-trident
fasteners.m5x16-bhcs,M5x16 BHCS,Fasteners,alternative,McMaster-Carr,McMaster-Carr (100 pack),https://www.mcmaster.com/91239A232/,,,voron-2.4 voron-trident voron-switchwire voron-1.8 voron-2.2
fasteners.m5x30-bhcs,M5x30 BHCS,Fasteners,recommended,Bolt Depot,Bolt Depot,https://www.boltdepot.com/Product-Details.aspx?product=15651,,,voron-2.4 voron-1.8 voron-2.2
fasteners.m5x30-bhcs,M5x30 BHCS,Fasteners,recommended,Bolt Depot,Bolt Depot,https://www.boltdepot.com/Product-Details.aspx?product=13348,,,voron-trident
fasteners.m5x30-bhcs,M5x30 BHCS,Fasteners,alternative,McMaster-Carr,McMaster-Carr (100 pack),https://www.mcmaster.com/91239A236/,,,voron-2.4 voron-trident voron-switchwire voron-1.8 voron-2.2
fasteners.m5x40-bhcs,M5x40 BHCS,Fasteners,recommended,Bolt Depot,Bolt Depot,https://boltdepot.com/Product-Details?product=18955,,,voron-trident
fasteners.m5x40-bhcs,M5x40 BHCS,Fasteners,alternative,McMaster-Carr,McMaster-Carr (10 pack),https://www.mcmaster.com/91239A240/,,,voron-trident
fasteners.m5x40-shcs,M5x40 SHCS,Fasteners,recommended,Bolt Depot,Bolt Depot,https://www.boltdepot.com/Product-Details.aspx?product=6527,,,voron-2.4 voron-1.8 voron-2.2
fasteners.m5x40-shcs,M5x40 SHCS,Fasteners,alternative,McMaster-Carr,McMaster-Carr (10 pack),https://www.mcmaster.com/91290A196/,,,voron-2.4 voron-switchwire voron-1.8 voron-2.2
fasteners.m8x16-bhcs,M8x16 BHCS,Fasteners,alternative,McMaster-Carr,McMaster-Carr (25 pack),https://www.mcmaster.com/91239A418/,,,voron-switchwire
filament.primary-color-black,Primary Color (Black),Filament,recommended,villageplastics.com,KVP Black,https://www.villageplastics.com/product/abs,,,voron-m4 mobius-3.1 voron-1.6.2 voron-2.2
filament.primary-color-black,Primary Color (Black),Filament,alternative,Paramount 3D,Paramount ABS,https://www.paramount-3d.com/product-page/absblack,,https://amzn.to/2nb63qR,voron-2.4 voron-switchwire voron-m4 mobius-3.1 voron-1.8 voron-1.6.2 voron-2.2
filament.secondary-color-red,Secondary Color (Red),Filament,recommended,villageplastics.com,KVP Voron Red,https://www.villageplastics.com/product/abs,,,voron-m4 mobius-3.1 voron-1.6.2 voron-2.2
filament.secondary-color-red,Secondary Color (Red),Filament,alternative,Amazon,[Afilliate Link],https://amzn.to/2lqEYQ1,yes,,voron-2.4 voron-switchwire voron-m4 mobius-3.1 voron-1.8 voron-1.6.2 voron-2.2
filament.secondary-color-red,Secondary Color (Red),Filament,alternative,Paramount 3D,Paramount ABS,https://www.paramount-3d.com/product-page/abs-pantone-enzo-red-485c-1-75mm-1kg-filament-trrl3020485c,,,voron-2.4 voron-switchwire voron-m4 mobius-3.1 voron-1.8 voron-1.6.2 voron-2.2
filament.secondary-color-red,Secondary Color (Red),Filament,alternative,Amazon,Hatchbox ABS,https://www.amazon.com/dp/B00J0HB1YI,,https://amzn.to/2ltf8Lj,voron-2.4 voron-switchwire mobius-3.1 voron-1.8 voron-1.6.2 voron-2.2
frame.hfsb5-2020-150-tpw,HFSB5-2020-150-TPW,Frame,recommended,Misumi,Misumi,https://us.misumi-ec.com/vona2/detail/110302683830?HissuCode=HFSB5-2020-150-TPW&KWSearch=HFSB5-2020-150-TPW&PNSearch=HFSB5-2020-150-TPW&searchFlow=results2type,,,voron-1.8
frame.hfsb5-2020-230,HFSB5-2020-230,Frame,recommended,Misumi,Misumi,https://us.misumi-ec.com/vona2/detail/110302683830?HissuCode=HFSB5-2020-250&Keyword=HFSB5-2020-250&PNSearch=HFSB5-2020-250&searchFlow=suggest2products,,,voron-1.8
frame.hfsb5-2020-232-ltp,HFSB5-2020-232-LTP,Frame,recommended,Misumi,Misumi,https://us.misumi-ec.com/vona2/detail/110302683830?HissuCode=HFSB5-2020-232-LTP&KWSearch=HFSB5-2020-232-LTP&PNSearch=HFSB5-2020-232-LTP&searchFlow=results2type,,,voron-trident
frame.hfsb5-2020-240,HFSB5-2020-240,Frame,recommended,Misumi,Misumi,https://us.misumi-ec.com/vona2/detail/110302683830?HissuCode=HFSB5-2020-240&Keyword=HFSB5-2020-240&PNSearch=HFSB5-2020-240&searchFlow=suggest2products,,,voron-trident voron-1.8
frame.hfsb5-2020-282-ltp,HFSB5-2020-282-LTP,Frame,recommended,Misumi,Misumi,https://us.misumi-ec.com/vona2/detail/110302683830?HissuCode=HFSB5-2020-282-LTP&KWSearch=HFSB5-2020-282-LTP&PNSearch=HFSB5-2020-282-LTP&searchFlow=results2type,,,voron-trident
frame.hfsb5-2020-290,HFSB5-2020-290,Frame,recommended,Misumi,Misumi,https://us.misumi-ec.com/vona2/detail/110302683830?HissuCode=HFSB5-2020-290&Keyword=HFSB5-2020-290&PNSearch=HFSB5-2020-290&searchFlow=suggest2products,,,voron-trident
frame.hfsb5-2020-330,HFSB5-2020-330,Frame,recommended,Misumi,Misumi,https://us.misumi-ec.com/vona2/detail/110302683830?HissuCode=HFSB5-2020-330&Keyword=HFSB5-2020-330&PNSearch=HFSB5-2020-330&searchFlow=suggest2products,,,voron-trident
frame.hfsb5-2020-330,HFSB5-2020-330,Frame,recommended,Misumi,Misumi,https://us.misumi-ec.com/vona2/detail/110302683830?HissuCode=HFSB5-2020-330&KWSearch=HFSB5-2020-330&PNSearch=HFSB5-2020-330&searchFlow=results2type,,,voron-1.8
frame.hfsb5-2020-330-ltp,HFSB5-2020-330-LTP,Frame,recommended,Misumi,Misumi,https://us.misumi-ec.com/vona2/detail/110302683830?HissuCode=HFSB5-2020-330-LTP&KWSearch=HFSB5-2020-330-LTP&PNSearch=HFSB5-2020-330-LTP&searchFlow=results2type,,,voron-trident
frame.hfsb5-2020-332-ltp,HFSB5-2020-332-LTP,Frame,recommended,Misumi,Misumi,https://us.misumi-ec.com/vona2/detail/110302683830?HissuCode=HFSB5-2020-332-LTP&KWSearch=HFSB5-2020-332-LTP&PNSearch=HFSB5-2020-332-LTP&searchFlow=results2type,,,voron-trident
frame.hfsb5-2020-340,HFSB5-2020-340,Frame,recommended,Misumi,Misumi,https://us.misumi-ec.com/vona2/detail/110302683830?HissuCode=HFSB5-2020-340&Keyword=HFSB5-2020-340&PNSearch=HFSB5-2020-340&searchFlow=suggest2products,,,voron-trident
frame.hfsb5-2020-370,HFSB5-2020-370,Frame,recommended,Misumi,Misumi,https://us.misumi-ec.com/vona2/detail/110302683830?HissuCode=HFSB5-2020-370&Keyword=HFSB5-2020-370&PNSearch=HFSB5-2020-370&searchFlow=suggest2products,,,voron-1.8
frame.hfsb5-2020-370-ah185,HFSB5-2020-370-AH185,Frame,recommended,Misumi,Misumi,https://us.misumi-ec.com/vona2/detail/110302683830?HissuCode=HFSB5-2020-370-AH185&Keyword=HFSB5-2020-370-AH185&PNSearch=HFSB5-2020-370-AH185&searchFlow=suggest2products,,,voron-trident
frame.hfsb5-2020-370-ah185-tpw,HFSB5-2020-370-AH185-TPW,Frame,recommended,Misumi,Misumi,https://us.misumi-ec.com/vona2/detail/110302683830?HissuCode=HFSB5-2020-370-AH185-TPW&KWSearch=HFSB5-2020-370-AH185-TPW&PNSearch=HFSB5-2020-370-AH185-TPW&searchFlow=results2type,,,voron-trident
frame.hfsb5-2020-370-ah45-bh325,HFSB5-2020-370-AH45-BH325,Frame,recommended,Misumi,Misumi,https://us.misumi-ec.com/vona2/detail/110302683830?HissuCode=HFSB5-2020-370-AH45-BH325&KWSearch=HFSB5-2020-370-AH45-BH325&PNSearch=HFSB5-2020-370-AH45-BH325&searchFlow=results2type,,,voron-1.8
frame.hfsb5-2020-370-tpw,HFSB5-2020-370-TPW,Frame,recommended,Misumi,Misumi,https://us.misumi-ec.com/vona2/detail/110302683830?HissuCode=HFSB5-2020-370-TPW&KWSearch=HFSB5-2020-370-TPW&PNSearch=HFSB5-2020-370-TPW&searchFlow=results2type,,,voron-trident voron-1.8
frame.hfsb5-2020-380,HFSB5-2020-380,Frame,recommended,Misumi,Misumi,https://us.misumi-ec.com/vona2/detail/110302683830?HissuCode=HFSB5-2020-380&Keyword=HFSB5-2020-380&PNSearch=HFSB5-2020-380&searchFlow=suggest2products,,,voron-trident
frame.hfsb5-2020-420-ah210,HFSB5-2020-420-AH210,Frame,recommended,Misumi,Misumi,https://us.misumi-ec.com/vona2/detail/110302683830?HissuCode=HFSB5-2020-420-AH210&Keyword=HFSB5-2020-420-AH210&PNSearch=HFSB5-2020-420-AH210&searchFlow=suggest2products,,,voron-trident
frame.hfsb5-2020-420-ah210-tpw,HFSB5-2020-420-AH210-TPW,Frame,recommended,Misumi,Misumi,https://us.misumi-ec.com/vona2/detail/110302683830?HissuCode=HFSB5-2020-420-AH210-TPW&KWSearch=HFSB5-2020-420-AH210-TPW&PNSearch=HFSB5-2020-420-AH210-TPW&searchFlow=results2type,,,voron-trident
frame.hfsb5-2020-420-tpw,HFSB5-2020-420-TPW,Frame,recommended,Misumi,Misumi,https://us.misumi-ec.com/vona2/detail/110302683830?HissuCode=HFSB5-2020-420-TPW&KWSearch=HFSB5-2020-420-TPW&PNSearch=HFSB5-2020-420-TPW&searchFlow=results2type,,,voron-trident
frame.hfsb5-2020-430,HFSB5-2020-430,Frame,recommended,Misumi,Misumi,https://us.misumi-ec.com/vona2/detail/110302683830?HissuCode=HFSB5-2020-430&Keyword=HFSB5-2020-430&PNSearch=HFSB5-2020-430&searchFlow=suggest2products,,,voron-trident
frame.hfsb5-2020-470-ah235,HFSB5-2020-470-AH235,Frame,recommended,Misumi,Misumi,https://us.misumi-ec.com/vona2/detail/110302683830?HissuCode=HFSB5-2020-470-AH235&Keyword=HFSB5-2020-470-AH235&PNSearch=HFSB5-2020-470-AH235&searchFlow=suggest2products,,,voron-trident
frame.hfsb5-2020-470-ah235-tpw,HFSB5-2020-470-AH235-TPW,Frame,recommended,Misumi,Misumi,https://us.misumi-ec.com/vona2/detail/110302683830?HissuCode=HFSB5-2020-470-AH235-TPW&KWSearch=HFSB5-2020-470-AH235-TPW&PNSearch=HFSB5-2020-470-AH235-TPW&searchFlow=results2type,,,voron-trident
frame.hfsb5-2020-470-tpw,HFSB5-2020-470-TPW,Frame,recommended,Misumi,Misumi,https://us.misumi-ec.com/vona2/detail/110302683830?HissuCode=HFSB5-2020-470-TPW&KWSearch=HFSB5-2020-470-TPW&PNSearch=HFSB5-2020-470-TPW&searchFlow=results2type,,,voron-trident
frame.hfsb5-2020-500-lcp-rcp-av360,HFSB5-2020-500-LCP-RCP-AV360,Frame,recommended,Misumi,Misumi,https://us.misumi-ec.com/vona2/detail/110302683830?HissuCode=HFSB5-2020-500-LCP-RCP-AV360&Keyword=HFSB5-2020-500-LCP-RCP-AV360&PNSearch=HFSB5-2020-500-LCP-RCP-AV360&searchFlow=suggest2products,,,voron-trident
frame.hfsb5-2020-500-ltp-rcp-av380-ap40,HFSB5-2020-500-LTP-RCP-AV380-AP40,Frame,recommended,Misumi,Misumi,https://us.misumi-ec.com/vona2/detail/110302683830?HissuCode=HFSB5-2020-500-LTP-RCP-AV380-AP40&Keyword=HFSB5-2020-500-LTP-RCP-AV380-AP40&PNSearch=HFSB5-2020-500-LTP-RCP-AV380-AP40&searchFlow=suggest2products,,,voron-1.8
frame.makerbeam-xl-15x15-200mm,Makerbeam XL 15x15 200mm,Frame,recommended,Amazon,Amazon [Affiliate Link],https://amzn.to/3aHQ2M1,yes,,voron-0.2 voron-0 voron-0.1
frame.makerbeam-xl-15x15-200mm,Makerbeam XL 15x15 200mm,Frame,alternative,AliExpress,Aliexpress,https://s.click.aliexpress.com/e/_A6swSt,yes,,voron-0.2 voron-0.1
frame.makerbeam-xl-15x15-200mm,Makerbeam XL 15x15 200mm,Frame,alternative,AliExpress,Aliexpress,https://s.click.aliexpress.com/e/_dWk7zQ2,yes,,voron-0
frame.makerbeam-xl-15x15-200mm,Makerbeam XL 15x15 200mm,Frame,budget,AliExpress,Aliexpress,https://www.aliexpress.com/item/4000924320262.html,,,voron-0
frame.misumi-hfsb5-2020-size-depends-use-configurator,Misumi HFSB5-2020 (Size depends - use configurator),Frame,recommended,Misumi,Misumi,https://us.misumi-ec.com/vona2/detail/110302683830?Inch=0,,,voron-2.4 voron-trident voron-1.8 voron-2.2
frame.misumi-hfsb5-2020-size-depends-use-configurator,Misumi HFSB5-2020 (Size depends - use configurator),Frame,alternative,LDO Motors,LDO,https://docs.ldomotors.com/en/voron/LDO_Voron_Distributors,,,voron-trident
frame.openbuilds-angle-corner-connector,OpenBuilds Angle Corner Connector,Frame,recommended,openbuildspartstore.com,OpenBuilds,https://openbuildspartstore.com/black-angle-corner-connector,,,voron-2.4 voron-2.2
hardware.3x5x0-5-shim-ring-3mm-id-5mm-od,"3x5x0.5 Shim Ring (3mm ID, 5mm OD)",Hardware,recommended,AliExpress,Aliexpress,https://s.click.aliexpress.com/e/_d6LLlCu,yes,,voron-0
hardware.3x5x0-5-shim-ring-3mm-id-5mm-od,"3x5x0.5 Shim Ring (3mm ID, 5mm OD)",Hardware,alternative,HobbyTown,HobbyTown,https://www.hobbytown.com/protek-rc-3x5x0.5mm-clutch-washer-10-ptk-h-5911/p188799,,,voron-0
hardware.3x5x0-5-shim-ring-3mm-id-5mm-od,"3x5x0.5 Shim Ring (3mm ID, 5mm OD)",Hardware,budget,AliExpress,Aliexpress,https://s.click.aliexpress.com/e/_dXI90fG,yes,,voron-0
hardware.3x5x0-5-shim-ring-3mm-id-5mm-od,"3x5x0.5 Shim Ring (3mm ID, 5mm OD)",Hardware,non_affiliate,AliExpress,Aliexpress,https://www.aliexpress.com/item/32917948919.html,,,voron-0
hardware.3x7x0-5-shim-ring-3mm-id-7-mm-od,"3x7x0.5 Shim Ring (3mm ID, 7 mm OD)",Hardware,recommended,AliExpress,Aliexpress,https://s.click.aliexpress.com/e/_dUjNx0o,yes,,voron-0
hardware.3x7x0-5-shim-ring-3mm-id-7-mm-od,"3x7x0.5 Shim Ring (3mm ID, 7 mm OD)",Hardware,budget,AliExpress,Aliexpress,https://s.click.aliexpress.com/e/_Bf9nOYLc,yes,,voron-0
hardware.3x7x0-5-shim-ring-3mm-id-7-mm-od,"3x7x0.5 Shim Ring (3mm ID, 7 mm OD)",Hardware,non_affiliate,AliExpress,Aliexpress,https://www.aliexpress.com/item/32917948919.html,,,voron-0
hardware.bmg-extruder-insides,BMG Extruder Insides,Hardware,recommended,AliExpress,Aliexpress (TL),https://www.aliexpress.com/item/4000021186440.html,,https://s.click.aliexpress.com/e/_Alji4k,stealthburner afterburner
hardware.bmg-extruder-insides,BMG Extruder Insides,Hardware,recommended,AliExpress,Aliexpress (TL),https://s.click.aliexpress.com/e/_dY14nbA,yes,,voron-0
hardware.bondtech-drive-gear-kit,Bondtech Drive Gear Kit,Hardware,recommended,Filastruder,Filastruder,https://www.filastruder.com/collections/bondtech/products/drivegear-kit,,,afterburner voron-0
hardware.bondtech-drive-gear-kit,Bondtech Drive Gear Kit,Hardware,alternative/non_affiliate,Bondtech,Bondtech,https://www.bondtech.se/en/product/drivegear-kits,,,afterburner voron-0
hardware.bondtech-drive-gear-kit,Bondtech Drive Gear Kit,Hardware,alternative,AliExpress,TriangleLabs,https://www.aliexpress.com/item/32947193804.html,,,afterburner
hardware.bondtech-drive-gear-kit,Bondtech Drive Gear Kit,Hardware,alternative,AliExpress,TriangleLabs,https://s.click.aliexpress.com/e/_dS7fWDW,yes,,voron-0
hardware.m2-nut,M2 Nut,Hardware,recommended,Bolt Depot,Bolt Depot,https://www.boltdepot.com/Metric_hex_nuts_Stainless_steel_18-8_(A-2).aspx,,,voron-0.2 voron-0 voron-0.1
hardware.m2-nut,M2 Nut,Hardware,budget,AliExpress,Aliexpress,https://s.click.aliexpress.com/e/_d8iqkZ0,yes,,voron-0
hardware.m2-5x12-shcs-for-dragon-hotend-only,M2.5x12 SHCS (for dragon hotend only),Hardware,recommended,AliExpress,Aliexpress,https://www.aliexpress.com/item/4000888356182.html,,,voron-0
hardware.m2-5x6-bhcs,M2.5x6 BHCS,Hardware,recommended,McMaster-Carr,Mcmaster,https://www.mcmaster.com/screws/system-of-measurement~metric/rounded-head-screws/thread-size~m2-5/metric-alloy-steel-button-head-hex-drive-screws,,,voron-0.1
hardware.m2-5x6-bhcs,M2.5x6 BHCS,Hardware,alternative,AliExpress,Aliexpress,https://s.click.aliexpress.com/e/_d7V4XEq,yes,,voron-0.1
hardware.m2x6-bhcs,M2x6 BHCS,Hardware,recommended,AliExpress,Aliexpress,https://s.click.aliexpress.com/e/_dWAEssE,yes,,voron-0
hardware.m2x6-bhcs,M2x6 BHCS,Hardware,budget,AliExpress,Aliexpress,https://www.aliexpress.com/item/32966917947.html,,,voron-0
hardware.m2x6-bhcs,M2x6 BHCS,Hardware,non_affiliate,AliExpress,Aliexpress,https://www.aliexpress.com/item/4000038065691.html,,,voron-0
hardware.m2x6-bhcs-shcs,M2x6 BHCS/SHCS,Hardware,recommended,Bolt Depot,Bolt Depot,https://www.boltdepot.com/Metric_socket_cap_Class_12.9_alloy_steel_black_oxide_finish_2mm_x_0.4mm.aspx,,,voron-0.1
hardware.m2x6-bhcs-shcs,M2x6 BHCS/SHCS,Hardware,alternative,AliExpress,Aliexpress,https://www.aliexpress.com/item/32966917947.html,,,voron-0.1
hardware.m2x6-bhcs-shcs,M2x6 BHCS/SHCS,Hardware,alternative,Amazon,Amazon - M2 kit,https://www.amazon.com/dp/B07W5J19Y5,,,voron-0.1
hardware.m2x6-fhcs,M2x6 FHCS,Hardware,recommended,McMaster-Carr,Mcmaster,https://www.mcmaster.com/91294A004/,,,voron-0.2 voron-0.1
hardware.m2x6-fhcs,M2x6 FHCS,Hardware,alternative,AliExpress,Aliexpress,https://www.aliexpress.com/item/32968616563.html,,,voron-0.2 voron-0.1
hardware.m2x6-shcs,M2x6 SHCS,Hardware,recommended,Bolt Depot,Bolt Depot,https://www.boltdepot.com/Metric_socket_cap_Class_12.9_alloy_steel_black_oxide_finish_2mm_x_0.4mm.aspx,,,voron-0.2
hardware.m2x6-shcs,M2x6 SHCS,Hardware,alternative,AliExpress,Aliexpress,https://www.aliexpress.com/item/2251832870888463.html,,,voron-0.2
hardware.m2x6-shcs,M2x6 SHCS,Hardware,alternative,Amazon,Amazon - M2 kit,https://www.amazon.com/dp/B07W5J19Y5,,,voron-0.2
hardware.m2x8-shcs,M2x8 SHCS,Hardware,recommended,Bolt Depot,Bolt Depot,https://www.boltdepot.com/Metric_socket_cap_Class_12.9_alloy_steel_black_oxide_finish_2mm_x_0.4mm.aspx,,,voron-0.2 voron-0 voron-0.1
hardware.m2x8-shcs,M2x8 SHCS,Hardware,budget/alternative,AliExpress,Aliexpress,https://s.click.aliexpress.com/e/_d6vrEGq,yes,,voron-0 voron-0.1
hardware.m2x8-shcs,M2x8 SHCS,Hardware,alternative,Amazon,Amazon - M2 kit,https://amzn.to/3c0xpEh,yes,,voron-0.2 voron-0.1
hardware.m2x8-shcs,M2x8 SHCS,Hardware,alternative,AliExpress,Aliexpress,https://www.aliexpress.com/item/2251832870888463.html,,,voron-0.2
hardware.m2x8-shcs,M2x8 SHCS,Hardware,alternative,Amazon,Amazon - M2 kit [Affiliate Link],https://amzn.to/2SiHdlD,yes,,voron-0
hardware.m2x8mm-self-tapping-screw,M2x8mm Self Tapping Screw,Hardware,recommended,McMaster-Carr,McMaster-Carr (50 pack),https://www.mcmaster.com/99397A264/,,,jetpack
hardware.m2x8mm-self-tapping-screw,M2x8mm Self Tapping Screw,Hardware,alternative,AliExpress,Aliexpress,https://www.aliexpress.com/item/32748428213.html,,,jetpack
hardware.m3-hexnut,M3 Hexnut,Hardware,recommended,Bolt Depot,Bolt Depot,https://www.boltdepot.com/Product-Details.aspx?product=4783,,,voron-2.4 afterburner mobius-3.1 jetpack voron-1.8 voron-2.2
hardware.m3-hexnut,M3 Hexnut,Hardware,recommended,Bolt Depot,Bolt Depot,https://www.boltdepot.com/Metric_hex_nuts_Stainless_steel_18-8_(A-2).aspx,,,voron-0.2 voron-0 voron-0.1
hardware.m3-hexnut,M3 Hexnut,Hardware,alternative,McMaster-Carr,McMaster-Carr (100 pack),https://www.mcmaster.com/90591A250/,,,voron-2.4 voron-switchwire mobius-3.1 jetpack voron-1.8 voron-2.2
hardware.m3-hexnut,M3 Hexnut,Hardware,budget,AliExpress,Aliexpress,https://www.aliexpress.com/item/32977174437.html,,,voron-0
hardware.m3-thumb-nuts,M3 Thumb Nuts,Hardware,recommended,AliExpress,Aliexpress,https://www.aliexpress.com/item/4000023683078.html,,,voron-0
hardware.m3x10-bhcs,M3x10 BHCS,Hardware,recommended,Bolt Depot,Bolt Depot,https://www.boltdepot.com/Metric_socket_button_head_Class_12.9_alloy_steel_black_oxide_finish_3mm_x_0.5mm.aspx,,,voron-0.2 voron-0 voron-0.1
hardware.m3x10-bhcs,M3x10 BHCS,Hardware,alternative/budget,AliExpress,Aliexpress,https://s.click.aliexpress.com/e/_dTG8kTc,yes,,voron-0.2 voron-0 voron-0.1
hardware.m3x12-bhcs,M3x12 BHCS,Hardware,recommended,Bolt Depot,Bolt Depot,https://www.boltdepot.com/Metric_socket_button_head_Class_12.9_alloy_steel_black_oxide_finish_3mm_x_0.5mm.aspx,,,voron-0.2 voron-0 voron-0.1
hardware.m3x12-bhcs,M3x12 BHCS,Hardware,alternative/budget,AliExpress,Aliexpress,https://s.click.aliexpress.com/e/_dWjW7lk,yes,,voron-0.2 voron-0 voron-0.1
hardware.m3x16-bhcs,M3x16 BHCS,Hardware,recommended,Bolt Depot,Bolt Depot,https://www.boltdepot.com/Metric_socket_button_head_Class_12.9_alloy_steel_black_oxide_finish_3mm_x_0.5mm.aspx,,,voron-0.2 voron-0.1
hardware.m3x16-bhcs,M3x16 BHCS,Hardware,alternative,AliExpress,Aliexpress,https://s.click.aliexpress.com/e/_dWjW7lk,yes,,voron-0.2 voron-0.1
hardware.m3x25-bhcs,M3x25 BHCS,Hardware,recommended,Bolt Depot,Bolt Depot,https://www.boltdepot.com/Product-Details.aspx?product=18942,,,voron-0.2 voron-0 voron-0.1
hardware.m3x25-bhcs,M3x25 BHCS,Hardware,alternative/budget,AliExpress,Aliexpress,https://s.click.aliexpress.com/e/_dYUPJWe,yes,,voron-0.2 voron-0 voron-0.1
hardware.m3x30-bhcs,M3x30 BHCS,Hardware,recommended,Bolt Depot,Bolt Depot,https://www.boltdepot.com/Product-Details.aspx?product=18943,,,voron-0.2 voron-0 voron-0.1
hardware.m3x30-bhcs,M3x30 BHCS,Hardware,alternative/budget,AliExpress,Aliexpress,https://s.click.aliexpress.com/e/_dUZTaXk,yes,,voron-0.2 voron-0 voron-0.1
hardware.m3x35-bhcs,M3x35 BHCS,Hardware,alternative/recommended/budget,AliExpress,Aliexpress,https://www.aliexpress.com/item/32932033872.html,,,voron-0.2 voron-0 voron-0.1
hardware.m3x35-bhcs,M3x35 BHCS,Hardware,recommended,Bolt Depot,Bolt Depot,https://www.boltdepot.com/Metric_socket_button_head_Class_12.9_alloy_steel_black_oxide_finish_3mm_x_0.5mm.aspx,,,voron-0.2 voron-0.1
hardware.m3x40-bhcs,M3x40 BHCS,Hardware,alternative/recommended/budget,AliExpress,Aliexpress,https://www.aliexpress.com/item/32932033872.html,,,voron-0.2 voron-0 voron-0.1
hardware.m3x40-bhcs,M3x40 BHCS,Hardware,recommended,Bolt Depot,Bolt Depot,https://www.boltdepot.com/Product-Details.aspx?product=15294,,,voron-0.2 voron-0.1
hardware.m3x50-shcs,M3x50 SHCS,Hardware,recommended,McMaster-Carr,McMaster,https://www.mcmaster.com/91290A137/,,,stealthburner
hardware.m3x6mm-set-screw,M3x6mm Set Screw,Hardware,recommended,Bolt Depot,Bolt Depot,https://www.boltdepot.com/Product-Details.aspx?product=8828,,,jetpack
hardware.m3x6mm-set-screw,M3x6mm Set Screw,Hardware,alternative,AliExpress,Aliexpress,https://www.aliexpress.com/item/32580033189.html,,,jetpack
hardware.m3x6mm-set-screw,M3x6mm Set Screw,Hardware,alternative,McMaster-Carr,McMaster-Carr (100 pack),https://www.mcmaster.com/91390A100/,,,jetpack
hardware.m3x8-bhcs,M3x8 BHCS,Hardware,recommended,Bolt Depot,Bolt Depot,https://www.boltdepot.com/Metric_socket_button_head_Class_12.9_alloy_steel_black_oxide_finish_3mm_x_0.5mm.aspx,,,voron-0.2 voron-0 voron-0.1
hardware.m3x8-bhcs,M3x8 BHCS,Hardware,alternative/budget,AliExpress,Aliexpress,https://s.click.aliexpress.com/e/_d69Qoqw,yes,,voron-0.2 voron-0 voron-0.1
hardware.m5x25-bhcs,M5x25 BHCS,Hardware,recommended,Bolt Depot,Bolt Depot,https://www.boltdepot.com/Product-Details.aspx?product=15650,,,jetpack
hardware.m5x25-bhcs,M5x25 BHCS,Hardware,alternative,McMaster-Carr,McMaster-Carr (100 pack),https://www.mcmaster.com/91239A234/,,,jetpack
hardware.m5x35mm-bhcs,M5x35mm BHCS,Hardware,recommended,Bolt Depot,Bolt Depot,https://www.boltdepot.com/Metric_socket_button_head_Class_12.9_alloy_steel_black_oxide_finish_5mm_x_0.8mm.aspx,,,voron-0
hardware.m5x35mm-bhcs,M5x35mm BHCS,Hardware,budget,AliExpress,Aliexpress,https://s.click.aliexpress.com/e/_d9EGBZ4,yes,,voron-0
hardware.makerbeam-xl-m3-t-nut,Makerbeam XL M3 t-nut,Hardware,recommended,Amazon,Amazon,https://amzn.to/2UKJlnQ,yes,,voron-0.2 voron-0.1
hardware.makerbeam-xl-m3-t-nut,Makerbeam XL M3 t-nut,Hardware,alternative,AliExpress,Aliexpress,https://s.click.aliexpress.com/e/_dWBgQGQ,yes,,voron-0.2 voron-0.1
hardware.makerbeam-xl-m3-t-nut-15-x-5-5-x-1-5mm,Makerbeam XL M3 t-nut (15 x 5.5 x 1.5mm),Hardware,recommended,Amazon,Amazon [Affiliate Link],https://amzn.to/2YdtWOV,yes,,voron-0
hardware.makerbeam-xl-m3-t-nut-15-x-5-5-x-1-5mm,Makerbeam XL M3 t-nut (15 x 5.5 x 1.5mm),Hardware,budget,AliExpress,Aliexpress,https://s.click.aliexpress.com/e/_dWBgQGQ,yes,,voron-0
hardware.shim-washer-6mm-od-3mm-id-0-5mm-thick-thickness-is-important,Shim Washer - 6mm OD - 3mm ID - 0.5mm Thick (thickness is important),Hardware,recommended,AliExpress,Aliexpress,https://s.click.aliexpress.com/e/_dUjNx0o,yes,,voron-0.2 voron-0.1
hardware.shim-washer-6mm-od-3mm-id-0-5mm-thick-thickness-is-important,Shim Washer - 6mm OD - 3mm ID - 0.5mm Thick (thickness is important),Hardware,alternative,AliExpress,Aliexpress,https://s.click.aliexpress.com/e/_Bf9nOYLc,yes,,voron-0.2 voron-0.1
hardware.thumb-screw-assembly,Thumb Screw Assembly,Hardware,recommended/alternative/non_affiliate,Bondtech,Bondtech,https://www.bondtech.se/en/product/thumbscrew-assembly,,,voron-0.2 afterburner voron-m4 voron-0 voron-0.1
hardware.thumb-screw-assembly,Thumb Screw Assembly,Hardware,alternative/recommended,Filastruder,Filastruder,https://www.filastruder.com/collections/bondtech/products/bondtech-thumbscrew-assembly,,,voron-0.2 afterburner voron-m4 voron-0 voron-0.1
hardware.thumb-screw-assembly,Thumb Screw Assembly,Hardware,alternative,AliExpress,TriangleLabs,https://s.click.aliexpress.com/e/_dUxr46o,yes,,voron-0.2 voron-0 voron-0.1
hardware.thumb-screw-assembly,Thumb Screw Assembly,Hardware,alternative,AliExpress,TriangleLabs,https://www.aliexpress.com/item/32947691813.html,,,afterburner voron-m4
hotend.2-into-1-y-splitter,2 into 1 Y Splitter,Hotend,recommended,AliExpress,Aliexpress,https://www.aliexpress.com/item/32770576556.html,,https://s.click.aliexpress.com/e/oGRvh1j6,optional-parts
hotend.copper-v6-heat-block,Copper V6 Heat Block,Hotend,recommended,AliExpress,Aliexpress,https://www.aliexpress.com/item/4000011928654.html,,https://s.click.aliexpress.com/e/mcsnCIne,optional-parts
hotend.copper-volcano-heatblock,Copper Volcano Heatblock,Hotend,recommended,AliExpress,Aliexpress,https://www.aliexpress.com/item/4000012110390.html,,https://s.click.aliexpress.com/e/NWDuAJdA,optional-parts
hotend.e3d-v6-bowden-hotend-kit-12v,E3D V6 Bowden Hotend Kit (12V),Hotend,recommended,AliExpress,Trianglelab,https://www.aliexpress.com/item/32844028127.html,,https://s.click.aliexpress.com/e/NJsPnaGs,voron-1.6.2 voron-2.2
hotend.e3d-v6-bowden-hotend-kit-12v,E3D V6 Bowden Hotend Kit (12V),Hotend,alternative,Filastruder,Filastruder,https://www.filastruder.com/products/all-metal-e3d-v6-hotend,,,voron-1.6.2 voron-2.2
hotend.e3d-volcano-bowden-hotend-kit-12v,E3D Volcano Bowden Hotend Kit (12V),Hotend,recommended,AliExpress,Aliexpress,https://www.aliexpress.com/item/32844080369.html,,https://s.click.aliexpress.com/e/KXNPe49K,optional-parts
hotend.trianglelab-dragon-hotend,TriangleLab Dragon HotEnd,Hotend,recommended,AliExpress,Aliexpress,https://www.aliexpress.com/item/1005002477263672.html,,,optional-parts
hotend.v6-and-or-mosquito-brass-nozzle,V6 and/or Mosquito Brass Nozzle,Hotend,recommended,AliExpress,Aliexpress,https://www.aliexpress.com/item/32835656952.html,,https://s.click.aliexpress.com/e/Fq2srdXS,optional-parts
hotend.v6-and-or-mosquito-copper-nozzle,V6 and/or Mosquito Copper Nozzle,Hotend,recommended,AliExpress,Aliexpress,https://www.aliexpress.com/item/33044552706.html,yes,https://s.click.aliexpress.com/e/Oe8WqhF2,optional-parts
hotend.v6-and-or-mosquito-steel-nozzle,V6 and/or Mosquito Steel Nozzle,Hotend,recommended,AliExpress,Aliexpress,https://www.aliexpress.com/item/32850756758.html,,https://s.click.aliexpress.com/e/LJTOcZYy,optional-parts
hotend.v6-volcano-heatsink,V6/Volcano Heatsink,Hotend,recommended,AliExpress,Silver,https://www.aliexpress.com/item/32842829820.html,,https://s.click.aliexpress.com/e/NBmwSZeC,optional-parts
hotend.v6-volcano-heatsink,V6/Volcano Heatsink,Hotend,alternative,AliExpress,Gold,https://www.aliexpress.com/item/32895954372.html,,https://s.click.aliexpress.com/e/oKgf0o2U,optional-parts
hotend.v6-volcano-titanium-heatbreak,V6/Volcano Titanium Heatbreak,Hotend,recommended,AliExpress,Aliexpress,https://www.aliexpress.com/item/32853548000.html,,https://s.click.aliexpress.com/e/ryH5bQic,optional-parts
hotend.volcano-brass-nozzle,Volcano Brass Nozzle,Hotend,recommended,AliExpress,Aliexpress,https://www.aliexpress.com/item/32839344108.html,,https://s.click.aliexpress.com/e/23Kn1ego,optional-parts
hotend.volcano-copper-nozzle,Volcano Copper Nozzle,Hotend,recommended,AliExpress,Aliexpress,https://www.aliexpress.com/item/4000002246568.html,,https://s.click.aliexpress.com/e/BkBHRuqc,optional-parts
hotend.volcano-steel-nozzle,Volcano Steel Nozzle,Hotend,recommended,AliExpress,Aliexpress,https://www.aliexpress.com/item/32879512832.html,,https://s.click.aliexpress.com/e/swWaYCdw,optional-parts
kits.voron-v0-1-kit-formbot,Voron V0.1 Kit - FORMBOT,Kits,recommended,AliExpress,Formbot,https://s.click.aliexpress.com/e/_9xE4rJ,yes,,voron-0.2 voron-0.1
kits.voron-v0-1-kit-fystech,Voron V0.1 Kit - FYSTECH,Kits,recommended,AliExpress,Fystech | Fysetc,https://s.click.aliexpress.com/e/_ADOH0H,yes,,voron-0.2 voron-0.1
kits.voron-v0-1-kit-ldo,Voron V0.1 Kit - LDO,Kits,recommended,mnlasercutting.com,MNLaserCutting,https://mnlasercutting.com/shop/p/voron-zero-ldo-kit,,,voron-0.2 voron-0.1
kits.voron-v0-1-kit-ldo,Voron V0.1 Kit - LDO,Kits,alternative,Printed Solid,Printed Solid,https://www.printedsolid.com/collections/voron-collection/products/ldo-voron-v0-1-printer-kit?variant=39760894918741,,,voron-0.2 voron-0.1
kits.voron-v0-1-kit-siboor,Voron V0.1 Kit - SIBOOR,Kits,recommended,AliExpress,Siboor,https://s.click.aliexpress.com/e/_Dl1IOoF,yes,,voron-0.2
misc.3m-5952-vhb,3m 5952 VHB,Misc,recommended,AliExpress,Aliexpress,https://s.click.aliexpress.com/e/_A5re2G,yes,,voron-0.2 voron-0.1
misc.3m-vhb-tape,3M VHB Tape,Misc,recommended,Amazon,Amazon,https://www.amazon.com/dp/B00GTAB20M,,https://amzn.to/2Ywn4JB,optional-parts
misc.6mm-x-3mm-round-neodymium-magnets,6mm x 3mm Round Neodymium Magnets,Misc,recommended/non_affiliate,AliExpress,Aliexpress,https://www.aliexpress.com/item/1005001418808468.html,,https://s.click.aliexpress.com/e/_AWamq8,voron-2.4 voron-trident voron-0
misc.6mm-x-3mm-round-neodymium-magnets,6mm x 3mm Round Neodymium Magnets,Misc,recommended/alternative,AliExpress,Aliexpress,https://s.click.aliexpress.com/e/_A7td4j,yes,,voron-0.2 voron-0.1
misc.6mm-x-3mm-round-neodymium-magnets,6mm x 3mm Round Neodymium Magnets,Misc,alternative/recommended,AliExpress,Aliexpress,https://www.aliexpress.com/item/1005001428057323.html,,,voron-switchwire voron-0
misc.6mm-x-3mm-round-neodymium-magnets,6mm x 3mm Round Neodymium Magnets,Misc,alternative,AliExpress,Aliexpress,https://www.aliexpress.com/item/32951137017.html,,,voron-2.4 voron-trident voron-switchwire voron-0
misc.6mm-x-3mm-round-neodymium-magnets,6mm x 3mm Round Neodymium Magnets,Misc,alternative,AliExpress,[Affiliate Link],https://s.click.aliexpress.com/e/_AWamq8,yes,,voron-switchwire
misc.6x3mm-magnet,6x3mm Magnet,Misc,recommended,AliExpress,Aliexpress,https://www.aliexpress.com/item/1005001418808468.html,,,stealthburner
misc.6x3mm-magnet,6x3mm Magnet,Misc,alternative,AliExpress,Aliexpress,https://www.aliexpress.com/item/32951137017.html,,,stealthburner
misc.bmg-extruder-hardware-kit-if-configured-with-direct-feed,BMG Extruder Hardware Kit (if configured with direct feed),Misc,recommended,AliExpress,Aliexpress (TL),https://www.aliexpress.com/item/4000021186440.html,,https://s.click.aliexpress.com/e/_Alji4k,voron-2.4
misc.bmg-extruder-hardware-kit-if-configured-with-direct-feed,BMG Extruder Hardware Kit (if configured with direct feed),Misc,alternative,AliExpress,[Affiliate Link],https://s.click.aliexpress.com/e/_Alji4k,yes,,voron-switchwire
misc.bowden-coupler-for-4mm-od-tube,Bowden Coupler (for 4mm OD tube),Misc,recommended,E3D,E3D (1.75mm),https://e3d-online.com/products/threaded-bowden-coupling,,,voron-2.4
misc.bowden-coupler-for-4mm-od-tube,Bowden Coupler (for 4mm OD tube),Misc,alternative,McMaster-Carr,McMaster-Carr,https://www.mcmaster.com/5449K171/,,,voron-2.4
misc.bowden-tube,Bowden Tube,Misc,recommended,AliExpress,Aliexpress,https://www.aliexpress.com/item/1005001408141263.html,,https://s.click.aliexpress.com/e/_AZwI9m https://s.click.aliexpress.com/e/5OVtqbtq,voron-trident voron-1.8
misc.bowden-tube,Bowden Tube,Misc,recommended,AliExpress,Aliexpress,https://www.aliexpress.com/item/32433845259.html,,https://s.click.aliexpress.com/e/lDGrz3WY https://s.click.aliexpress.com/e/5OVtqbtq,mobius-3.1 voron-2.2
misc.bowden-tube,Bowden Tube,Misc,alternative,AliExpress,Trianglelab,https://www.aliexpress.com/item/32811240720.html,,https://s.click.aliexpress.com/e/_97zgoG https://s.click.aliexpress.com/e/24kCsx6s https://s.click.aliexpress.com/e/D7QNRBCk,voron-trident mobius-3.1 voron-1.8 voron-2.2
misc.bowden-tube-4mm-od-2mm-id,"Bowden Tube (4mm OD, 2mm ID)",Misc,recommended,AliExpress,Aliexpress,https://www.aliexpress.com/item/32433845259.html,,,jetpack
misc.bowden-tube-4mm-od-2mm-id,"Bowden Tube (4mm OD, 2mm ID)",Misc,alternative,AliExpress,[Affiliate Link],https://s.click.aliexpress.com/e/5OVtqbtq,yes,,voron-switchwire
misc.bowden-tube-4mm-od-2mm-id,"Bowden Tube (4mm OD, 2mm ID)",Misc,alternative,AliExpress,Trianglelab,https://www.aliexpress.com/item/32811240720.html,,https://s.click.aliexpress.com/e/D7QNRBCk,voron-switchwire
misc.bowden-tube-4mm-od-3mm-id-optional-for-reverse-bowden,"Bowden Tube (4mm OD, 3mm ID) optional for reverse bowden",Misc,alternative,AliExpress,[Affiliate Link],https://s.click.aliexpress.com/e/5OVtqbtq,yes,,voron-switchwire
misc.bowden-tube-4mm-od-3mm-id-optional-for-reverse-bowden,"Bowden Tube (4mm OD, 3mm ID) optional for reverse bowden",Misc,alternative,AliExpress,Trianglelab,https://www.aliexpress.com/item/32811240720.html,,https://s.click.aliexpress.com/e/D7QNRBCk,voron-switchwire
misc.bowden-tube-4mm-od-id-depends-on-extruder-type,"Bowden Tube (4mm OD, ID depends on extruder type)",Misc,recommended,AliExpress,Aliexpress,https://www.aliexpress.com/item/1005001408141263.html,,https://s.click.aliexpress.com/e/5OVtqbtq,voron-2.4
misc.bowden-tube-4mm-od-id-depends-on-extruder-type,"Bowden Tube (4mm OD, ID depends on extruder type)",Misc,alternative,AliExpress,Trianglelab,https://www.aliexpress.com/item/32811240720.html,,https://s.click.aliexpress.com/e/D7QNRBCk,voron-2.4
misc.din-rail-electronics-enclosure-steel-35mm-wide-7-5mm-tall-steel,"DIN Rail - Electronics Enclosure - Steel - 35mm wide, 7.5mm tall, Steel",Misc,recommended,AliExpress,Aliexpress,https://www.aliexpress.com/item/4001002262174.html,,https://s.click.aliexpress.com/e/_AAsUJw https://s.click.aliexpress.com/e/_dTsPGyB,voron-trident voron-1.8
misc.filament-out-switch,Filament Out Switch,Misc,recommended,AliExpress,Aliexpress,https://www.aliexpress.com/item/32829808063.html,,https://s.click.aliexpress.com/e/BhjkEO4o,optional-parts
misc.foam-panel-tape-5mm-wide-1mm-thick,Foam Panel Tape (5mm Wide/1mm Thick),Misc,recommended,AliExpress,Aliexpress,https://www.aliexpress.com/item/32885016096.html,,https://s.click.aliexpress.com/e/KQxWUrx6,optional-parts
misc.foam-panel-tape-5mm-wide-1mm-thick,Foam Panel Tape (5mm Wide/1mm Thick),Misc,alternative,Amazon,Amazon,https://www.amazon.com/dp/B07L6JKJD1,,https://amzn.to/2qxGYIn,optional-parts
misc.foam-panel-tape-5mm-wide-3mm-thick,Foam Panel Tape (5mm wide/3mm thick),Misc,recommended,AliExpress,Aliexpress,https://www.aliexpress.com/item/32885016096.html,,https://s.click.aliexpress.com/e/KQxWUrx6,voron-2.4 voron-trident
misc.fume-extractor-carbon-filter-element,Fume Extractor Carbon Filter Element,Misc,recommended,Amazon,Amazon,https://www.amazon.com/dp/B07KWYTCG5,,,optional-parts
misc.fume-extractor-carbon-filter-element,Fume Extractor Carbon Filter Element,Misc,alternative,AliExpress,Aliexpress,https://www.aliexpress.com/item/32981088131.html,,https://s.click.aliexpress.com/e/4B9KGk8u,optional-parts
misc.fume-extractor-carbon-filter-element,Fume Extractor Carbon Filter Element,Misc,alternative,AliExpress,Aliexpress,https://www.aliexpress.com/item/33051112482.html,,https://s.click.aliexpress.com/e/E6KiCRte,optional-parts
misc.john-guest-bowden-coupling-1-8-bspp-4mm-tubing,"John Guest Bowden Coupling (1/8"" BSPP, 4mm Tubing)",Misc,recommended,E3D,E3D-Online,https://e3d-online.com/threaded-bowden-coupling,,,jetpack
misc.john-guest-bowden-coupling-1-8-bspp-4mm-tubing,"John Guest Bowden Coupling (1/8"" BSPP, 4mm Tubing)",Misc,alternative,Filastruder,Filastruder,https://www.filastruder.com/products/bowden-couplings-all-types?variant=21285997380,,,jetpack
misc.little-rubber-feet-14x11x9mm,Little Rubber Feet (14x11x9mm),Misc,recommended/budget,AliExpress,Aliexpress,https://s.click.aliexpress.com/e/_A8ySFU,yes,,voron-0.2 voron-0 voron-0.1
misc.little-rubber-feet-14x11x9mm,Little Rubber Feet (14x11x9mm),Misc,non_affiliate,AliExpress,Aliexpress,https://www.aliexpress.com/item/32757667021.html,,,voron-0
misc.metal-x-carriage-optional,Metal X Carriage (OPTIONAL),Misc,recommended,AliExpress,AliExpress,https://s.click.aliexpress.com/e/_9ih40f,yes,,voron-0.1
misc.mosquito-hotend-sock,Mosquito Hotend Sock,Misc,recommended,AliExpress,Aliexpress,https://www.aliexpress.com/item/4000172934426.html,,https://s.click.aliexpress.com/e/M8p5G5AY,optional-parts
misc.needle-bearings-for-bondtech-idler,Needle Bearings for Bondtech Idler,Misc,recommended,AliExpress,Aliexpress,https://www.aliexpress.com/item/32948087238.html,,https://s.click.aliexpress.com/e/Fz7mYwPe,mobius-3.1
misc.nozzle-scrubber-brush,Nozzle Scrubber Brush,Misc,recommended,AliExpress,Aliexpress,https://www.aliexpress.com/item/32970253811.html,,https://s.click.aliexpress.com/e/kptqUO68,optional-parts
misc.nozzle-scrubber-brush,Nozzle Scrubber Brush,Misc,alternative,Amazon,Amazon,https://www.amazon.com/dp/B07BBLCFPF,,https://amzn.to/31Y3hEX,optional-parts
misc.ptfe-tube,PTFE Tube,Misc,recommended,AliExpress,Aliexpress,https://www.aliexpress.com/item/1005001408141263.html,,,stealthburner
misc.ptfe-tube,PTFE Tube,Misc,alternative,AliExpress,Trianglelab,https://www.aliexpress.com/item/32811240720.html,,,stealthburner
misc.v6-hotend-sock,V6 Hotend Sock,Misc,recommended,AliExpress,Aliexpress,https://www.aliexpress.com/item/32922594383.html,,https://s.click.aliexpress.com/e/NpWkJah2,optional-parts
misc.volcano-hotend-sock,Volcano Hotend Sock,Misc,recommended,AliExpress,Aliexpress,https://www.aliexpress.com/item/32970236537.html,,https://s.click.aliexpress.com/e/F22jPtbK,optional-parts
motion.110-gt2-belt-loop,110 gt2 belt loop,Motion,alternative,AliExpress,Aliexpress,https://s.click.aliexpress.com/e/_dUvssaY,yes,,voron-0
motion.5mm-x-45mm-shaft-grind-flat,5mm x 45mm Shaft - Grind Flat,Motion,recommended,AliExpress,linkcnc (Aliexpress),https://www.aliexpress.com/item/1739093502.html,,,jetpack
motion.5mm-x-50mm-shaft,5mm x 50mm Shaft,Motion,recommended,AliExpress,linkcnc,https://www.aliexpress.com/item/1739093502.html,,https://s.click.aliexpress.com/e/pfKSpt7E,voron-m4 mobius-3.1
motion.5x26mm-shaft,5x26mm Shaft,Motion,recommended,AliExpress,linkcnc,https://www.aliexpress.com/item/1739093502.html,,https://s.click.aliexpress.com/e/sn5eoCiG,voron-2.2
motion.5x28mm-shaft-you-can-cut-down-a-30mm-bed-height-will-change-this,"5x28mm Shaft - (You can cut down a 30mm, Bed Height will change this)",Motion,recommended,AliExpress,linkcnc,https://www.aliexpress.com/item/1739093502.html,,https://s.click.aliexpress.com/e/EKBTkxNm,voron-2.2
motion.5x30mm-shaft,5x30mm Shaft,Motion,recommended,AliExpress,linkcnc,https://www.aliexpress.com/item/1739093502.html,,https://s.click.aliexpress.com/e/EKBTkxNm,voron-2.4 voron-2.2
motion.5x30mm-shaft,5x30mm Shaft,Motion,recommended,AliExpress,linkcnc,https://www.aliexpress.com/item/32769265211.html,,https://s.click.aliexpress.com/e/_A3ZXre https://s.click.aliexpress.com/e/_dVVEgCH,voron-trident voron-1.8
motion.5x50mm-shaft-grind-flat,5x50mm Shaft - Grind Flat,Motion,recommended,AliExpress,linkcnc,https://www.aliexpress.com/item/1739093502.html,,https://s.click.aliexpress.com/e/LquJdTx2,voron-2.2
motion.5x60mm-shaft-grind-flat,5x60mm Shaft - Grind Flat,Motion,recommended,AliExpress,linkcnc,https://www.aliexpress.com/item/1739093502.html,,https://s.click.aliexpress.com/e/LquJdTx2,voron-2.4 voron-2.2
motion.625-2rs-bearing,625 2RS Bearing,Motion,recommended,AliExpress,RainDew,https://www.aliexpress.com/item/32991204773.html,,https://s.click.aliexpress.com/e/3slenRuM,voron-2.4 voron-2.2
motion.625-2rs-bearing,625 2RS Bearing,Motion,alternative,AliExpress,Fushi,https://www.aliexpress.com/item/32802288535.html,,https://s.click.aliexpress.com/e/nNRaugdw,voron-2.4 voron-2.2
motion.8mm-t8x8-trapezoidal-acme-lead-screw-200mm-8mm-lead,8mm T8x8 Trapezoidal ACME Lead Screw 200mm (8mm lead),Motion,recommended,AliExpress,Aliexpress,https://s.click.aliexpress.com/e/_dXySUv6,yes,,voron-0
motion.8mm-t8x8-trapezoidal-acme-lead-screw-200mm-8mm-lead,8mm T8x8 Trapezoidal ACME Lead Screw 200mm (8mm lead),Motion,alternative,AliExpress,Aliexpress,https://s.click.aliexpress.com/e/_d61Z1GI,yes,,voron-0
motion.bondtech-drive-gear-set,Bondtech Drive Gear Set,Motion,recommended,AliExpress,TriangleLab | TriangleLab (Aliexpress),https://www.aliexpress.com/item/32907327548.html,,https://s.click.aliexpress.com/e/5dL9AJgU,voron-m4 mobius-3.1 jetpack
motion.bondtech-drive-gear-set,Bondtech Drive Gear Set,Motion,alternative,filamentone.com,Bondtech,https://www.filamentone.com/products/bondtech-drivegear-kit-1-75-5-0?_pos=11&_sid=f893ca158&_ss=r,,,voron-m4 mobius-3.1
motion.extruder-spring,Extruder Spring,Motion,recommended,AliExpress,TriangleLab (Aliexpress),https://www.aliexpress.com/item/32811213869.html,,,jetpack
motion.f623-rs-bearing,F623-RS Bearing,Motion,recommended,AliExpress,Aliexpress,https://s.click.aliexpress.com/e/_AOxtwP,yes,,voron-0.2 voron-0.1
motion.f623-rs-bearing,F623-RS Bearing,Motion,recommended/budget,AliExpress,Aliexpress - Motion Kit,https://s.click.aliexpress.com/e/_d8ZR3hm,yes,,voron-0
motion.f623-rs-bearing,F623-RS Bearing,Motion,alternative,AliExpress,Aliexpress,https://s.click.aliexpress.com/e/_d6E3oIC,yes,,voron-0.2 voron-0 voron-0.1
motion.f688-rs-bearing,F688-RS Bearing,Motion,alternative,AliExpress,Aliexpress,https://s.click.aliexpress.com/e/_d8sMqn6,yes,,voron-0
motion.f688-rs-bearing,F688-RS Bearing,Motion,budget,AliExpress,F-688 zz,https://s.click.aliexpress.com/e/_dZVGC8K,yes,,voron-0
motion.f695-2rs,F695 2RS,Motion,recommended,AliExpress,RainDew,https://www.aliexpress.com/item/33001186278.html,,https://s.click.aliexpress.com/e/ki24Gbqg,voron-m4 mobius-3.1
motion.f695-2rs,F695 2RS,Motion,alternative,AliExpress,Fushi,https://www.aliexpress.com/item/32850989216.html,,https://s.click.aliexpress.com/e/sNdv53Gc,voron-m4 mobius-3.1
motion.f695-2rs-bearing,F695 2RS Bearing,Motion,recommended,AliExpress,RainDew,https://www.aliexpress.com/item/33001186278.html,,https://s.click.aliexpress.com/e/FhQBXGmc,voron-2.4 voron-2.2
motion.f695-2rs-bearing,F695 2RS Bearing,Motion,alternative,AliExpress,Fushi,https://www.aliexpress.com/item/32850989216.html,,https://s.click.aliexpress.com/e/Mv4uHJoM,voron-2.4 voron-switchwire voron-2.2
motion.f695-2rs-bearing,F695 2RS Bearing,Motion,alternative,AliExpress,[Affiliate Link],https://s.click.aliexpress.com/e/FhQBXGmc,yes,,voron-switchwire
motion.f695-bearing,F695 Bearing,Motion,recommended,AliExpress,RainDew,https://www.aliexpress.com/item/33001186278.html,,https://s.click.aliexpress.com/e/FhQBXGmc,voron-1.8
motion.f695-bearing,F695 Bearing,Motion,alternative,AliExpress,Fushi,https://www.aliexpress.com/item/32850989216.html,,https://s.click.aliexpress.com/e/Mv4uHJoM,voron-1.8
motion.f695-bearing-add-two-for-stepper-double-shear,F695 Bearing (add two for stepper double shear),Motion,recommended,AliExpress,RainDew,https://www.aliexpress.com/item/33001186278.html,,https://s.click.aliexpress.com/e/_A8MSC4,voron-trident
motion.f695-bearing-add-two-for-stepper-double-shear,F695 Bearing (add two for stepper double shear),Motion,alternative,AliExpress,Fushi,https://www.aliexpress.com/item/32850989216.html,,https://s.click.aliexpress.com/e/_Aqmkpm,voron-trident
motion.ge5c-spherical-bearing,GE5C Spherical Bearing,Motion,recommended,AliExpress,Aliexpress,https://www.aliexpress.com/item/4000335932856.html,,https://s.click.aliexpress.com/e/_ANOfRq,voron-trident
motion.ge5c-spherical-bearing,GE5C Spherical Bearing,Motion,alternative,igus.com,Igus,https://www.igus.com/search?q=EGLM-05,,,voron-trident
motion.gt2-16t-6mm-wide-pulley-5mm-bore,GT2 16T (6mm wide) Pulley (5mm bore),Motion,recommended,AliExpress,POWGE | POWGE (Aliexpress),https://www.aliexpress.com/item/1744808992.html,,https://s.click.aliexpress.com/e/eA5u8X6Y,voron-2.4 jetpack voron-2.2
motion.gt2-16t-toothed-idler-w-bearing-6mm-wide-3mm-bore-13mmod,GT2 16T Toothed idler w/bearing (6mm wide) (3mm bore) (13mmOD),Motion,alternative,Amazon,Amazon,https://amzn.to/3eiB1CM,yes,,voron-0
motion.gt2-20t-6mm-wide-8mm-bore,GT2 20T (6mm wide) (8mm bore),Motion,alternative,AliExpress,Aliexpress,https://s.click.aliexpress.com/e/_dYtoM9A,yes,,voron-0
motion.gt2-20t-6mm-wide-pulley-5mm-bore,GT2 20T (6mm wide) Pulley (5mm bore),Motion,recommended,AliExpress,POWGE,https://www.aliexpress.com/item/32226562320.html,,https://s.click.aliexpress.com/e/E1Y0mkUu https://s.click.aliexpress.com/e/lZGUQHVq,voron-2.4 voron-m4 mobius-3.1 voron-2.2
motion.gt2-20t-6mm-wide-pulley-5mm-bore,GT2 20T (6mm wide) Pulley (5mm bore),Motion,recommended,AliExpress,POWGE,https://www.aliexpress.com/item/1730027940.html,,https://s.click.aliexpress.com/e/_A1zOk4 https://s.click.aliexpress.com/e/_d6r4LYv,voron-trident voron-1.8
motion.gt2-20t-6mm-wide-pulley-5mm-bore,GT2 20T (6mm wide) Pulley (5mm bore),Motion,recommended,AliExpress,Aliexpress,https://s.click.aliexpress.com/e/_AqN4lx,yes,,voron-0.2 voron-0.1
motion.gt2-20t-6mm-wide-pulley-5mm-bore,GT2 20T (6mm wide) Pulley (5mm bore),Motion,alternative,AliExpress,[Affiliate Link],https://s.click.aliexpress.com/e/E1Y0mkUu,yes,,voron-switchwire voron-m4
motion.gt2-20t-6mm-wide-pulley-5mm-bore,GT2 20T (6mm wide) Pulley (5mm bore),Motion,alternative,AliExpress,Aliexpress,https://s.click.aliexpress.com/e/_dYtoM9A,yes,,voron-0
motion.gt2-20t-6mm-wide-pulley-5mm-bore,GT2 20T (6mm wide) Pulley (5mm bore),Motion,alternative,SDP/SI,SDP-SI (Genuine US Made Gates),https://shop.sdp-si.com/catalog/product?id=A+6R51M094060,,,voron-m4
motion.gt2-20t-6mm-wide-toothed-idler-5mm-bore,GT2 20T (6mm wide) Toothed Idler (5mm bore),Motion,recommended,AliExpress,POWGE,https://www.aliexpress.com/item/32726309946.html,,https://s.click.aliexpress.com/e/_dVn7qSa https://s.click.aliexpress.com/e/_9JbfO4 https://s.click.aliexpress.com/e/_dZ0Ik9R,voron-2.4 voron-trident voron-1.8
motion.gt2-20t-6mm-wide-toothed-idler-5mm-bore,GT2 20T (6mm wide) Toothed Idler (5mm bore),Motion,alternative,E3D,E3D (EU) [Gates],https://e3d-online.com/gates-powergripr-toothed-idler-6mm,,,voron-2.4
motion.gt2-20t-6mm-wide-toothed-idler-5mm-bore,GT2 20T (6mm wide) Toothed Idler (5mm bore),Motion,alternative,Filastruder,Filastruder (US) [Gates],https://www.filastruder.com/products/gates-2gt-idler,,,voron-2.4
motion.gt2-20t-9mm-wide-pulley-5mm-bore,GT2 20T (9mm wide) Pulley (5mm bore),Motion,recommended,AliExpress,POWGE,https://www.aliexpress.com/item/32650675929.html,,https://s.click.aliexpress.com/e/rsE0Y3Io,voron-2.4 voron-2.2
motion.gt2-20t-9mm-wide-toothed-idler-5mm-bore,GT2 20T (9mm wide) Toothed Idler (5mm bore),Motion,recommended,AliExpress,POWGE,https://www.aliexpress.com/item/32750492452.html,,https://s.click.aliexpress.com/e/_d7zEFkK,voron-2.4
motion.gt2-20t-9mm-wide-toothed-idler-5mm-bore,GT2 20T (9mm wide) Toothed Idler (5mm bore),Motion,alternative,E3D,E3D (EU) [Gates],https://e3d-online.com/gates-powergrip-toothed-idler-9mm,,,voron-2.4
motion.gt2-20t-9mm-wide-toothed-idler-5mm-bore,GT2 20T (9mm wide) Toothed Idler (5mm bore),Motion,alternative,Filastruder,Filastruder (US) [Gates],https://www.filastruder.com/products/gates-2gt-idler,,,voron-2.4
motion.gt2-80t-6mm-wide-pulley-5mm-bore,GT2 80T (6mm wide) Pulley (5mm bore),Motion,recommended,AliExpress,POWGE,https://www.aliexpress.com/item/32782605159.html,,https://s.click.aliexpress.com/e/_dTml4KK,voron-2.4
motion.gt2-belt-loop-6mm-wide-110mm,GT2 Belt Loop (6mm wide) - 110mm,Motion,recommended,AliExpress,POWGE,https://www.aliexpress.com/item/4000033992832.html,,https://s.click.aliexpress.com/e/FoFREgKU,voron-2.2
motion.gt2-belt-loop-6mm-wide-110mm,GT2 Belt Loop (6mm wide) - 110mm,Motion,alternative,SDP/SI,SDP-SI (Genuine US Made Gates),https://shop.sdp-si.com/catalog/product?id=A_6R51M055060,,,voron-2.2
motion.gt2-belt-loop-6mm-wide-150mm,GT2 Belt Loop (6mm wide) - 150mm,Motion,recommended,AliExpress,POWGE (Aliexpress),https://www.aliexpress.com/item/1837021682.html,,,jetpack
motion.gt2-belt-loop-6mm-wide-188mm,GT2 Belt Loop (6mm wide) - 188mm,Motion,recommended,AliExpress,POWGE,https://www.aliexpress.com/item/4000034021834.html,,https://s.click.aliexpress.com/e/ripvAfVQ https://s.click.aliexpress.com/e/qvDIPLfK,voron-2.4 voron-m4 mobius-3.1 voron-2.2
motion.gt2-belt-loop-6mm-wide-188mm,GT2 Belt Loop (6mm wide) - 188mm,Motion,alternative,SDP/SI,SDP-SI (Genuine US Made Gates),https://shop.sdp-si.com/catalog/product?id=A+6R51M094060,,,voron-2.4 voron-m4 mobius-3.1 voron-2.2
motion.gt2-belt-loop-6mm-wide-188mm,GT2 Belt Loop (6mm wide) - 188mm,Motion,alternative,AliExpress,[Affiliate Link],https://s.click.aliexpress.com/e/ripvAfVQ,yes,,voron-m4
motion.gt2-open-belt-6mm-2-meters,GT2 Open Belt 6mm (2 meters),Motion,alternative,AliExpress,Aliexpress,https://s.click.aliexpress.com/e/_dZ6ZPZ2,yes,,voron-0
motion.gt2-open-belt-6mm-3-meters,GT2 Open Belt 6mm (3 meters),Motion,recommended,AliExpress,Aliexpress,https://s.click.aliexpress.com/e/_AWdYSR,yes,,voron-0.1
motion.gt2-open-belt-6mm-3-meters,GT2 Open Belt 6mm (3 meters),Motion,alternative,AliExpress,Aliexpress,https://s.click.aliexpress.com/e/_dZ6ZPZ2,yes,,voron-0.1
motion.gt2-open-belt-6mm-3000mm,GT2 Open Belt 6mm (3000mm),Motion,recommended,AliExpress,Aliexpress,https://s.click.aliexpress.com/e/_DBbMKkt,yes,,voron-0.2
motion.gt2-open-belt-6mm-3000mm,GT2 Open Belt 6mm (3000mm),Motion,alternative,AliExpress,Aliexpress,https://s.click.aliexpress.com/e/_dZ6ZPZ2,yes,,voron-0.2
motion.gt2-open-belt-ll-2gt-6-6mm-wide,GT2 Open Belt LL-2GT-6 (6mm wide),Motion,recommended,AliExpress,Trianglelab,https://www.aliexpress.com/item/32853559638.html,,https://s.click.aliexpress.com/e/_AXkck4 https://s.click.aliexpress.com/e/_d7Wxyg9,voron-trident voron-1.8
motion.gt2-open-belt-ll-2gt-6-6mm-wide,GT2 Open Belt LL-2GT-6 (6mm wide),Motion,alternative,AliExpress,POWGE,https://www.aliexpress.com/item/4000939602453.html,,https://s.click.aliexpress.com/e/_9uvTPW,voron-trident voron-1.8
motion.gt2-open-belt-ll-2gt-6-6mm-wide,GT2 Open Belt LL-2GT-6 (6mm wide),Motion,alternative,SDP/SI,SDP-SI (Genuine US Made Gates),https://shop.sdp-si.com/catalog/product?id=A_6R51MC060,,,voron-trident voron-1.8
motion.gt2-open-belt-ll-2gt-6-6mm-wide-1500mm,GT2 Open Belt LL-2GT-6 (6mm wide) - 1500mm,Motion,alternative,AliExpress,[Affiliate Link],https://s.click.aliexpress.com/e/2pncOJKs,yes,,voron-switchwire
motion.gt2-open-belt-ll-2gt-6-6mm-wide-1500mm,GT2 Open Belt LL-2GT-6 (6mm wide) - 1500mm,Motion,alternative,AliExpress,POWGE,https://www.aliexpress.com/item/32987817703.html,,,voron-switchwire
motion.gt2-open-belt-ll-2gt-6-6mm-wide-1500mm,GT2 Open Belt LL-2GT-6 (6mm wide) - 1500mm,Motion,alternative,SDP/SI,SDP-SI (Genuine US Made Gates),https://shop.sdp-si.com/catalog/product?id=A_6R51MC060,,,voron-switchwire
motion.gt2-open-belt-ll-2gt-6-6mm-wide-length-dependant-on-config,GT2 Open Belt LL-2GT-6 (6mm wide) - Length Dependant on Config,Motion,recommended,AliExpress,Trianglelab,https://www.aliexpress.com/item/32853559638.html,,https://s.click.aliexpress.com/e/2pncOJKs,voron-2.4 voron-2.2
motion.gt2-open-belt-ll-2gt-6-6mm-wide-length-dependant-on-config,GT2 Open Belt LL-2GT-6 (6mm wide) - Length Dependant on Config,Motion,alternative,SDP/SI,SDP-SI (Genuine US Made Gates),https://shop.sdp-si.com/catalog/product?id=A_6R51MC060,,,voron-2.4 voron-2.2
motion.gt2-open-belt-ll-2gt-6-6mm-wide-length-dependant-on-config,GT2 Open Belt LL-2GT-6 (6mm wide) - Length Dependant on Config,Motion,alternative,AliExpress,POWGE,https://www.aliexpress.com/item/32987817703.html,,https://s.click.aliexpress.com/e/_9G8ynJ,voron-2.4
motion.gt2-open-belt-ll-2gt-6-6mm-wide-length-dependant-on-config,GT2 Open Belt LL-2GT-6 (6mm wide) - Length Dependant on Config,Motion,alternative,AliExpress,POWGE,https://www.aliexpress.com/item/32991919681.html,,https://s.click.aliexpress.com/e/d6RFuj4y,voron-2.2
motion.gt2-open-belt-ll-2gt-6-9mm-wide-length-dependant-on-config,GT2 Open Belt LL-2GT-6 (9mm wide) - Length Dependant on Config,Motion,alternative,SDP/SI,SDP-SI (Genuine US Made Gates),https://shop.sdp-si.com/catalog/product?id=A_6R51MC090,,,voron-2.2
motion.gt2-open-belt-ll-2gt-9-9mm-wide-length-dependant-on-config,GT2 Open Belt LL-2GT-9 (9mm wide) - Length Dependant on Config,Motion,alternative,SDP/SI,SDP-SI (Genuine US Made Gates),https://shop.sdp-si.com/catalog/product?id=A_6R51MC090,,,voron-2.4
motion.integrated-lead-screw-stepper-motors-300mm-2-4-8mm-pitch,"Integrated Lead Screw/Stepper Motors - 300mm, 2/4/8mm pitch",Motion,recommended,AliExpress,Aliexpress (LinkCNC),https://www.aliexpress.com/item/32749869891.html,,https://s.click.aliexpress.com/e/_A0sKDI https://s.click.aliexpress.com/e/_d6GRFTr,voron-trident voron-1.8
motion.integrated-lead-screw-stepper-motors-300mm-2-4-8mm-pitch,"Integrated Lead Screw/Stepper Motors - 300mm, 2/4/8mm pitch",Motion,alternative,Printed Solid,LDO (PrintedSolid),https://www.printedsolid.com/products/ldo-v1-z-linear-motor-kit-2-pack-ldo-42sth40-1684l300e-tr8x4,,,voron-trident voron-1.8
motion.key-bak-super48-36-13oz,"Key-bak Super48 36"" 13oz",Motion,alternative,Amazon,Affiliate Link,https://amzn.to/3isiyWo,yes,,voron-switchwire
motion.kfl08-pillow-bearing-8mm-id,KFL08 pillow bearing 8mm ID,Motion,alternative,AliExpress,Aliexpress,https://www.aliexpress.com/item/32923177043.html,,,voron-0
motion.linear-bearings-lmuw8,Linear Bearings (LMUW8),Motion,recommended,Misumi,Misumi,https://us.misumi-ec.com/vona2/detail/110300026540?HissuCode=LMUW8&Keyword=LMUW8&PNSearch=LMUW8&searchFlow=suggest2products,,,voron-1.6.2
motion.linear-bearings-lm8luu,Linear Bearings - LM8LUU,Motion,recommended,AliExpress,Aliexpress (CNA),https://www.aliexpress.com/item/32261426948.html,,,voron-1.8
motion.linear-rail-mgn12h-300mm,Linear Rail MGN12H (300mm),Motion,alternative,AliExpress,CNA,https://www.aliexpress.com/item/32829826159.html,,,voron-switchwire
motion.linear-rail-mgn12h-300mm,Linear Rail MGN12H (300mm),Motion,alternative,Zyltech,Zyltech,https://www.zyltech.com/zyltech-mgn12-h-type-linear-rail-with-single-or-double-carriage-block,,,voron-switchwire
motion.linear-rail-mgn12h-see-configurator-for-length,Linear Rail MGN12H ** See Configurator for length **,Motion,recommended,RobotDigg,RobotDigg (Black Stainless Rails),"https://www.robotdigg.com/product/1314/Black-anodized-linear-rail-7,-9,-12-and-15",,,voron-2.4
motion.linear-rail-mgn12h-see-configurator-for-length,Linear Rail MGN12H ** See Configurator for length **,Motion,alternative,AliExpress,CNA,https://www.aliexpress.com/item/2251832643511407.html,,,voron-2.4
motion.linear-rail-mgn12h-see-configurator-for-length,Linear Rail MGN12H ** See Configurator for length **,Motion,alternative,Zyltech,Zyltech,https://www.zyltech.com/zyltech-mgn12-h-type-linear-rail-with-single-or-double-carriage-block,,,voron-2.4
motion.linear-rail-mgn12h-for-x-axis,Linear Rail MGN12H for X Axis,Motion,recommended,AliExpress,CNA,https://www.aliexpress.com/item/32829826159.html,,,voron-trident
motion.linear-rail-mgn12h-for-x-axis,Linear Rail MGN12H for X Axis,Motion,alternative,LDO Motors,LDO,https://docs.ldomotors.com/en/voron/LDO_Voron_Distributors,,,voron-trident
motion.linear-rail-mgn12h-for-x-axis,Linear Rail MGN12H for X Axis,Motion,alternative,RobotDigg,RobotDigg,"https://www.robotdigg.com/product/1314/Black-anodized-linear-rail-7,-9,-12-and-15",,,voron-trident
motion.linear-rail-mgn12h-for-x-axis,Linear Rail MGN12H for X Axis,Motion,alternative,Zyltech,Zyltech,https://www.zyltech.com/zyltech-mgn12-h-type-linear-rail-with-single-or-double-carriage-block,,,voron-trident
motion.linear-rail-mgn9h-see-configurator-for-length,Linear Rail MGN9H ** See Configurator for length **,Motion,alternative/recommended,AliExpress,CNA,https://www.aliexpress.com/item/32773296501.html,,,voron-2.4 voron-1.8 voron-2.2
motion.linear-rail-mgn9h-see-configurator-for-length,Linear Rail MGN9H ** See Configurator for length **,Motion,recommended/alternative,RobotDigg,RobotDigg (Black Stainless Rails),"https://www.robotdigg.com/product/1314/Black-anodized-linear-rail-7,-9,-12-and-15",,,voron-2.4 voron-1.8 voron-2.2
motion.linear-rail-mgn9h-see-configurator-for-length,Linear Rail MGN9H ** See Configurator for length **,Motion,alternative,Zyltech,Zyltech,https://www.zyltech.com/zyltech-mgn9-linear-rail-with-single-or-double-carriage-block,,,voron-2.4 voron-1.8 voron-2.2
motion.linear-rail-mgn9h-for-y-axis,Linear Rail MGN9H for Y Axis,Motion,recommended,AliExpress,CNA,https://www.aliexpress.com/item/32773296501.html,,,voron-trident
motion.linear-rail-mgn9h-for-y-axis,Linear Rail MGN9H for Y Axis,Motion,alternative,Zyltech,Zyltech,https://www.zyltech.com/zyltech-mgn9-linear-rail-with-single-or-double-carriage-block,,,voron-trident
motion.linear-rods-psfj8-320,Linear Rods (PSFJ8-320),Motion,recommended,Misumi,Misumi,https://us.misumi-ec.com/vona2/detail/110302634310?HissuCode=PSFJ8-320&KWSearch=PSFJ8-320&PNSearch=PSFJ8-320&searchFlow=results2type,,,voron-1.6.2
motion.linear-rods-8mm-320mm-long-for-230mm-z,"Linear Rods - 8mm, 320mm Long (for 230mm Z)",Motion,recommended,AliExpress,Aliexpress (CNA),https://www.aliexpress.com/item/32676553191.html,,,voron-1.8
motion.mgn7h-linear-rail-with-carriage-150mm,MGN7H Linear Rail with Carriage (150mm),Motion,recommended/budget,AliExpress,CNA Mechanical,https://www.aliexpress.com/item/32880801484.html,,,voron-0.2 voron-0 voron-0.1
motion.mgn7h-linear-rail-with-carriage-150mm,MGN7H Linear Rail with Carriage (150mm),Motion,alternative,AliExpress,LinkCNC,https://www.aliexpress.com/item/33059623349.html,,,voron-0.2 voron-0 voron-0.1
motion.mr115-2rs-bearing,MR115-2RS Bearing,Motion,recommended,AliExpress,Fushi (Aliexpress),https://www.aliexpress.com/item/32955249477.html,,,jetpack
motion.mr115-2rs-bearing,MR115-2RS Bearing,Motion,alternative,AliExpress,Rain&Dew (Aliexpress),https://www.aliexpress.com/item/32959906508.html,,,jetpack
motion.mr128-2rs-bearing,MR128-2RS Bearing,Motion,recommended,AliExpress,Fushi (Aliexpress),https://www.aliexpress.com/item/32955193981.html,,,jetpack
motion.mr128-2rs-bearing,MR128-2RS Bearing,Motion,alternative,AliExpress,Rain&Dew (Aliexpress),https://www.aliexpress.com/item/32947017294.html,,,jetpack
motion.t8-flange-nut-8mm-lead-anti-backlash-prefered-see-note-section,T8 flange Nut 8mm Lead --anti-backlash prefered-- (SEE NOTE SECTION),Motion,recommended/alternative,AliExpress,Aliexpress,https://s.click.aliexpress.com/e/_d7v3OiO,yes,,voron-0.2 voron-0 voron-0.1
motion.t8-flange-nut-8mm-lead-anti-backlash-prefered-see-note-section,T8 flange Nut 8mm Lead --anti-backlash prefered-- (SEE NOTE SECTION),Motion,alternative/non_affiliate,Amazon,Amazon,https://www.amazon.com/dp/B088FPNVVF,,,voron-0.2 voron-0 voron-0.1
motion.t8-flange-nut-8mm-lead-anti-backlash-prefered-see-note-section,T8 flange Nut 8mm Lead --anti-backlash prefered-- (SEE NOTE SECTION),Motion,budget,AliExpress,Aliexpress,https://s.click.aliexpress.com/e/_dSL2ALg,yes,,voron-0
panels.deck-front-deck-back-mid-panel-3mm-thick,"(Deck front,Deck back, Mid panel) 3mm thick",Panels,recommended,mnlasercutting.com,MN Laser Cutting,https://mnlasercutting.com/,,,voron-0
panels.deck-panel-mid-panel-motor-panel-rear-panel-3mm-thick-drawings-and-dxf-on-github,"(Deck Panel, Mid panel, Motor Panel, Rear Panel) 3mm thick (drawings and dxf on github)",Panels,recommended,mnlasercutting.com,MN Laser Cutting,https://mnlasercutting.com/,,,voron-0.2 voron-0.1
panels.bottom-back-electronics-bay-panels,Bottom/Back/Electronics Bay Panels,Panels,recommended,michaels.com,Michaels Craft Store (Coroplast),https://www.michaels.com/corrugated-board-by-creatology/M10567770.html,,,voron-2.4 voron-1.8 voron-1.6.2 voron-2.2
panels.bottom-back-electronics-bay-panels,Bottom/Back/Electronics Bay Panels,Panels,alternative,mnlasercutting.com,MN Laser Cutting,https://mnlasercutting.com/,,,voron-2.4 voron-1.8 voron-1.6.2 voron-2.2
panels.deck-bottom-and-back-panels,"Deck, Bottom and Back Panels",Panels,recommended,michaels.com,Michaels Craft Store (Coroplast),https://www.michaels.com/corrugated-board-by-creatology/M10567770.html,,,voron-trident
panels.deck-bottom-and-back-panels,"Deck, Bottom and Back Panels",Panels,alternative,Printed Solid,Printed Solid,https://www.printedsolid.com/products/voron-trident-panel-set-made-from-aluminum-composite-material-acrylic-sold-separate,,,voron-trident
panels.deck-bottom-and-back-panels,"Deck, Bottom and Back Panels",Panels,alternative,mnlasercutting.com,MN Laser Cutting,https://www.mnlasercutting.com/,,,voron-trident
panels.front-door-212mm-x-239mm-x-2-5mm-pc-or-acrylic,Front Door 212mm x 239mm x 2.5mm (PC or Acrylic),Panels,recommended,tapplastics.com,TAP Plastic,https://www.tapplastics.com/product/plastics/cut_to_size_plastic/polycarbonate_sheets/516,,,voron-0 voron-0.1
panels.front-door-212mm-x-239mm-x-3mm-pc-or-acrylic,Front Door 212mm x 239mm x 3mm (PC or Acrylic),Panels,recommended,tapplastics.com,TAP Plastic,https://www.tapplastics.com/product/plastics/cut_to_size_plastic/polycarbonate_sheets/516,,,voron-0.2
panels.opaque-enclosure-panels,Opaque Enclosure Panels,Panels,alternative,mnlasercutting.com,MN Laser Cutting,https://mnlasercutting.com/,,,voron-switchwire
panels.rear-panel-212mm-x-248mm-whatever-material-you-want,Rear Panel 212mm x 248mm (whatever material you want),Panels,recommended,tapplastics.com,TAP Plastic,https://www.tapplastics.com/product/plastics/cut_to_size_plastic/polycarbonate_sheets/516,,,voron-0.2 voron-0.1
panels.rear-panel-212mm-x-248mm-x-2-5mm-whatever-material-you-want,Rear Panel 212mm x 248mm x 2.5mm (whatever material you want),Panels,recommended,tapplastics.com,TAP Plastic,https://www.tapplastics.com/product/plastics/cut_to_size_plastic/polycarbonate_sheets/516,,,voron-0
panels.side-panel-212mm-x-230mm-x-2-5mm-pc-or-acrylic,Side Panel 212mm x 230mm x 2.5mm (PC or Acrylic),Panels,recommended,tapplastics.com,TAP Plastic,https://www.tapplastics.com/product/plastics/cut_to_size_plastic/polycarbonate_sheets/516,,,voron-0 voron-0.1
panels.side-panel-212mm-x-230mm-x-3mm-pc-or-acrylic,Side Panel 212mm x 230mm x 3mm (PC or Acrylic),Panels,recommended,tapplastics.com,TAP Plastic,https://www.tapplastics.com/product/plastics/cut_to_size_plastic/polycarbonate_sheets/516,,,voron-0.2
panels.side-front-top-acrylic-panels,Side/Front/Top Acrylic Panels,Panels,recommended,tapplastics.com,TAP Plastics (Acrylic),https://www.tapplastics.com/product/plastics/cut_to_size_plastic/acrylic_sheets_clear/508,,,voron-2.4
panels.side-front-top-polycarbonate-panels,Side/Front/Top Polycarbonate Panels,Panels,recommended,tapplastics.com,TAP Plastics (Polycarbonate),https://www.tapplastics.com/product/plastics/cut_to_size_plastic/polycarbonate_sheets/516,,,voron-trident voron-1.8 voron-2.2
panels.side-front-top-polycarbonate-panels,Side/Front/Top Polycarbonate Panels,Panels,alternative,Printed Solid,Printed Solid,https://www.printedsolid.com/products/voron-trident-acrylic-panel-set,,,voron-trident
panels.tophat-panels,TopHat Panels,Panels,recommended,mnlasercutting.com,MN Laser Cutting,https://mnlasercutting.com/shop/p/voron-0-laser-cut-tophat-panels,,,voron-0.2 voron-0.1
panels.tophat-panels,TopHat Panels,Panels,recommended,mnlasercutting.com,MN Laser Cutting,https://mnlasercutting.com/,,,voron-0
printed-parts.printed-parts,Printed Parts,Printed Parts,alternative/recommended,Print It Forward,Print It Forward,https://pif.voron.dev/,,,voron-2.4 voron-trident voron-0.2 voron-switchwire voron-m4 voron-0.1 voron-1.8 voron-1.6.2 voron-2.2
tools.6in-digital-calipers,6in Digital Calipers,Tools,recommended,Amazon,Amazon,https://smile.amazon.com/Tacklife-DC01-Fractions-Millimeter-Conversion/dp/B072KGHRML,,https://amzn.to/2nbJUc5,tools
tools.6in-digital-calipers,6in Digital Calipers,Tools,alternative,AliExpress,Aliexpress,https://www.aliexpress.com/item/32690065180.html,,,tools
tools.6in-digital-calipers,6in Digital Calipers,Tools,alternative,harborfreight.com,Harbor Freight,https://www.harborfreight.com/6-in-digital-caliper-with-sae-and-metric-fractional-readings-63731.html,,,tools
tools.auto-adjusting-wire-strippers,Auto Adjusting - Wire Strippers,Tools,recommended,Amazon,Amazon,https://smile.amazon.com/gp/product/B01018CYV8,,https://amzn.to/2nbHqdL,tools
tools.auto-adjusting-wire-strippers,Auto Adjusting - Wire Strippers,Tools,alternative,Amazon,Knipex,https://www.amazon.com/dp/B000R895YM,,https://amzn.to/2P4948j,tools
tools.center-punch,Center Punch,Tools,recommended,Amazon,Amazon,https://www.amazon.com/dp/B0006J4K88,,,tools
tools.center-punch,Center Punch,Tools,alternative,AliExpress,Aliexpress,https://www.aliexpress.com/item/32948296338.html,,,tools
tools.deburring-tool,Deburring Tool,Tools,recommended,Amazon,Amazon,https://www.amazon.com/dp/B07JGVDRQC,,,tools
tools.deburring-tool,Deburring Tool,Tools,alternative,AliExpress,Aliexpress,https://www.aliexpress.com/item/33032626707.html,,,tools
tools.engineer-pa-09-crimping-tool,Engineer PA-09 Crimping Tool,Tools,recommended,Amazon,Amazon,https://www.amazon.com/dp/B002AVVO7K,,https://amzn.to/2TmuxfS,tools
tools.ferrule-crimping-tool,Ferrule Crimping Tool,Tools,recommended,Amazon,Amazon,https://smile.amazon.com/dp/B06XCZC89W,,https://amzn.to/30dTCcN,tools
tools.flush-wire-cutters,Flush Wire Cutters,Tools,recommended,Amazon,Amazon,https://www.amazon.com/dp/B00FZPDG1K,,,tools
tools.hex-ball-driver-kit,Hex Ball Driver Kit,Tools,recommended,Amazon,Amazon,https://www.amazon.com/dp/B0006O4ADI,,https://amzn.to/2C4l1n9,tools
tools.hex-ball-driver-kit,Hex Ball Driver Kit,Tools,alternative,Amazon,Amazon,https://www.amazon.com/dp/B000NZ5QE2,,https://amzn.to/2W0dYo0,tools
tools.loctite-641-or-609-shaft-retaining-compound-medium-strength-good-to-300f,"Loctite 641 or 609 - Shaft Retaining Compound - Medium Strength, Good to 300F",Tools,recommended,Grainger,Grainger,https://www.grainger.com/product/LOCTITE-Retaining-Compound-19TT75,,,tools
tools.loctite-641-or-609-shaft-retaining-compound-medium-strength-good-to-300f,"Loctite 641 or 609 - Shaft Retaining Compound - Medium Strength, Good to 300F",Tools,alternative,Zoro,Zoro,https://www.zoro.com/loctite-liquid-034-oz-retaining-compound-0006-233546/i/G6219927,,,tools
tools.m5-tap,M5 Tap,Tools,alternative,AliExpress,Aliexpress,https://www.aliexpress.com/item/1000003765116.html,,,tools
tools.m6-tap,M6 Tap,Tools,alternative,AliExpress,Aliexpress,https://www.aliexpress.com/item/1000003765116.html,,,tools
tools.microfit-depinning-tool,Microfit Depinning Tool,Tools,recommended,Digi-Key,Digikey,https://www.digikey.com/catalog/en/partgroup/micro-fit-3-0-series/22521,,,tools
tools.ratcheting-wire-terminal-crimper,Ratcheting Wire Terminal Crimper,Tools,recommended,Amazon,Amazon,https://smile.amazon.com/gp/product/B0069TRKJ0,,https://amzn.to/2n2ZF4K,tools
tools.small-screwdriver-kit-xiaomi-wiha-set,Small Screwdriver Kit - Xiaomi Wiha set,Tools,recommended,Amazon,Amazon,https://www.amazon.com/dp/B07KF96XQW,,https://amzn.to/2J4C3oA,tools
tools.tap-handle-for-tap,Tap Handle - For Tap,Tools,alternative,AliExpress,Aliexpress,https://www.aliexpress.com/item/32906558793.html,,,tools
vibration-management.astrosyn-dampener,Astrosyn Dampener,Vibration Management,recommended,AliExpress,linkcnc,https://www.aliexpress.com/item/32797672879.html,,https://s.click.aliexpress.com/e/my9o2pqC https://s.click.aliexpress.com/e/BX3F4Ok0,mobius-3.1 voron-2.2
vibration-management.rubber-compressor-foot,Rubber Compressor Foot,Vibration Management,recommended/alternative,Amazon,Amazon,https://www.amazon.com/dp/B0711Y6T56,,https://amzn.to/2TqJkWS,voron-2.4 voron-switchwire voron-1.8 voron-2.2
vibration-management.rubber-compressor-foot,Rubber Compressor Foot,Vibration Management,alternative,AliExpress,AliExpress,https://www.aliexpress.com/item/32990144547.html,,https://s.click.aliexpress.com/e/_d78yoQO https://s.click.aliexpress.com/e/r12bNBPE,voron-2.4 voron-1.8 voron-2.2
vibration-management.rubber-compressor-foot,Rubber Compressor Foot,Vibration Management,alternative,AliExpress,AliExpress,https://www.aliexpress.com/item/32996184575.html,,,voron-2.4 voron-switchwire voron-1.8
vibration-management.rubber-foot,Rubber Foot,Vibration Management,recommended,Amazon,Amazon,https://www.amazon.com/dp/B00JJ191Z6,,,voron-trident
vibration-management.rubber-foot,Rubber Foot,Vibration Management,alternative,AliExpress,AliExpress,https://a.aliexpress.com/_mseXbAP,,,voron-trident
vibration-management.rubber-foot,Rubber Foot,Vibration Management,alternative,AliExpress,AliExpress,https://www.aliexpress.com/item/32996184575.html,,,voron-trident
